Date,RIC,0
2014-12-31,Price Close,19.2
2015-01-02,Price Close,17.79
2015-01-05,Price Close,19.92
2015-01-06,Price Close,21.12
2015-01-07,Price Close,19.31
2015-01-08,Price Close,17.01
2015-01-09,Price Close,17.55
2015-01-12,Price Close,19.6
2015-01-13,Price Close,20.56
2015-01-14,Price Close,21.48
2015-01-15,Price Close,22.39
2015-01-16,Price Close,20.95
2015-01-20,Price Close,19.89
2015-01-21,Price Close,18.85
2015-01-22,Price Close,16.4
2015-01-23,Price Close,16.66
2015-01-26,Price Close,15.52
2015-01-27,Price Close,17.22
2015-01-28,Price Close,20.44
2015-01-29,Price Close,18.76
2015-01-30,Price Close,20.97
2015-02-02,Price Close,19.43
2015-02-03,Price Close,17.33
2015-02-04,Price Close,18.33
2015-02-05,Price Close,16.85
2015-02-06,Price Close,17.29
2015-02-09,Price Close,18.55
2015-02-10,Price Close,17.23
2015-02-11,Price Close,16.96
2015-02-12,Price Close,15.34
2015-02-13,Price Close,14.69
2015-02-17,Price Close,15.8
2015-02-18,Price Close,15.45
2015-02-19,Price Close,15.29
2015-02-20,Price Close,14.3
2015-02-23,Price Close,14.56
2015-02-24,Price Close,13.69
2015-02-25,Price Close,13.84
2015-02-26,Price Close,13.91
2015-02-27,Price Close,13.34
2015-03-02,Price Close,13.04
2015-03-03,Price Close,13.86
2015-03-04,Price Close,14.23
2015-03-05,Price Close,14.04
2015-03-06,Price Close,15.2
2015-03-09,Price Close,15.06
2015-03-10,Price Close,16.69
2015-03-11,Price Close,16.87
2015-03-12,Price Close,15.42
2015-03-13,Price Close,16.0
2015-03-16,Price Close,15.61
2015-03-17,Price Close,15.66
2015-03-18,Price Close,13.97
2015-03-19,Price Close,14.07
2015-03-20,Price Close,13.02
2015-03-23,Price Close,13.41
2015-03-24,Price Close,13.62
2015-03-25,Price Close,15.44
2015-03-26,Price Close,15.8
2015-03-27,Price Close,15.07
2015-03-30,Price Close,14.51
2015-03-31,Price Close,15.29
2015-04-01,Price Close,15.11
2015-04-02,Price Close,14.67
2015-04-06,Price Close,14.74
2015-04-07,Price Close,14.78
2015-04-08,Price Close,13.98
2015-04-09,Price Close,13.09
2015-04-10,Price Close,12.58
2015-04-13,Price Close,13.94
2015-04-14,Price Close,13.67
2015-04-15,Price Close,12.84
2015-04-16,Price Close,12.6
2015-04-17,Price Close,13.89
2015-04-20,Price Close,13.3
2015-04-21,Price Close,13.25
2015-04-22,Price Close,12.71
2015-04-23,Price Close,12.48
2015-04-24,Price Close,12.29
2015-04-27,Price Close,13.12
2015-04-28,Price Close,12.41
2015-04-29,Price Close,13.39
2015-04-30,Price Close,14.55
2015-05-01,Price Close,12.7
2015-05-04,Price Close,12.85
2015-05-05,Price Close,14.31
2015-05-06,Price Close,15.15
2015-05-07,Price Close,15.13
2015-05-08,Price Close,12.86
2015-05-11,Price Close,13.85
2015-05-12,Price Close,13.86
2015-05-13,Price Close,13.76
2015-05-14,Price Close,12.74
2015-05-15,Price Close,12.38
2015-05-18,Price Close,12.73
2015-05-19,Price Close,12.85
2015-05-20,Price Close,12.88
2015-05-21,Price Close,12.11
2015-05-22,Price Close,12.13
2015-05-26,Price Close,14.06
2015-05-27,Price Close,13.27
2015-05-28,Price Close,13.31
2015-05-29,Price Close,13.84
2015-06-01,Price Close,13.97
2015-06-02,Price Close,14.24
2015-06-03,Price Close,13.66
2015-06-04,Price Close,14.71
2015-06-05,Price Close,14.21
2015-06-08,Price Close,15.29
2015-06-09,Price Close,14.47
2015-06-10,Price Close,13.22
2015-06-11,Price Close,12.85
2015-06-12,Price Close,13.78
2015-06-15,Price Close,15.39
2015-06-16,Price Close,14.81
2015-06-17,Price Close,14.5
2015-06-18,Price Close,13.19
2015-06-19,Price Close,13.96
2015-06-22,Price Close,12.74
2015-06-23,Price Close,12.11
2015-06-24,Price Close,13.26
2015-06-25,Price Close,14.01
2015-06-26,Price Close,14.02
2015-06-29,Price Close,18.85
2015-06-30,Price Close,18.23
2015-07-01,Price Close,16.09
2015-07-02,Price Close,16.79
2015-07-06,Price Close,17.01
2015-07-07,Price Close,16.09
2015-07-08,Price Close,19.66
2015-07-09,Price Close,19.97
2015-07-10,Price Close,16.83
2015-07-13,Price Close,13.9
2015-07-14,Price Close,13.37
2015-07-15,Price Close,13.23
2015-07-16,Price Close,12.11
2015-07-17,Price Close,11.95
2015-07-20,Price Close,12.25
2015-07-21,Price Close,12.22
2015-07-22,Price Close,12.12
2015-07-23,Price Close,12.64
2015-07-24,Price Close,13.74
2015-07-27,Price Close,15.6
2015-07-28,Price Close,13.44
2015-07-29,Price Close,12.5
2015-07-30,Price Close,12.13
2015-07-31,Price Close,12.12
2015-08-03,Price Close,12.56
2015-08-04,Price Close,13.0
2015-08-05,Price Close,12.51
2015-08-06,Price Close,13.77
2015-08-07,Price Close,13.39
2015-08-10,Price Close,12.23
2015-08-11,Price Close,13.71
2015-08-12,Price Close,13.61
2015-08-13,Price Close,13.49
2015-08-14,Price Close,12.83
2015-08-17,Price Close,13.02
2015-08-18,Price Close,13.79
2015-08-19,Price Close,15.25
2015-08-20,Price Close,19.14
2015-08-21,Price Close,28.03
2015-08-24,Price Close,40.74
2015-08-25,Price Close,36.02
2015-08-26,Price Close,30.32
2015-08-27,Price Close,26.1
2015-08-28,Price Close,26.05
2015-08-31,Price Close,28.43
2015-09-01,Price Close,31.4
2015-09-02,Price Close,26.09
2015-09-03,Price Close,25.61
2015-09-04,Price Close,27.8
2015-09-08,Price Close,24.9
2015-09-09,Price Close,26.23
2015-09-10,Price Close,24.37
2015-09-11,Price Close,23.2
2015-09-14,Price Close,24.25
2015-09-15,Price Close,22.54
2015-09-16,Price Close,21.35
2015-09-17,Price Close,21.14
2015-09-18,Price Close,22.28
2015-09-21,Price Close,20.14
2015-09-22,Price Close,22.44
2015-09-23,Price Close,22.13
2015-09-24,Price Close,23.47
2015-09-25,Price Close,23.62
2015-09-28,Price Close,27.63
2015-09-29,Price Close,26.83
2015-09-30,Price Close,24.5
2015-10-01,Price Close,22.55
2015-10-02,Price Close,20.94
2015-10-05,Price Close,19.54
2015-10-06,Price Close,19.4
2015-10-07,Price Close,18.4
2015-10-08,Price Close,17.42
2015-10-09,Price Close,17.08
2015-10-12,Price Close,16.17
2015-10-13,Price Close,17.67
2015-10-14,Price Close,18.03
2015-10-15,Price Close,16.05
2015-10-16,Price Close,15.05
2015-10-19,Price Close,14.98
2015-10-20,Price Close,15.75
2015-10-21,Price Close,16.7
2015-10-22,Price Close,14.45
2015-10-23,Price Close,14.46
2015-10-26,Price Close,15.29
2015-10-27,Price Close,15.43
2015-10-28,Price Close,14.33
2015-10-29,Price Close,14.61
2015-10-30,Price Close,15.07
2015-11-02,Price Close,14.15
2015-11-03,Price Close,14.54
2015-11-04,Price Close,15.51
2015-11-05,Price Close,15.05
2015-11-06,Price Close,14.33
2015-11-09,Price Close,16.52
2015-11-10,Price Close,15.29
2015-11-11,Price Close,16.06
2015-11-12,Price Close,18.37
2015-11-13,Price Close,20.08
2015-11-16,Price Close,18.16
2015-11-17,Price Close,18.84
2015-11-18,Price Close,16.85
2015-11-19,Price Close,16.99
2015-11-20,Price Close,15.47
2015-11-23,Price Close,15.62
2015-11-24,Price Close,15.93
2015-11-25,Price Close,15.19
2015-11-27,Price Close,15.12
2015-11-30,Price Close,16.13
2015-12-01,Price Close,14.67
2015-12-02,Price Close,15.91
2015-12-03,Price Close,18.11
2015-12-04,Price Close,14.81
2015-12-07,Price Close,15.84
2015-12-08,Price Close,17.6
2015-12-09,Price Close,19.61
2015-12-10,Price Close,19.34
2015-12-11,Price Close,24.39
2015-12-14,Price Close,22.73
2015-12-15,Price Close,20.95
2015-12-16,Price Close,17.86
2015-12-17,Price Close,18.94
2015-12-18,Price Close,20.7
2015-12-21,Price Close,18.7
2015-12-22,Price Close,16.6
2015-12-23,Price Close,15.57
2015-12-24,Price Close,15.74
2015-12-28,Price Close,16.91
2015-12-29,Price Close,16.08
2015-12-30,Price Close,17.29
2015-12-31,Price Close,18.21
2016-01-04,Price Close,20.7
2016-01-05,Price Close,19.34
2016-01-06,Price Close,20.59
2016-01-07,Price Close,24.99
2016-01-08,Price Close,27.01
2016-01-11,Price Close,24.3
2016-01-12,Price Close,22.47
2016-01-13,Price Close,25.22
2016-01-14,Price Close,23.95
2016-01-15,Price Close,27.02
2016-01-19,Price Close,26.05
2016-01-20,Price Close,27.59
2016-01-21,Price Close,26.69
2016-01-22,Price Close,22.34
2016-01-25,Price Close,24.15
2016-01-26,Price Close,22.5
2016-01-27,Price Close,23.11
2016-01-28,Price Close,22.42
2016-01-29,Price Close,20.2
2016-02-01,Price Close,19.98
2016-02-02,Price Close,21.98
2016-02-03,Price Close,21.65
2016-02-04,Price Close,21.84
2016-02-05,Price Close,23.38
2016-02-08,Price Close,26.0
2016-02-09,Price Close,26.54
2016-02-10,Price Close,26.29
2016-02-11,Price Close,28.14
2016-02-12,Price Close,25.4
2016-02-16,Price Close,24.11
2016-02-17,Price Close,22.31
2016-02-18,Price Close,21.64
2016-02-19,Price Close,20.53
2016-02-22,Price Close,19.38
2016-02-23,Price Close,20.98
2016-02-24,Price Close,20.72
2016-02-25,Price Close,19.11
2016-02-26,Price Close,19.81
2016-02-29,Price Close,20.55
2016-03-01,Price Close,17.7
2016-03-02,Price Close,17.09
2016-03-03,Price Close,16.7
2016-03-04,Price Close,16.86
2016-03-07,Price Close,17.35
2016-03-08,Price Close,18.67
2016-03-09,Price Close,18.34
2016-03-10,Price Close,18.05
2016-03-11,Price Close,16.5
2016-03-14,Price Close,16.92
2016-03-15,Price Close,16.84
2016-03-16,Price Close,14.99
2016-03-17,Price Close,14.44
2016-03-18,Price Close,14.02
2016-03-21,Price Close,13.79
2016-03-22,Price Close,14.17
2016-03-23,Price Close,14.94
2016-03-24,Price Close,14.74
2016-03-28,Price Close,15.24
2016-03-29,Price Close,13.82
2016-03-30,Price Close,13.56
2016-03-31,Price Close,13.95
2016-04-01,Price Close,13.1
2016-04-04,Price Close,14.12
2016-04-05,Price Close,15.42
2016-04-06,Price Close,14.09
2016-04-07,Price Close,16.16
2016-04-08,Price Close,15.36
2016-04-11,Price Close,16.26
2016-04-12,Price Close,14.85
2016-04-13,Price Close,13.84
2016-04-14,Price Close,13.72
2016-04-15,Price Close,13.62
2016-04-18,Price Close,13.35
2016-04-19,Price Close,13.24
2016-04-20,Price Close,13.28
2016-04-21,Price Close,13.95
2016-04-22,Price Close,13.22
2016-04-25,Price Close,14.08
2016-04-26,Price Close,13.96
2016-04-27,Price Close,13.77
2016-04-28,Price Close,15.22
2016-04-29,Price Close,15.7
2016-05-02,Price Close,14.68
2016-05-03,Price Close,15.6
2016-05-04,Price Close,16.05
2016-05-05,Price Close,15.91
2016-05-06,Price Close,14.72
2016-05-09,Price Close,14.57
2016-05-10,Price Close,13.63
2016-05-11,Price Close,14.69
2016-05-12,Price Close,14.41
2016-05-13,Price Close,15.04
2016-05-16,Price Close,14.68
2016-05-17,Price Close,15.57
2016-05-18,Price Close,15.95
2016-05-19,Price Close,16.33
2016-05-20,Price Close,15.2
2016-05-23,Price Close,15.82
2016-05-24,Price Close,14.42
2016-05-25,Price Close,13.9
2016-05-26,Price Close,13.43
2016-05-27,Price Close,13.12
2016-05-31,Price Close,14.19
2016-06-01,Price Close,14.2
2016-06-02,Price Close,13.63
2016-06-03,Price Close,13.47
2016-06-06,Price Close,13.65
2016-06-07,Price Close,14.05
2016-06-08,Price Close,14.08
2016-06-09,Price Close,14.64
2016-06-10,Price Close,17.03
2016-06-13,Price Close,20.97
2016-06-14,Price Close,20.5
2016-06-15,Price Close,20.14
2016-06-16,Price Close,19.37
2016-06-17,Price Close,19.41
2016-06-20,Price Close,18.37
2016-06-21,Price Close,18.48
2016-06-22,Price Close,21.17
2016-06-23,Price Close,17.25
2016-06-24,Price Close,25.76
2016-06-27,Price Close,23.85
2016-06-28,Price Close,18.75
2016-06-29,Price Close,16.64
2016-06-30,Price Close,15.63
2016-07-01,Price Close,14.77
2016-07-05,Price Close,15.58
2016-07-06,Price Close,14.96
2016-07-07,Price Close,14.76
2016-07-08,Price Close,13.2
2016-07-11,Price Close,13.54
2016-07-12,Price Close,13.55
2016-07-13,Price Close,13.04
2016-07-14,Price Close,12.82
2016-07-15,Price Close,12.67
2016-07-18,Price Close,12.44
2016-07-19,Price Close,11.97
2016-07-20,Price Close,11.77
2016-07-21,Price Close,12.74
2016-07-22,Price Close,12.02
2016-07-25,Price Close,12.87
2016-07-26,Price Close,13.05
2016-07-27,Price Close,12.83
2016-07-28,Price Close,12.72
2016-07-29,Price Close,11.87
2016-08-01,Price Close,12.44
2016-08-02,Price Close,13.37
2016-08-03,Price Close,12.86
2016-08-04,Price Close,12.42
2016-08-05,Price Close,11.39
2016-08-08,Price Close,11.5
2016-08-09,Price Close,11.66
2016-08-10,Price Close,12.05
2016-08-11,Price Close,11.68
2016-08-12,Price Close,11.55
2016-08-15,Price Close,11.81
2016-08-16,Price Close,12.64
2016-08-17,Price Close,12.19
2016-08-18,Price Close,11.43
2016-08-19,Price Close,11.34
2016-08-22,Price Close,12.27
2016-08-23,Price Close,12.38
2016-08-24,Price Close,13.45
2016-08-25,Price Close,13.63
2016-08-26,Price Close,13.65
2016-08-29,Price Close,12.94
2016-08-30,Price Close,13.12
2016-08-31,Price Close,13.42
2016-09-01,Price Close,13.48
2016-09-02,Price Close,11.98
2016-09-06,Price Close,12.02
2016-09-07,Price Close,11.94
2016-09-08,Price Close,12.51
2016-09-09,Price Close,17.5
2016-09-12,Price Close,15.16
2016-09-13,Price Close,17.85
2016-09-14,Price Close,18.14
2016-09-15,Price Close,16.3
2016-09-16,Price Close,15.37
2016-09-19,Price Close,15.53
2016-09-20,Price Close,15.92
2016-09-21,Price Close,13.3
2016-09-22,Price Close,12.02
2016-09-23,Price Close,12.29
2016-09-26,Price Close,14.5
2016-09-27,Price Close,13.1
2016-09-28,Price Close,12.39
2016-09-29,Price Close,14.02
2016-09-30,Price Close,13.29
2016-10-03,Price Close,13.57
2016-10-04,Price Close,13.63
2016-10-05,Price Close,12.99
2016-10-06,Price Close,12.84
2016-10-07,Price Close,13.48
2016-10-10,Price Close,13.38
2016-10-11,Price Close,15.36
2016-10-12,Price Close,15.91
2016-10-13,Price Close,16.69
2016-10-14,Price Close,16.12
2016-10-17,Price Close,16.21
2016-10-18,Price Close,15.28
2016-10-19,Price Close,14.41
2016-10-20,Price Close,13.75
2016-10-21,Price Close,13.34
2016-10-24,Price Close,13.02
2016-10-25,Price Close,13.46
2016-10-26,Price Close,14.24
2016-10-27,Price Close,15.36
2016-10-28,Price Close,16.19
2016-10-31,Price Close,17.06
2016-11-01,Price Close,18.56
2016-11-02,Price Close,19.32
2016-11-03,Price Close,22.08
2016-11-04,Price Close,22.51
2016-11-07,Price Close,18.71
2016-11-08,Price Close,18.74
2016-11-09,Price Close,14.38
2016-11-10,Price Close,14.74
2016-11-11,Price Close,14.17
2016-11-14,Price Close,14.48
2016-11-15,Price Close,13.37
2016-11-16,Price Close,13.72
2016-11-17,Price Close,13.35
2016-11-18,Price Close,12.85
2016-11-21,Price Close,12.42
2016-11-22,Price Close,12.41
2016-11-23,Price Close,12.43
2016-11-25,Price Close,12.34
2016-11-28,Price Close,13.15
2016-11-29,Price Close,12.9
2016-11-30,Price Close,13.33
2016-12-01,Price Close,14.07
2016-12-02,Price Close,14.12
2016-12-05,Price Close,12.14
2016-12-06,Price Close,11.79
2016-12-07,Price Close,12.22
2016-12-08,Price Close,12.64
2016-12-09,Price Close,11.75
2016-12-12,Price Close,12.64
2016-12-13,Price Close,12.72
2016-12-14,Price Close,13.19
2016-12-15,Price Close,12.79
2016-12-16,Price Close,12.2
2016-12-19,Price Close,11.71
2016-12-20,Price Close,11.45
2016-12-21,Price Close,11.27
2016-12-22,Price Close,11.43
2016-12-23,Price Close,11.44
2016-12-27,Price Close,11.99
2016-12-28,Price Close,12.95
2016-12-29,Price Close,13.37
2016-12-30,Price Close,14.04
2017-01-03,Price Close,12.85
2017-01-04,Price Close,11.85
2017-01-05,Price Close,11.67
2017-01-06,Price Close,11.32
2017-01-09,Price Close,11.56
2017-01-10,Price Close,11.49
2017-01-11,Price Close,11.26
2017-01-12,Price Close,11.54
2017-01-13,Price Close,11.23
2017-01-17,Price Close,11.87
2017-01-18,Price Close,12.48
2017-01-19,Price Close,12.78
2017-01-20,Price Close,11.54
2017-01-23,Price Close,11.77
2017-01-24,Price Close,11.07
2017-01-25,Price Close,10.81
2017-01-26,Price Close,10.63
2017-01-27,Price Close,10.58
2017-01-30,Price Close,11.88
2017-01-31,Price Close,11.99
2017-02-01,Price Close,11.81
2017-02-02,Price Close,11.93
2017-02-03,Price Close,10.97
2017-02-06,Price Close,11.37
2017-02-07,Price Close,11.29
2017-02-08,Price Close,11.45
2017-02-09,Price Close,10.88
2017-02-10,Price Close,10.85
2017-02-13,Price Close,11.07
2017-02-14,Price Close,10.74
2017-02-15,Price Close,11.97
2017-02-16,Price Close,11.76
2017-02-17,Price Close,11.49
2017-02-21,Price Close,11.57
2017-02-22,Price Close,11.74
2017-02-23,Price Close,11.71
2017-02-24,Price Close,11.47
2017-02-27,Price Close,12.09
2017-02-28,Price Close,12.92
2017-03-01,Price Close,12.54
2017-03-02,Price Close,11.81
2017-03-03,Price Close,10.96
2017-03-06,Price Close,11.24
2017-03-07,Price Close,11.45
2017-03-08,Price Close,11.86
2017-03-09,Price Close,12.3
2017-03-10,Price Close,11.66
2017-03-13,Price Close,11.35
2017-03-14,Price Close,12.3
2017-03-15,Price Close,11.63
2017-03-16,Price Close,11.21
2017-03-17,Price Close,11.28
2017-03-20,Price Close,11.34
2017-03-21,Price Close,12.47
2017-03-22,Price Close,12.81
2017-03-23,Price Close,13.12
2017-03-24,Price Close,12.96
2017-03-27,Price Close,12.5
2017-03-28,Price Close,11.53
2017-03-29,Price Close,11.42
2017-03-30,Price Close,11.54
2017-03-31,Price Close,12.37
2017-04-03,Price Close,12.38
2017-04-04,Price Close,11.79
2017-04-05,Price Close,12.89
2017-04-06,Price Close,12.39
2017-04-07,Price Close,12.87
2017-04-10,Price Close,14.05
2017-04-11,Price Close,15.07
2017-04-12,Price Close,15.77
2017-04-13,Price Close,15.96
2017-04-17,Price Close,14.66
2017-04-18,Price Close,14.42
2017-04-19,Price Close,14.93
2017-04-20,Price Close,14.15
2017-04-21,Price Close,14.63
2017-04-24,Price Close,10.84
2017-04-25,Price Close,10.76
2017-04-26,Price Close,10.85
2017-04-27,Price Close,10.36
2017-04-28,Price Close,10.82
2017-05-01,Price Close,10.11
2017-05-02,Price Close,10.59
2017-05-03,Price Close,10.68
2017-05-04,Price Close,10.46
2017-05-05,Price Close,10.57
2017-05-08,Price Close,9.77
2017-05-09,Price Close,9.96
2017-05-10,Price Close,10.21
2017-05-11,Price Close,10.6
2017-05-12,Price Close,10.4
2017-05-15,Price Close,10.42
2017-05-16,Price Close,10.65
2017-05-17,Price Close,15.59
2017-05-18,Price Close,14.66
2017-05-19,Price Close,12.04
2017-05-22,Price Close,10.93
2017-05-23,Price Close,10.72
2017-05-24,Price Close,10.02
2017-05-25,Price Close,9.99
2017-05-26,Price Close,9.81
2017-05-30,Price Close,10.38
2017-05-31,Price Close,10.41
2017-06-01,Price Close,9.89
2017-06-02,Price Close,9.75
2017-06-05,Price Close,10.07
2017-06-06,Price Close,10.45
2017-06-07,Price Close,10.39
2017-06-08,Price Close,10.16
2017-06-09,Price Close,10.7
2017-06-12,Price Close,11.46
2017-06-13,Price Close,10.42
2017-06-14,Price Close,10.64
2017-06-15,Price Close,10.9
2017-06-16,Price Close,10.38
2017-06-19,Price Close,10.37
2017-06-20,Price Close,10.86
2017-06-21,Price Close,10.75
2017-06-22,Price Close,10.48
2017-06-23,Price Close,10.02
2017-06-26,Price Close,9.9
2017-06-27,Price Close,11.06
2017-06-28,Price Close,10.03
2017-06-29,Price Close,11.44
2017-06-30,Price Close,11.18
2017-07-03,Price Close,11.22
2017-07-05,Price Close,11.07
2017-07-06,Price Close,12.54
2017-07-07,Price Close,11.19
2017-07-10,Price Close,11.11
2017-07-11,Price Close,10.89
2017-07-12,Price Close,10.3
2017-07-13,Price Close,9.9
2017-07-14,Price Close,9.51
2017-07-17,Price Close,9.82
2017-07-18,Price Close,9.89
2017-07-19,Price Close,9.79
2017-07-20,Price Close,9.58
2017-07-21,Price Close,9.36
2017-07-24,Price Close,9.43
2017-07-25,Price Close,9.43
2017-07-26,Price Close,9.6
2017-07-27,Price Close,10.11
2017-07-28,Price Close,10.29
2017-07-31,Price Close,10.26
2017-08-01,Price Close,10.09
2017-08-02,Price Close,10.28
2017-08-03,Price Close,10.44
2017-08-04,Price Close,10.03
2017-08-07,Price Close,9.93
2017-08-08,Price Close,10.96
2017-08-09,Price Close,11.11
2017-08-10,Price Close,16.04
2017-08-11,Price Close,15.51
2017-08-14,Price Close,12.33
2017-08-15,Price Close,12.04
2017-08-16,Price Close,11.74
2017-08-17,Price Close,15.55
2017-08-18,Price Close,14.26
2017-08-21,Price Close,13.19
2017-08-22,Price Close,11.35
2017-08-23,Price Close,12.25
2017-08-24,Price Close,12.23
2017-08-25,Price Close,11.28
2017-08-28,Price Close,11.32
2017-08-29,Price Close,11.7
2017-08-30,Price Close,11.22
2017-08-31,Price Close,10.59
2017-09-01,Price Close,10.13
2017-09-05,Price Close,12.23
2017-09-06,Price Close,11.63
2017-09-07,Price Close,11.55
2017-09-08,Price Close,12.12
2017-09-11,Price Close,10.73
2017-09-12,Price Close,10.58
2017-09-13,Price Close,10.5
2017-09-14,Price Close,10.44
2017-09-15,Price Close,10.17
2017-09-18,Price Close,10.15
2017-09-19,Price Close,10.18
2017-09-20,Price Close,9.78
2017-09-21,Price Close,9.67
2017-09-22,Price Close,9.59
2017-09-25,Price Close,10.21
2017-09-26,Price Close,10.17
2017-09-27,Price Close,9.87
2017-09-28,Price Close,9.55
2017-09-29,Price Close,9.51
2017-10-02,Price Close,9.45
2017-10-03,Price Close,9.51
2017-10-04,Price Close,9.63
2017-10-05,Price Close,9.19
2017-10-06,Price Close,9.65
2017-10-09,Price Close,10.33
2017-10-10,Price Close,10.08
2017-10-11,Price Close,9.85
2017-10-12,Price Close,9.91
2017-10-13,Price Close,9.61
2017-10-16,Price Close,9.91
2017-10-17,Price Close,10.31
2017-10-18,Price Close,10.07
2017-10-19,Price Close,10.05
2017-10-20,Price Close,9.97
2017-10-23,Price Close,11.07
2017-10-24,Price Close,11.16
2017-10-25,Price Close,11.23
2017-10-26,Price Close,11.3
2017-10-27,Price Close,9.8
2017-10-30,Price Close,10.5
2017-10-31,Price Close,10.18
2017-11-01,Price Close,10.2
2017-11-02,Price Close,9.93
2017-11-03,Price Close,9.14
2017-11-06,Price Close,9.4
2017-11-07,Price Close,9.89
2017-11-08,Price Close,9.78
2017-11-09,Price Close,10.5
2017-11-10,Price Close,11.29
2017-11-13,Price Close,11.5
2017-11-14,Price Close,11.59
2017-11-15,Price Close,13.13
2017-11-16,Price Close,11.76
2017-11-17,Price Close,11.43
2017-11-20,Price Close,10.65
2017-11-21,Price Close,9.73
2017-11-22,Price Close,9.88
2017-11-24,Price Close,9.67
2017-11-27,Price Close,9.87
2017-11-28,Price Close,10.03
2017-11-29,Price Close,10.7
2017-11-30,Price Close,11.28
2017-12-01,Price Close,11.43
2017-12-04,Price Close,11.68
2017-12-05,Price Close,11.33
2017-12-06,Price Close,11.02
2017-12-07,Price Close,10.16
2017-12-08,Price Close,9.58
2017-12-11,Price Close,9.34
2017-12-12,Price Close,9.92
2017-12-13,Price Close,10.18
2017-12-14,Price Close,10.49
2017-12-15,Price Close,9.42
2017-12-18,Price Close,9.53
2017-12-19,Price Close,10.03
2017-12-20,Price Close,9.72
2017-12-21,Price Close,9.62
2017-12-22,Price Close,9.9
2017-12-26,Price Close,10.25
2017-12-27,Price Close,10.47
2017-12-28,Price Close,10.18
2017-12-29,Price Close,11.04
2018-01-02,Price Close,9.77
2018-01-03,Price Close,9.15
2018-01-04,Price Close,9.22
2018-01-05,Price Close,9.22
2018-01-08,Price Close,9.52
2018-01-09,Price Close,10.08
2018-01-10,Price Close,9.82
2018-01-11,Price Close,9.88
2018-01-12,Price Close,10.16
2018-01-16,Price Close,11.66
2018-01-17,Price Close,11.91
2018-01-18,Price Close,12.22
2018-01-19,Price Close,11.27
2018-01-22,Price Close,11.03
2018-01-23,Price Close,11.1
2018-01-24,Price Close,11.47
2018-01-25,Price Close,11.58
2018-01-26,Price Close,11.08
2018-01-29,Price Close,13.84
2018-01-30,Price Close,14.79
2018-01-31,Price Close,13.54
2018-02-01,Price Close,13.47
2018-02-02,Price Close,17.31
2018-02-05,Price Close,37.32
2018-02-06,Price Close,29.98
2018-02-07,Price Close,27.73
2018-02-08,Price Close,33.46
2018-02-09,Price Close,29.06
2018-02-12,Price Close,25.61
2018-02-13,Price Close,24.97
2018-02-14,Price Close,19.26
2018-02-15,Price Close,19.13
2018-02-16,Price Close,19.46
2018-02-20,Price Close,20.6
2018-02-21,Price Close,20.02
2018-02-22,Price Close,18.72
2018-02-23,Price Close,16.49
2018-02-26,Price Close,15.8
2018-02-27,Price Close,18.59
2018-02-28,Price Close,19.85
2018-03-01,Price Close,22.47
2018-03-02,Price Close,19.59
2018-03-05,Price Close,18.73
2018-03-06,Price Close,18.36
2018-03-07,Price Close,17.76
2018-03-08,Price Close,16.54
2018-03-09,Price Close,14.64
2018-03-12,Price Close,15.78
2018-03-13,Price Close,16.35
2018-03-14,Price Close,17.23
2018-03-15,Price Close,16.59
2018-03-16,Price Close,15.8
2018-03-19,Price Close,19.02
2018-03-20,Price Close,18.2
2018-03-21,Price Close,17.86
2018-03-22,Price Close,23.34
2018-03-23,Price Close,24.87
2018-03-26,Price Close,21.03
2018-03-27,Price Close,22.5
2018-03-28,Price Close,22.87
2018-03-29,Price Close,19.97
2018-04-02,Price Close,23.62
2018-04-03,Price Close,21.1
2018-04-04,Price Close,20.06
2018-04-05,Price Close,18.94
2018-04-06,Price Close,21.49
2018-04-09,Price Close,21.77
2018-04-10,Price Close,20.47
2018-04-11,Price Close,20.24
2018-04-12,Price Close,18.49
2018-04-13,Price Close,17.41
2018-04-16,Price Close,16.56
2018-04-17,Price Close,15.25
2018-04-18,Price Close,15.6
2018-04-19,Price Close,15.96
2018-04-20,Price Close,16.88
2018-04-23,Price Close,16.34
2018-04-24,Price Close,18.02
2018-04-25,Price Close,17.84
2018-04-26,Price Close,16.24
2018-04-27,Price Close,15.41
2018-04-30,Price Close,15.93
2018-05-01,Price Close,15.49
2018-05-02,Price Close,15.97
2018-05-03,Price Close,15.9
2018-05-04,Price Close,14.77
2018-05-07,Price Close,14.75
2018-05-08,Price Close,14.71
2018-05-09,Price Close,13.42
2018-05-10,Price Close,13.23
2018-05-11,Price Close,12.65
2018-05-14,Price Close,12.93
2018-05-15,Price Close,14.63
2018-05-16,Price Close,13.42
2018-05-17,Price Close,13.43
2018-05-18,Price Close,13.42
2018-05-21,Price Close,13.08
2018-05-22,Price Close,13.22
2018-05-23,Price Close,12.58
2018-05-24,Price Close,12.53
2018-05-25,Price Close,13.22
2018-05-29,Price Close,17.02
2018-05-30,Price Close,14.94
2018-05-31,Price Close,15.43
2018-06-01,Price Close,13.46
2018-06-04,Price Close,12.74
2018-06-05,Price Close,12.4
2018-06-06,Price Close,11.64
2018-06-07,Price Close,12.13
2018-06-08,Price Close,12.18
2018-06-11,Price Close,12.35
2018-06-12,Price Close,12.34
2018-06-13,Price Close,12.94
2018-06-14,Price Close,12.12
2018-06-15,Price Close,11.98
2018-06-18,Price Close,12.31
2018-06-19,Price Close,13.35
2018-06-20,Price Close,12.79
2018-06-21,Price Close,14.64
2018-06-22,Price Close,13.77
2018-06-25,Price Close,17.33
2018-06-26,Price Close,15.92
2018-06-27,Price Close,17.91
2018-06-28,Price Close,16.85
2018-06-29,Price Close,16.09
2018-07-02,Price Close,15.6
2018-07-03,Price Close,16.14
2018-07-05,Price Close,14.97
2018-07-06,Price Close,13.37
2018-07-09,Price Close,12.69
2018-07-10,Price Close,12.64
2018-07-11,Price Close,13.63
2018-07-12,Price Close,12.58
2018-07-13,Price Close,12.18
2018-07-16,Price Close,12.83
2018-07-17,Price Close,12.06
2018-07-18,Price Close,12.1
2018-07-19,Price Close,12.87
2018-07-20,Price Close,12.86
2018-07-23,Price Close,12.62
2018-07-24,Price Close,12.41
2018-07-25,Price Close,12.29
2018-07-26,Price Close,12.14
2018-07-27,Price Close,13.03
2018-07-30,Price Close,14.26
2018-07-31,Price Close,12.83
2018-08-01,Price Close,13.15
2018-08-02,Price Close,12.19
2018-08-03,Price Close,11.64
2018-08-06,Price Close,11.27
2018-08-07,Price Close,10.93
2018-08-08,Price Close,10.85
2018-08-09,Price Close,11.27
2018-08-10,Price Close,13.16
2018-08-13,Price Close,14.78
2018-08-14,Price Close,13.31
2018-08-15,Price Close,14.64
2018-08-16,Price Close,13.45
2018-08-17,Price Close,12.64
2018-08-20,Price Close,12.49
2018-08-21,Price Close,12.86
2018-08-22,Price Close,12.25
2018-08-23,Price Close,12.41
2018-08-24,Price Close,11.99
2018-08-27,Price Close,12.16
2018-08-28,Price Close,12.5
2018-08-29,Price Close,12.25
2018-08-30,Price Close,13.53
2018-08-31,Price Close,12.86
2018-09-04,Price Close,13.16
2018-09-05,Price Close,13.91
2018-09-06,Price Close,14.65
2018-09-07,Price Close,14.88
2018-09-10,Price Close,14.16
2018-09-11,Price Close,13.22
2018-09-12,Price Close,13.14
2018-09-13,Price Close,12.37
2018-09-14,Price Close,12.07
2018-09-17,Price Close,13.68
2018-09-18,Price Close,12.79
2018-09-19,Price Close,11.75
2018-09-20,Price Close,11.8
2018-09-21,Price Close,11.68
2018-09-24,Price Close,12.2
2018-09-25,Price Close,12.42
2018-09-26,Price Close,12.89
2018-09-27,Price Close,12.41
2018-09-28,Price Close,12.12
2018-10-01,Price Close,12.0
2018-10-02,Price Close,12.05
2018-10-03,Price Close,11.61
2018-10-04,Price Close,14.22
2018-10-05,Price Close,14.82
2018-10-08,Price Close,15.69
2018-10-09,Price Close,15.95
2018-10-10,Price Close,22.96
2018-10-11,Price Close,24.98
2018-10-12,Price Close,21.31
2018-10-15,Price Close,21.3
2018-10-16,Price Close,17.62
2018-10-17,Price Close,17.4
2018-10-18,Price Close,20.06
2018-10-19,Price Close,19.89
2018-10-22,Price Close,19.64
2018-10-23,Price Close,20.71
2018-10-24,Price Close,25.23
2018-10-25,Price Close,24.22
2018-10-26,Price Close,24.16
2018-10-29,Price Close,24.7
2018-10-30,Price Close,23.35
2018-10-31,Price Close,21.23
2018-11-01,Price Close,19.34
2018-11-02,Price Close,19.51
2018-11-05,Price Close,19.96
2018-11-06,Price Close,19.91
2018-11-07,Price Close,16.36
2018-11-08,Price Close,16.72
2018-11-09,Price Close,17.36
2018-11-12,Price Close,20.45
2018-11-13,Price Close,20.02
2018-11-14,Price Close,21.25
2018-11-15,Price Close,19.98
2018-11-16,Price Close,18.14
2018-11-19,Price Close,20.1
2018-11-20,Price Close,22.48
2018-11-21,Price Close,20.8
2018-11-23,Price Close,21.52
2018-11-26,Price Close,18.9
2018-11-27,Price Close,19.02
2018-11-28,Price Close,18.49
2018-11-29,Price Close,18.79
2018-11-30,Price Close,18.07
2018-12-03,Price Close,16.44
2018-12-04,Price Close,20.74
2018-12-06,Price Close,21.19
2018-12-07,Price Close,23.23
2018-12-10,Price Close,22.64
2018-12-11,Price Close,21.76
2018-12-12,Price Close,21.46
2018-12-13,Price Close,20.65
2018-12-14,Price Close,21.63
2018-12-17,Price Close,24.52
2018-12-18,Price Close,25.58
2018-12-19,Price Close,25.58
2018-12-20,Price Close,28.38
2018-12-21,Price Close,30.11
2018-12-24,Price Close,36.07
2018-12-26,Price Close,30.41
2018-12-27,Price Close,29.96
2018-12-28,Price Close,28.34
2018-12-31,Price Close,25.42
2019-01-02,Price Close,23.22
2019-01-03,Price Close,25.45
2019-01-04,Price Close,21.38
2019-01-07,Price Close,21.4
2019-01-08,Price Close,20.47
2019-01-09,Price Close,19.98
2019-01-10,Price Close,19.5
2019-01-11,Price Close,18.19
2019-01-14,Price Close,19.07
2019-01-15,Price Close,18.6
2019-01-16,Price Close,19.04
2019-01-17,Price Close,18.06
2019-01-18,Price Close,17.8
2019-01-22,Price Close,20.8
2019-01-23,Price Close,19.52
2019-01-24,Price Close,18.89
2019-01-25,Price Close,17.42
2019-01-28,Price Close,18.87
2019-01-29,Price Close,19.13
2019-01-30,Price Close,17.66
2019-01-31,Price Close,16.57
2019-02-01,Price Close,16.14
2019-02-04,Price Close,15.73
2019-02-05,Price Close,15.57
2019-02-06,Price Close,15.38
2019-02-07,Price Close,16.37
2019-02-08,Price Close,15.72
2019-02-11,Price Close,15.97
2019-02-12,Price Close,15.43
2019-02-13,Price Close,15.65
2019-02-14,Price Close,16.22
2019-02-15,Price Close,14.91
2019-02-19,Price Close,14.88
2019-02-20,Price Close,14.02
2019-02-21,Price Close,14.46
2019-02-22,Price Close,13.51
2019-02-25,Price Close,14.85
2019-02-26,Price Close,15.17
2019-02-27,Price Close,14.7
2019-02-28,Price Close,14.78
2019-03-01,Price Close,13.57
2019-03-04,Price Close,14.63
2019-03-05,Price Close,14.74
2019-03-06,Price Close,15.74
2019-03-07,Price Close,16.59
2019-03-08,Price Close,16.05
2019-03-11,Price Close,14.33
2019-03-12,Price Close,13.77
2019-03-13,Price Close,13.41
2019-03-14,Price Close,13.5
2019-03-15,Price Close,12.88
2019-03-18,Price Close,13.1
2019-03-19,Price Close,13.56
2019-03-20,Price Close,13.91
2019-03-21,Price Close,13.63
2019-03-22,Price Close,16.48
2019-03-25,Price Close,16.33
2019-03-26,Price Close,14.68
2019-03-27,Price Close,15.15
2019-03-28,Price Close,14.43
2019-03-29,Price Close,13.71
2019-04-01,Price Close,13.4
2019-04-02,Price Close,13.36
2019-04-03,Price Close,13.74
2019-04-04,Price Close,13.58
2019-04-05,Price Close,12.82
2019-04-08,Price Close,13.18
2019-04-09,Price Close,14.28
2019-04-10,Price Close,13.3
2019-04-11,Price Close,13.02
2019-04-12,Price Close,12.01
2019-04-15,Price Close,12.32
2019-04-16,Price Close,12.18
2019-04-17,Price Close,12.6
2019-04-18,Price Close,12.09
2019-04-22,Price Close,12.42
2019-04-23,Price Close,12.28
2019-04-24,Price Close,13.14
2019-04-25,Price Close,13.25
2019-04-26,Price Close,12.73
2019-04-29,Price Close,13.11
2019-04-30,Price Close,13.12
2019-05-01,Price Close,14.8
2019-05-02,Price Close,14.42
2019-05-03,Price Close,12.87
2019-05-06,Price Close,15.44
2019-05-07,Price Close,19.32
2019-05-08,Price Close,19.4
2019-05-09,Price Close,19.1
2019-05-10,Price Close,16.04
2019-05-13,Price Close,20.55
2019-05-14,Price Close,18.06
2019-05-15,Price Close,16.44
2019-05-16,Price Close,15.29
2019-05-17,Price Close,15.96
2019-05-20,Price Close,16.31
2019-05-21,Price Close,14.95
2019-05-22,Price Close,14.75
2019-05-23,Price Close,16.92
2019-05-24,Price Close,15.85
2019-05-28,Price Close,17.5
2019-05-29,Price Close,17.9
2019-05-30,Price Close,17.3
2019-05-31,Price Close,18.71
2019-06-03,Price Close,18.86
2019-06-04,Price Close,16.97
2019-06-05,Price Close,16.09
2019-06-06,Price Close,15.93
2019-06-07,Price Close,16.3
2019-06-10,Price Close,15.94
2019-06-11,Price Close,15.99
2019-06-12,Price Close,15.91
2019-06-13,Price Close,15.82
2019-06-14,Price Close,15.28
2019-06-17,Price Close,15.35
2019-06-18,Price Close,15.15
2019-06-19,Price Close,14.33
2019-06-20,Price Close,14.75
2019-06-21,Price Close,15.4
2019-06-24,Price Close,15.26
2019-06-25,Price Close,16.28
2019-06-26,Price Close,16.21
2019-06-27,Price Close,15.82
2019-06-28,Price Close,15.08
2019-07-01,Price Close,14.06
2019-07-02,Price Close,12.93
2019-07-03,Price Close,12.57
2019-07-05,Price Close,13.28
2019-07-08,Price Close,13.96
2019-07-09,Price Close,14.09
2019-07-10,Price Close,13.03
2019-07-11,Price Close,12.93
2019-07-12,Price Close,12.39
2019-07-15,Price Close,12.68
2019-07-16,Price Close,12.86
2019-07-17,Price Close,13.97
2019-07-18,Price Close,13.53
2019-07-19,Price Close,14.45
2019-07-22,Price Close,13.53
2019-07-23,Price Close,12.61
2019-07-24,Price Close,12.07
2019-07-25,Price Close,12.74
2019-07-26,Price Close,12.16
2019-07-29,Price Close,12.83
2019-07-30,Price Close,13.94
2019-07-31,Price Close,16.12
2019-08-01,Price Close,17.87
2019-08-02,Price Close,17.61
2019-08-05,Price Close,24.59
2019-08-06,Price Close,20.17
2019-08-07,Price Close,19.49
2019-08-08,Price Close,16.91
2019-08-09,Price Close,17.97
2019-08-12,Price Close,21.09
2019-08-13,Price Close,17.52
2019-08-14,Price Close,22.1
2019-08-15,Price Close,21.18
2019-08-16,Price Close,18.47
2019-08-19,Price Close,16.88
2019-08-20,Price Close,17.5
2019-08-21,Price Close,15.8
2019-08-22,Price Close,16.68
2019-08-23,Price Close,19.87
2019-08-26,Price Close,19.32
2019-08-27,Price Close,20.31
2019-08-28,Price Close,19.35
2019-08-29,Price Close,17.88
2019-08-30,Price Close,18.98
2019-09-03,Price Close,19.66
2019-09-04,Price Close,17.33
2019-09-05,Price Close,16.27
2019-09-06,Price Close,15.0
2019-09-09,Price Close,15.27
2019-09-10,Price Close,15.2
2019-09-11,Price Close,14.61
2019-09-12,Price Close,14.22
2019-09-13,Price Close,13.74
2019-09-16,Price Close,14.67
2019-09-17,Price Close,14.44
2019-09-18,Price Close,13.95
2019-09-19,Price Close,14.05
2019-09-20,Price Close,15.32
2019-09-23,Price Close,14.91
2019-09-24,Price Close,17.05
2019-09-25,Price Close,15.96
2019-09-26,Price Close,16.07
2019-09-27,Price Close,17.22
2019-09-30,Price Close,16.24
2019-10-01,Price Close,18.56
2019-10-02,Price Close,20.56
2019-10-03,Price Close,19.12
2019-10-04,Price Close,17.04
2019-10-07,Price Close,17.86
2019-10-08,Price Close,20.28
2019-10-09,Price Close,18.64
2019-10-10,Price Close,17.57
2019-10-11,Price Close,15.58
2019-10-14,Price Close,14.57
2019-10-15,Price Close,13.54
2019-10-16,Price Close,13.68
2019-10-17,Price Close,13.79
2019-10-18,Price Close,14.25
2019-10-21,Price Close,14.0
2019-10-22,Price Close,14.46
2019-10-23,Price Close,14.01
2019-10-24,Price Close,13.71
2019-10-25,Price Close,12.65
2019-10-28,Price Close,13.11
2019-10-29,Price Close,13.2
2019-10-30,Price Close,12.33
2019-10-31,Price Close,13.22
2019-11-01,Price Close,12.3
2019-11-04,Price Close,12.83
2019-11-05,Price Close,13.1
2019-11-06,Price Close,12.62
2019-11-07,Price Close,12.73
2019-11-08,Price Close,12.07
2019-11-11,Price Close,12.69
2019-11-12,Price Close,12.68
2019-11-13,Price Close,13.0
2019-11-14,Price Close,13.05
2019-11-15,Price Close,12.05
2019-11-18,Price Close,12.46
2019-11-19,Price Close,12.86
2019-11-20,Price Close,12.78
2019-11-21,Price Close,13.13
2019-11-22,Price Close,12.34
2019-11-25,Price Close,11.87
2019-11-26,Price Close,11.54
2019-11-27,Price Close,11.75
2019-11-29,Price Close,12.62
2019-12-02,Price Close,14.91
2019-12-03,Price Close,15.96
2019-12-04,Price Close,14.8
2019-12-05,Price Close,14.52
2019-12-06,Price Close,13.62
2019-12-09,Price Close,15.86
2019-12-10,Price Close,15.68
2019-12-11,Price Close,14.99
2019-12-12,Price Close,13.94
2019-12-13,Price Close,12.63
2019-12-16,Price Close,12.14
2019-12-17,Price Close,12.29
2019-12-18,Price Close,12.58
2019-12-19,Price Close,12.5
2019-12-20,Price Close,12.51
2019-12-23,Price Close,12.61
2019-12-24,Price Close,12.67
2019-12-26,Price Close,12.65
2019-12-27,Price Close,13.43
2019-12-30,Price Close,14.82
2019-12-31,Price Close,13.78
2020-01-02,Price Close,12.47
2020-01-03,Price Close,14.02
2020-01-06,Price Close,13.85
2020-01-07,Price Close,13.79
2020-01-08,Price Close,13.45
2020-01-09,Price Close,12.54
2020-01-10,Price Close,12.56
2020-01-13,Price Close,12.32
2020-01-14,Price Close,12.39
2020-01-15,Price Close,12.42
2020-01-16,Price Close,12.32
2020-01-17,Price Close,12.1
2020-01-21,Price Close,12.85
2020-01-22,Price Close,12.91
2020-01-23,Price Close,12.98
2020-01-24,Price Close,14.56
2020-01-27,Price Close,18.23
2020-01-28,Price Close,16.28
2020-01-29,Price Close,16.39
2020-01-30,Price Close,15.49
2020-01-31,Price Close,18.84
2020-02-03,Price Close,17.97
2020-02-04,Price Close,16.05
2020-02-05,Price Close,15.15
2020-02-06,Price Close,14.96
2020-02-07,Price Close,15.47
2020-02-10,Price Close,15.04
2020-02-11,Price Close,15.18
2020-02-12,Price Close,13.74
2020-02-13,Price Close,14.15
2020-02-14,Price Close,13.68
2020-02-18,Price Close,14.83
2020-02-19,Price Close,14.38
2020-02-20,Price Close,15.56
2020-02-21,Price Close,17.08
2020-02-24,Price Close,25.03
2020-02-25,Price Close,27.85
2020-02-26,Price Close,27.56
2020-02-27,Price Close,39.16
2020-02-28,Price Close,40.11
2020-03-02,Price Close,33.42
2020-03-03,Price Close,36.82
2020-03-04,Price Close,31.99
2020-03-05,Price Close,39.62
2020-03-06,Price Close,41.94
2020-03-09,Price Close,54.46
2020-03-10,Price Close,47.3
2020-03-11,Price Close,53.9
2020-03-12,Price Close,75.47
2020-03-13,Price Close,57.83
2020-03-16,Price Close,82.69
2020-03-17,Price Close,75.91
2020-03-18,Price Close,76.45
2020-03-19,Price Close,72.0
2020-03-20,Price Close,66.04
2020-03-23,Price Close,61.59
2020-03-24,Price Close,61.67
2020-03-25,Price Close,63.95
2020-03-26,Price Close,61.0
2020-03-27,Price Close,65.54
2020-03-30,Price Close,57.08
2020-03-31,Price Close,53.54
2020-04-01,Price Close,57.06
2020-04-02,Price Close,50.91
2020-04-03,Price Close,46.8
2020-04-06,Price Close,45.24
2020-04-07,Price Close,46.7
2020-04-08,Price Close,43.35
2020-04-09,Price Close,41.67
2020-04-13,Price Close,41.17
2020-04-14,Price Close,37.76
2020-04-15,Price Close,40.84
2020-04-16,Price Close,40.11
2020-04-17,Price Close,38.15
2020-04-20,Price Close,43.83
2020-04-21,Price Close,45.41
2020-04-22,Price Close,41.98
2020-04-23,Price Close,41.38
2020-04-24,Price Close,35.93
2020-04-27,Price Close,33.29
2020-04-28,Price Close,33.57
2020-04-29,Price Close,31.23
2020-04-30,Price Close,34.15
2020-05-01,Price Close,37.19
2020-05-04,Price Close,35.97
2020-05-05,Price Close,33.61
2020-05-06,Price Close,34.12
2020-05-07,Price Close,31.44
2020-05-08,Price Close,27.98
2020-05-11,Price Close,27.57
2020-05-12,Price Close,33.04
2020-05-13,Price Close,35.28
2020-05-14,Price Close,32.61
2020-05-15,Price Close,31.89
2020-05-18,Price Close,29.3
2020-05-19,Price Close,30.53
2020-05-20,Price Close,27.99
2020-05-21,Price Close,29.53
2020-05-22,Price Close,28.16
2020-05-26,Price Close,28.01
2020-05-27,Price Close,27.62
2020-05-28,Price Close,28.59
2020-05-29,Price Close,27.51
2020-06-01,Price Close,28.23
2020-06-02,Price Close,26.84
2020-06-03,Price Close,25.66
2020-06-04,Price Close,25.81
2020-06-05,Price Close,24.52
2020-06-08,Price Close,25.81
2020-06-09,Price Close,27.57
2020-06-10,Price Close,27.57
2020-06-11,Price Close,40.79
2020-06-12,Price Close,36.09
2020-06-15,Price Close,34.4
2020-06-16,Price Close,33.67
2020-06-17,Price Close,33.47
2020-06-18,Price Close,32.94
2020-06-19,Price Close,35.12
2020-06-22,Price Close,31.77
2020-06-23,Price Close,31.37
2020-06-24,Price Close,33.84
2020-06-25,Price Close,32.22
2020-06-26,Price Close,34.73
2020-06-29,Price Close,31.78
2020-06-30,Price Close,30.43
2020-07-01,Price Close,28.62
2020-07-02,Price Close,27.68
2020-07-06,Price Close,27.94
2020-07-07,Price Close,29.43
2020-07-08,Price Close,28.08
2020-07-09,Price Close,29.26
2020-07-10,Price Close,27.29
2020-07-13,Price Close,32.19
2020-07-14,Price Close,29.52
2020-07-15,Price Close,27.76
2020-07-16,Price Close,28.0
2020-07-17,Price Close,25.68
2020-07-20,Price Close,24.46
2020-07-21,Price Close,24.84
2020-07-22,Price Close,24.32
2020-07-23,Price Close,26.08
2020-07-24,Price Close,25.84
2020-07-27,Price Close,24.74
2020-07-28,Price Close,25.44
2020-07-29,Price Close,24.1
2020-07-30,Price Close,24.76
2020-07-31,Price Close,24.46
2020-08-03,Price Close,24.28
2020-08-04,Price Close,23.76
2020-08-05,Price Close,22.99
2020-08-06,Price Close,22.65
2020-08-07,Price Close,22.21
2020-08-10,Price Close,22.13
2020-08-11,Price Close,24.03
2020-08-12,Price Close,22.28
2020-08-13,Price Close,22.13
2020-08-14,Price Close,22.05
2020-08-17,Price Close,21.35
2020-08-18,Price Close,21.51
2020-08-19,Price Close,22.54
2020-08-20,Price Close,22.72
2020-08-21,Price Close,22.54
2020-08-24,Price Close,22.37
2020-08-25,Price Close,22.03
2020-08-26,Price Close,23.27
2020-08-27,Price Close,24.47
2020-08-28,Price Close,22.96
2020-08-31,Price Close,26.41
2020-09-01,Price Close,26.12
2020-09-02,Price Close,26.57
2020-09-03,Price Close,33.6
2020-09-04,Price Close,30.75
2020-09-08,Price Close,31.46
2020-09-09,Price Close,28.81
2020-09-10,Price Close,29.71
2020-09-11,Price Close,26.87
2020-09-14,Price Close,25.85
2020-09-15,Price Close,25.59
2020-09-16,Price Close,26.04
2020-09-17,Price Close,26.46
2020-09-18,Price Close,25.83
2020-09-21,Price Close,27.78
2020-09-22,Price Close,26.86
2020-09-23,Price Close,28.58
2020-09-24,Price Close,28.51
2020-09-25,Price Close,26.38
2020-09-28,Price Close,26.19
2020-09-29,Price Close,26.27
2020-09-30,Price Close,26.37
2020-10-01,Price Close,26.7
2020-10-02,Price Close,27.63
2020-10-05,Price Close,27.96
2020-10-06,Price Close,29.48
2020-10-07,Price Close,28.06
2020-10-08,Price Close,26.36
2020-10-09,Price Close,25.0
2020-10-12,Price Close,25.07
2020-10-13,Price Close,26.07
2020-10-14,Price Close,26.4
2020-10-15,Price Close,26.97
2020-10-16,Price Close,27.41
2020-10-19,Price Close,29.18
2020-10-20,Price Close,29.35
2020-10-21,Price Close,28.65
2020-10-22,Price Close,28.11
2020-10-23,Price Close,27.55
2020-10-26,Price Close,32.46
2020-10-27,Price Close,33.35
2020-10-28,Price Close,40.28
2020-10-29,Price Close,37.59
2020-10-30,Price Close,38.02
2020-11-02,Price Close,37.13
2020-11-03,Price Close,35.55
2020-11-04,Price Close,29.57
2020-11-05,Price Close,27.58
2020-11-06,Price Close,24.86
2020-11-09,Price Close,25.75
2020-11-10,Price Close,24.8
2020-11-11,Price Close,23.45
2020-11-12,Price Close,25.35
2020-11-13,Price Close,23.1
2020-11-16,Price Close,22.45
2020-11-17,Price Close,22.71
2020-11-18,Price Close,23.84
2020-11-19,Price Close,23.11
2020-11-20,Price Close,23.7
2020-11-23,Price Close,22.66
2020-11-24,Price Close,21.64
2020-11-25,Price Close,21.25
2020-11-27,Price Close,20.84
2020-11-30,Price Close,20.57
2020-12-01,Price Close,20.77
2020-12-02,Price Close,21.17
2020-12-03,Price Close,21.28
2020-12-04,Price Close,20.79
2020-12-07,Price Close,21.3
2020-12-08,Price Close,20.68
2020-12-09,Price Close,22.27
2020-12-10,Price Close,22.52
2020-12-11,Price Close,23.31
2020-12-14,Price Close,24.72
2020-12-15,Price Close,22.89
2020-12-16,Price Close,22.5
2020-12-17,Price Close,21.93
2020-12-18,Price Close,21.57
2020-12-21,Price Close,25.16
2020-12-22,Price Close,24.23
2020-12-23,Price Close,23.31
2020-12-24,Price Close,21.53
2020-12-28,Price Close,21.7
2020-12-29,Price Close,23.08
2020-12-30,Price Close,22.77
2020-12-31,Price Close,22.75
2021-01-04,Price Close,26.97
2021-01-05,Price Close,25.34
2021-01-06,Price Close,25.07
2021-01-07,Price Close,22.37
2021-01-08,Price Close,21.56
2021-01-11,Price Close,24.08
2021-01-12,Price Close,23.33
2021-01-13,Price Close,22.21
2021-01-14,Price Close,23.25
2021-01-15,Price Close,24.34
2021-01-19,Price Close,23.24
2021-01-20,Price Close,21.58
2021-01-21,Price Close,21.32
2021-01-22,Price Close,21.91
2021-01-25,Price Close,23.19
2021-01-26,Price Close,23.02
2021-01-27,Price Close,37.21
2021-01-28,Price Close,30.21
2021-01-29,Price Close,33.09
2021-02-01,Price Close,30.24
2021-02-02,Price Close,25.56
2021-02-03,Price Close,22.91
2021-02-04,Price Close,21.77
2021-02-05,Price Close,20.87
2021-02-08,Price Close,21.24
2021-02-09,Price Close,21.63
2021-02-10,Price Close,21.99
2021-02-11,Price Close,21.25
2021-02-12,Price Close,19.97
2021-02-16,Price Close,21.46
2021-02-17,Price Close,21.5
2021-02-18,Price Close,22.49
2021-02-19,Price Close,22.05
2021-02-22,Price Close,23.45
2021-02-23,Price Close,23.11
2021-02-24,Price Close,21.34
2021-02-25,Price Close,28.89
2021-02-26,Price Close,27.95
2021-03-01,Price Close,23.35
2021-03-02,Price Close,24.1
2021-03-03,Price Close,26.67
2021-03-04,Price Close,28.57
2021-03-05,Price Close,24.66
2021-03-08,Price Close,25.47
2021-03-09,Price Close,24.03
2021-03-10,Price Close,22.56
2021-03-11,Price Close,21.91
2021-03-12,Price Close,20.69
2021-03-15,Price Close,20.03
2021-03-16,Price Close,19.79
2021-03-17,Price Close,19.23
2021-03-18,Price Close,21.58
2021-03-19,Price Close,20.95
2021-03-22,Price Close,18.88
2021-03-23,Price Close,20.3
2021-03-24,Price Close,21.2
2021-03-25,Price Close,19.81
2021-03-26,Price Close,18.86
2021-03-29,Price Close,20.74
2021-03-30,Price Close,19.61
2021-03-31,Price Close,19.4
2021-04-01,Price Close,17.33
2021-04-05,Price Close,17.91
2021-04-06,Price Close,18.12
2021-04-07,Price Close,17.16
2021-04-08,Price Close,16.95
2021-04-09,Price Close,16.69
2021-04-12,Price Close,16.91
2021-04-13,Price Close,16.65
2021-04-14,Price Close,16.99
2021-04-15,Price Close,16.57
2021-04-16,Price Close,16.25
2021-04-19,Price Close,17.29
2021-04-20,Price Close,18.68
2021-04-21,Price Close,17.5
2021-04-22,Price Close,18.71
2021-04-23,Price Close,17.33
2021-04-26,Price Close,17.64
2021-04-27,Price Close,17.56
2021-04-28,Price Close,17.28
2021-04-29,Price Close,17.61
2021-04-30,Price Close,18.61
2021-05-03,Price Close,18.31
2021-05-04,Price Close,19.48
2021-05-05,Price Close,19.15
2021-05-06,Price Close,18.39
2021-05-07,Price Close,16.69
2021-05-10,Price Close,19.66
2021-05-11,Price Close,21.84
2021-05-12,Price Close,27.59
2021-05-13,Price Close,23.13
2021-05-14,Price Close,18.81
2021-05-17,Price Close,19.72
2021-05-18,Price Close,21.34
2021-05-19,Price Close,22.18
2021-05-20,Price Close,20.67
2021-05-21,Price Close,20.15
2021-05-24,Price Close,18.4
2021-05-25,Price Close,18.84
2021-05-26,Price Close,17.36
2021-05-27,Price Close,16.74
2021-05-28,Price Close,16.76
2021-06-01,Price Close,17.9
2021-06-02,Price Close,17.48
2021-06-03,Price Close,18.04
2021-06-04,Price Close,16.42
2021-06-07,Price Close,16.42
2021-06-08,Price Close,17.07
2021-06-09,Price Close,17.89
2021-06-10,Price Close,16.1
2021-06-11,Price Close,15.65
2021-06-14,Price Close,16.39
2021-06-15,Price Close,17.02
2021-06-16,Price Close,18.15
2021-06-17,Price Close,17.75
2021-06-18,Price Close,20.7
2021-06-21,Price Close,17.89
2021-06-22,Price Close,16.66
2021-06-23,Price Close,16.32
2021-06-24,Price Close,15.97
2021-06-25,Price Close,15.62
2021-06-28,Price Close,15.76
2021-06-29,Price Close,16.02
2021-06-30,Price Close,15.83
2021-07-01,Price Close,15.48
2021-07-02,Price Close,15.07
2021-07-06,Price Close,16.44
2021-07-07,Price Close,16.2
2021-07-08,Price Close,19.0
2021-07-09,Price Close,16.18
2021-07-12,Price Close,16.17
2021-07-13,Price Close,17.12
2021-07-14,Price Close,16.33
2021-07-15,Price Close,17.01
2021-07-16,Price Close,18.45
2021-07-19,Price Close,22.5
2021-07-20,Price Close,19.73
2021-07-21,Price Close,17.91
2021-07-22,Price Close,17.69
2021-07-23,Price Close,17.2
2021-07-26,Price Close,17.58
2021-07-27,Price Close,19.36
2021-07-28,Price Close,18.31
2021-07-29,Price Close,17.7
2021-07-30,Price Close,18.24
2021-08-02,Price Close,19.46
2021-08-03,Price Close,18.04
2021-08-04,Price Close,17.97
2021-08-05,Price Close,17.28
2021-08-06,Price Close,16.15
2021-08-09,Price Close,16.72
2021-08-10,Price Close,16.79
2021-08-11,Price Close,16.06
2021-08-12,Price Close,15.59
2021-08-13,Price Close,15.45
2021-08-16,Price Close,16.12
2021-08-17,Price Close,17.91
2021-08-18,Price Close,21.57
2021-08-19,Price Close,21.67
2021-08-20,Price Close,18.56
2021-08-23,Price Close,17.15
2021-08-24,Price Close,17.22
2021-08-25,Price Close,16.79
2021-08-26,Price Close,18.84
2021-08-27,Price Close,16.39
2021-08-30,Price Close,16.19
2021-08-31,Price Close,16.48
2021-09-01,Price Close,16.11
2021-09-02,Price Close,16.41
2021-09-03,Price Close,16.41
2021-09-06,Price Close,16.41
2021-09-07,Price Close,18.14
2021-09-08,Price Close,17.96
2021-09-09,Price Close,18.8
2021-09-10,Price Close,20.95
2021-09-13,Price Close,19.37
2021-09-14,Price Close,19.46
2021-09-15,Price Close,18.18
2021-09-16,Price Close,18.69
2021-09-17,Price Close,20.81
2021-09-20,Price Close,25.71
2021-09-21,Price Close,24.36
2021-09-22,Price Close,20.87
2021-09-23,Price Close,18.63
2021-09-24,Price Close,17.75
2021-09-27,Price Close,18.76
2021-09-28,Price Close,23.25
2021-09-29,Price Close,22.56
2021-09-30,Price Close,23.14
2021-10-01,Price Close,21.15
2021-10-04,Price Close,22.96
2021-10-05,Price Close,21.3
2021-10-06,Price Close,21.0
2021-10-07,Price Close,19.54
2021-10-08,Price Close,18.77
2021-10-11,Price Close,20.0
2021-10-12,Price Close,19.85
2021-10-13,Price Close,18.64
2021-10-14,Price Close,16.86
2021-10-15,Price Close,16.3
2021-10-18,Price Close,16.31
2021-10-19,Price Close,15.7
2021-10-20,Price Close,15.49
2021-10-21,Price Close,15.01
2021-10-22,Price Close,15.43
2021-10-25,Price Close,15.24
2021-10-26,Price Close,15.98
2021-10-27,Price Close,16.98
2021-10-28,Price Close,16.53
2021-10-29,Price Close,16.26
2021-11-01,Price Close,16.41
2021-11-02,Price Close,16.03
2021-11-03,Price Close,15.1
2021-11-04,Price Close,15.44
2021-11-05,Price Close,16.48
2021-11-08,Price Close,17.22
2021-11-09,Price Close,17.78
2021-11-10,Price Close,18.73
2021-11-11,Price Close,17.66
2021-11-12,Price Close,16.29
2021-11-15,Price Close,16.49
2021-11-16,Price Close,16.37
2021-11-17,Price Close,17.11
2021-11-18,Price Close,17.59
2021-11-19,Price Close,17.91
2021-11-22,Price Close,19.17
2021-11-23,Price Close,19.38
2021-11-24,Price Close,18.58
2021-11-25,Price Close,18.58
2021-11-26,Price Close,28.62
2021-11-29,Price Close,22.96
2021-11-30,Price Close,27.19
2021-12-01,Price Close,31.12
2021-12-02,Price Close,27.95
2021-12-03,Price Close,30.67
2021-12-06,Price Close,27.18
2021-12-07,Price Close,21.89
2021-12-08,Price Close,19.9
2021-12-09,Price Close,21.58
2021-12-10,Price Close,18.69
2021-12-13,Price Close,20.31
2021-12-14,Price Close,21.89
2021-12-15,Price Close,19.29
2021-12-16,Price Close,20.57
2021-12-17,Price Close,21.57
2021-12-20,Price Close,22.87
2021-12-21,Price Close,21.01
2021-12-22,Price Close,18.63
2021-12-23,Price Close,17.96
2021-12-24,Price Close,17.96
2021-12-27,Price Close,17.68
2021-12-28,Price Close,17.54
2021-12-29,Price Close,16.95
2021-12-30,Price Close,17.33
2021-12-31,Price Close,17.22
2022-01-03,Price Close,16.6
2022-01-04,Price Close,16.91
2022-01-05,Price Close,19.73
2022-01-06,Price Close,19.61
2022-01-07,Price Close,18.76
2022-01-10,Price Close,19.4
2022-01-11,Price Close,18.41
2022-01-12,Price Close,17.62
2022-01-13,Price Close,20.31
2022-01-14,Price Close,19.19
2022-01-17,Price Close,19.19
2022-01-18,Price Close,22.79
2022-01-19,Price Close,23.85
2022-01-20,Price Close,25.59
2022-01-21,Price Close,28.85
2022-01-24,Price Close,29.9
2022-01-25,Price Close,31.16
2022-01-26,Price Close,31.96
2022-01-27,Price Close,30.49
2022-01-28,Price Close,27.66
2022-01-31,Price Close,24.83
2022-02-01,Price Close,21.96
2022-02-02,Price Close,22.09
2022-02-03,Price Close,24.35
2022-02-04,Price Close,23.22
2022-02-07,Price Close,22.86
2022-02-08,Price Close,21.44
2022-02-09,Price Close,19.96
2022-02-10,Price Close,23.91
2022-02-11,Price Close,27.36
2022-02-14,Price Close,28.33
2022-02-15,Price Close,25.7
2022-02-16,Price Close,24.29
2022-02-17,Price Close,28.11
2022-02-18,Price Close,27.75
2022-02-21,Price Close,27.75
2022-02-22,Price Close,28.81
2022-02-23,Price Close,31.02
2022-02-24,Price Close,30.32
2022-02-25,Price Close,27.59
2022-02-28,Price Close,30.15
2022-03-01,Price Close,33.32
2022-03-02,Price Close,30.74
2022-03-03,Price Close,30.48
2022-03-04,Price Close,31.98
2022-03-07,Price Close,36.45
2022-03-08,Price Close,35.13
2022-03-09,Price Close,32.45
2022-03-10,Price Close,30.23
2022-03-11,Price Close,30.75
2022-03-14,Price Close,31.77
2022-03-15,Price Close,29.83
2022-03-16,Price Close,26.67
2022-03-17,Price Close,25.67
2022-03-18,Price Close,23.87
2022-03-21,Price Close,23.53
2022-03-22,Price Close,22.94
2022-03-23,Price Close,23.57
2022-03-24,Price Close,21.67
2022-03-25,Price Close,20.81
2022-03-28,Price Close,19.63
2022-03-29,Price Close,18.9
2022-03-30,Price Close,19.33
2022-03-31,Price Close,20.56
2022-04-01,Price Close,19.63
2022-04-04,Price Close,18.57
2022-04-05,Price Close,21.03
2022-04-06,Price Close,22.1
2022-04-07,Price Close,21.55
2022-04-08,Price Close,21.16
2022-04-11,Price Close,24.37
2022-04-12,Price Close,24.26
2022-04-13,Price Close,21.82
2022-04-14,Price Close,22.7
2022-04-15,Price Close,22.7
2022-04-18,Price Close,22.17
2022-04-19,Price Close,21.37
2022-04-20,Price Close,20.32
2022-04-21,Price Close,22.68
2022-04-22,Price Close,28.21
2022-04-25,Price Close,27.02
2022-04-26,Price Close,33.52
2022-04-27,Price Close,31.6
2022-04-28,Price Close,29.99
2022-04-29,Price Close,33.4
2022-05-02,Price Close,32.34
2022-05-03,Price Close,29.25
2022-05-04,Price Close,25.42
2022-05-05,Price Close,31.2
2022-05-06,Price Close,30.19
2022-05-09,Price Close,34.75
2022-05-10,Price Close,32.99
2022-05-11,Price Close,32.56
2022-05-12,Price Close,31.77
2022-05-13,Price Close,28.87
2022-05-16,Price Close,27.47
2022-05-17,Price Close,26.1
2022-05-18,Price Close,30.96
2022-05-19,Price Close,29.35
2022-05-20,Price Close,29.43
2022-05-23,Price Close,28.48
2022-05-24,Price Close,29.45
2022-05-25,Price Close,28.37
2022-05-26,Price Close,27.5
2022-05-27,Price Close,25.72
2022-05-30,Price Close,26.54
2022-05-31,Price Close,26.19
2022-06-01,Price Close,25.69
2022-06-02,Price Close,24.72
2022-06-03,Price Close,24.79
2022-06-06,Price Close,25.07
2022-06-07,Price Close,24.02
2022-06-08,Price Close,23.96
2022-06-09,Price Close,26.09
2022-06-10,Price Close,27.75
2022-06-13,Price Close,34.02
2022-06-14,Price Close,32.69
2022-06-15,Price Close,29.62
2022-06-16,Price Close,32.95
2022-06-17,Price Close,31.13
2022-06-20,Price Close,31.03
2022-06-21,Price Close,30.19
2022-06-22,Price Close,28.95
2022-06-23,Price Close,29.05
2022-06-24,Price Close,27.23
2022-06-27,Price Close,26.95
2022-06-28,Price Close,28.36
2022-06-29,Price Close,28.16
2022-06-30,Price Close,28.71
2022-07-01,Price Close,26.7
2022-07-04,Price Close,27.53
2022-07-05,Price Close,27.54
2022-07-06,Price Close,26.73
2022-07-07,Price Close,26.08
2022-07-08,Price Close,24.64
2022-07-11,Price Close,26.17
2022-07-12,Price Close,27.29
2022-07-13,Price Close,26.82
2022-07-14,Price Close,26.4
2022-07-15,Price Close,24.23
2022-07-18,Price Close,25.3
2022-07-19,Price Close,24.5
2022-07-20,Price Close,23.88
2022-07-21,Price Close,23.11
2022-07-22,Price Close,23.03
2022-07-25,Price Close,23.36
2022-07-26,Price Close,24.69
2022-07-27,Price Close,23.24
2022-07-28,Price Close,22.33
2022-07-29,Price Close,21.33
2022-08-01,Price Close,22.84
2022-08-02,Price Close,23.93
2022-08-03,Price Close,21.95
2022-08-04,Price Close,21.44
2022-08-05,Price Close,21.15
2022-08-08,Price Close,21.29
2022-08-09,Price Close,21.77
2022-08-10,Price Close,19.74
2022-08-11,Price Close,20.2
2022-08-12,Price Close,19.53
2022-08-15,Price Close,19.95
2022-08-16,Price Close,19.69
2022-08-17,Price Close,19.9
2022-08-18,Price Close,19.56
2022-08-19,Price Close,20.6
2022-08-22,Price Close,23.8
2022-08-23,Price Close,24.11
2022-08-24,Price Close,22.82
2022-08-25,Price Close,21.78
2022-08-26,Price Close,25.56
2022-08-29,Price Close,26.21
2022-08-30,Price Close,26.21
2022-08-31,Price Close,25.87
2022-09-01,Price Close,25.56
2022-09-02,Price Close,25.47
2022-09-05,Price Close,25.99
2022-09-06,Price Close,26.91
2022-09-07,Price Close,24.64
2022-09-08,Price Close,23.61
2022-09-09,Price Close,22.79
2022-09-12,Price Close,23.87
2022-09-13,Price Close,27.27
2022-09-14,Price Close,26.16
2022-09-15,Price Close,26.27
2022-09-16,Price Close,26.3
2022-09-19,Price Close,25.76
2022-09-20,Price Close,27.16
2022-09-21,Price Close,27.99
2022-09-22,Price Close,27.35
2022-09-23,Price Close,29.92
2022-09-26,Price Close,32.26
2022-09-27,Price Close,32.6
2022-09-28,Price Close,30.18
2022-09-29,Price Close,31.84
2022-09-30,Price Close,31.62
2022-10-03,Price Close,30.1
2022-10-04,Price Close,29.07
2022-10-05,Price Close,28.55
2022-10-06,Price Close,30.52
2022-10-07,Price Close,31.36
2022-10-10,Price Close,32.45
2022-10-11,Price Close,33.63
2022-10-12,Price Close,33.57
2022-10-13,Price Close,31.94
2022-10-14,Price Close,32.02
2022-10-17,Price Close,31.37
2022-10-18,Price Close,30.5
2022-10-19,Price Close,30.76
2022-10-20,Price Close,29.98
2022-10-21,Price Close,29.69
2022-10-24,Price Close,29.85
2022-10-25,Price Close,28.46
2022-10-26,Price Close,27.28
2022-10-27,Price Close,27.39
2022-10-28,Price Close,25.75
2022-10-31,Price Close,25.88
2022-11-01,Price Close,25.81
2022-11-02,Price Close,25.86
2022-11-03,Price Close,25.3
2022-11-04,Price Close,24.55
2022-11-07,Price Close,24.35
2022-11-08,Price Close,25.54
2022-11-09,Price Close,26.09
2022-11-10,Price Close,23.53
2022-11-11,Price Close,22.52
2022-11-14,Price Close,23.73
2022-11-15,Price Close,24.54
2022-11-16,Price Close,24.11
2022-11-17,Price Close,23.93
2022-11-18,Price Close,23.12
2022-11-21,Price Close,22.36
2022-11-22,Price Close,21.29
2022-11-23,Price Close,20.35
2022-11-24,Price Close,20.42
2022-11-25,Price Close,20.5
2022-11-28,Price Close,22.21
2022-11-29,Price Close,21.89
2022-11-30,Price Close,20.58
2022-12-01,Price Close,19.84
2022-12-02,Price Close,19.06
2022-12-05,Price Close,20.75
2022-12-06,Price Close,22.17
2022-12-07,Price Close,22.68
2022-12-08,Price Close,22.29
2022-12-09,Price Close,22.83
2022-12-12,Price Close,25.0
2022-12-13,Price Close,22.55
2022-12-14,Price Close,21.14
2022-12-15,Price Close,22.83
2022-12-16,Price Close,22.62
2022-12-19,Price Close,22.42
2022-12-20,Price Close,21.48
2022-12-21,Price Close,20.07
2022-12-22,Price Close,21.97
2022-12-23,Price Close,20.87
2022-12-26,Price Close,20.87
2022-12-27,Price Close,21.65
2022-12-28,Price Close,22.14
2022-12-29,Price Close,21.44
2022-12-30,Price Close,21.67
2023-01-02,Price Close,21.67
2023-01-03,Price Close,22.9
2023-01-04,Price Close,22.01
2023-01-05,Price Close,22.46
2023-01-06,Price Close,21.13
2023-01-09,Price Close,21.97
2023-01-10,Price Close,20.58
2023-01-11,Price Close,21.09
2023-01-12,Price Close,18.83
2023-01-13,Price Close,18.35
2023-01-16,Price Close,19.49
2023-01-17,Price Close,19.36
2023-01-18,Price Close,20.34
2023-01-19,Price Close,20.52
2023-01-20,Price Close,19.85
2023-01-23,Price Close,19.81
2023-01-24,Price Close,19.2
2023-01-25,Price Close,19.08
2023-01-26,Price Close,18.73
2023-01-27,Price Close,18.51
2023-01-30,Price Close,19.94
2023-01-31,Price Close,19.4
2023-02-01,Price Close,17.87
2023-02-02,Price Close,18.73
2023-02-03,Price Close,18.33
2023-02-06,Price Close,19.43
2023-02-07,Price Close,18.66
2023-02-08,Price Close,19.63
2023-02-09,Price Close,20.71
2023-02-10,Price Close,20.53
2023-02-13,Price Close,20.34
2023-02-14,Price Close,18.91
2023-02-15,Price Close,18.23
2023-02-16,Price Close,20.17
2023-02-17,Price Close,20.02
2023-02-20,Price Close,21.23
2023-02-21,Price Close,22.87
2023-02-22,Price Close,22.29
2023-02-23,Price Close,21.14
2023-02-24,Price Close,21.67
2023-02-27,Price Close,20.95
2023-02-28,Price Close,20.7
2023-03-01,Price Close,20.58
2023-03-02,Price Close,19.59
2023-03-03,Price Close,18.49
2023-03-06,Price Close,18.61
2023-03-07,Price Close,19.59
2023-03-08,Price Close,19.11
2023-03-09,Price Close,22.61
2023-03-10,Price Close,24.8
2023-03-13,Price Close,26.52
2023-03-14,Price Close,23.73
2023-03-15,Price Close,26.14
2023-03-16,Price Close,22.99
2023-03-17,Price Close,25.51
2023-03-20,Price Close,24.15
2023-03-21,Price Close,21.38
2023-03-22,Price Close,22.26
2023-03-23,Price Close,22.61
2023-03-24,Price Close,21.74
2023-03-27,Price Close,20.6
2023-03-28,Price Close,19.97
2023-03-29,Price Close,19.12
2023-03-30,Price Close,19.02
2023-03-31,Price Close,18.7
2023-04-03,Price Close,18.55
2023-04-04,Price Close,19.0
2023-04-05,Price Close,19.08
2023-04-06,Price Close,18.4
2023-04-10,Price Close,18.97
2023-04-11,Price Close,19.1
2023-04-12,Price Close,19.09
2023-04-13,Price Close,17.8
2023-04-14,Price Close,17.07
2023-04-17,Price Close,16.95
2023-04-18,Price Close,16.83
2023-04-19,Price Close,16.46
2023-04-20,Price Close,17.17
2023-04-21,Price Close,16.77
2023-04-24,Price Close,16.89
2023-04-25,Price Close,18.76
2023-04-26,Price Close,18.84
2023-04-27,Price Close,17.03
2023-04-28,Price Close,15.78
2023-05-01,Price Close,16.08
2023-05-02,Price Close,17.78
2023-05-03,Price Close,18.34
2023-05-04,Price Close,20.09
2023-05-05,Price Close,17.19
2023-05-08,Price Close,16.98
2023-05-09,Price Close,17.71
2023-05-10,Price Close,16.94
2023-05-11,Price Close,16.93
2023-05-12,Price Close,17.03
2023-05-15,Price Close,17.12
2023-05-16,Price Close,17.99
2023-05-17,Price Close,16.87
2023-05-18,Price Close,16.05
2023-05-19,Price Close,16.81
2023-05-22,Price Close,17.21
2023-05-23,Price Close,18.53
2023-05-24,Price Close,20.03
2023-05-25,Price Close,19.14
2023-05-26,Price Close,17.95
2023-05-29,Price Close,17.46
2023-05-30,Price Close,17.46
2023-05-31,Price Close,17.94
2023-06-01,Price Close,15.65
2023-06-02,Price Close,14.6
2023-06-05,Price Close,14.73
2023-06-06,Price Close,13.96
2023-06-07,Price Close,13.94
2023-06-08,Price Close,13.65
2023-06-09,Price Close,13.83
2023-06-12,Price Close,15.01
2023-06-13,Price Close,14.61
2023-06-14,Price Close,13.88
2023-06-15,Price Close,14.5
2023-06-16,Price Close,13.54
2023-06-19,Price Close,14.19
2023-06-20,Price Close,13.88
2023-06-21,Price Close,13.2
2023-06-22,Price Close,12.91
2023-06-23,Price Close,13.44
2023-06-26,Price Close,14.25
2023-06-27,Price Close,13.74
2023-06-28,Price Close,13.43
2023-06-29,Price Close,13.54
2023-06-30,Price Close,13.59
2023-07-03,Price Close,13.57
2023-07-04,Price Close,13.7
2023-07-05,Price Close,14.18
2023-07-06,Price Close,15.44
2023-07-07,Price Close,14.83
2023-07-10,Price Close,15.07
2023-07-11,Price Close,14.84
2023-07-12,Price Close,13.54
2023-07-13,Price Close,13.61
2023-07-14,Price Close,13.34
2023-07-17,Price Close,13.48
2023-07-18,Price Close,13.3
2023-07-19,Price Close,13.76
2023-07-20,Price Close,13.99
2023-07-21,Price Close,13.6
2023-07-24,Price Close,13.91
2023-07-25,Price Close,13.86
2023-07-26,Price Close,13.19
2023-07-27,Price Close,14.41
2023-07-28,Price Close,13.33
2023-07-31,Price Close,13.63
2023-08-01,Price Close,13.93
2023-08-02,Price Close,16.09
2023-08-03,Price Close,15.92
2023-08-04,Price Close,17.1
2023-08-07,Price Close,15.77
2023-08-08,Price Close,15.99
2023-08-09,Price Close,15.96
2023-08-10,Price Close,15.85
2023-08-11,Price Close,14.84
2023-08-14,Price Close,14.82
2023-08-15,Price Close,16.46
2023-08-16,Price Close,16.78
2023-08-17,Price Close,17.89
2023-08-18,Price Close,17.3
2023-08-21,Price Close,17.13
2023-08-22,Price Close,16.97
2023-08-23,Price Close,15.98
2023-08-24,Price Close,17.2
2023-08-25,Price Close,15.68
2023-08-28,Price Close,15.08
2023-08-29,Price Close,14.45
2023-08-30,Price Close,13.88
2023-08-31,Price Close,13.57
2023-09-01,Price Close,13.09
2023-09-04,Price Close,13.82
2023-09-05,Price Close,14.01
2023-09-06,Price Close,14.45
2023-09-07,Price Close,14.4
2023-09-08,Price Close,13.84
2023-09-11,Price Close,13.8
2023-09-12,Price Close,14.23
2023-09-13,Price Close,13.48
2023-09-14,Price Close,12.82
2023-09-15,Price Close,13.79
2023-09-18,Price Close,14.0
2023-09-19,Price Close,14.11
2023-09-20,Price Close,15.14
2023-09-21,Price Close,17.54
2023-09-22,Price Close,17.2
2023-09-25,Price Close,16.9
2023-09-26,Price Close,18.94
2023-09-27,Price Close,18.22
2023-09-28,Price Close,17.34
2023-09-29,Price Close,17.52
2023-10-02,Price Close,17.61
2023-10-03,Price Close,19.78
2023-10-04,Price Close,18.58
2023-10-05,Price Close,18.49
2023-10-06,Price Close,17.45
2023-10-09,Price Close,17.7
2023-10-10,Price Close,17.03
2023-10-11,Price Close,16.09
2023-10-12,Price Close,16.69
2023-10-13,Price Close,19.32
2023-10-16,Price Close,17.21
2023-10-17,Price Close,17.88
2023-10-18,Price Close,19.22
2023-10-19,Price Close,21.4
2023-10-20,Price Close,21.71
2023-10-23,Price Close,20.37
2023-10-24,Price Close,18.97
2023-10-25,Price Close,20.19
2023-10-26,Price Close,20.68
2023-10-27,Price Close,21.27
2023-10-30,Price Close,19.75
2023-10-31,Price Close,18.14
2023-11-01,Price Close,16.87
2023-11-02,Price Close,15.66
2023-11-03,Price Close,14.91
2023-11-06,Price Close,14.89
2023-11-07,Price Close,14.81
2023-11-08,Price Close,14.45
2023-11-09,Price Close,15.29
2023-11-10,Price Close,14.17
2023-11-13,Price Close,14.76
2023-11-14,Price Close,14.16
2023-11-15,Price Close,14.18
2023-11-16,Price Close,14.32
2023-11-17,Price Close,13.8
2023-11-20,Price Close,13.41
2023-11-21,Price Close,13.35
2023-11-22,Price Close,12.85
2023-11-23,Price Close,12.8
2023-11-24,Price Close,12.46
2023-11-27,Price Close,12.69
2023-11-28,Price Close,12.69
2023-11-29,Price Close,12.98
2023-11-30,Price Close,12.92
2023-12-01,Price Close,12.63
2023-12-04,Price Close,13.08
2023-12-05,Price Close,12.85
2023-12-06,Price Close,12.97
2023-12-07,Price Close,13.06
2023-12-08,Price Close,12.35
2023-12-11,Price Close,12.63
2023-12-12,Price Close,12.07
2023-12-13,Price Close,12.19
2023-12-14,Price Close,12.48
2023-12-15,Price Close,12.28
2023-12-18,Price Close,12.56
2023-12-19,Price Close,12.53
2023-12-20,Price Close,13.67
2023-12-21,Price Close,13.65
2023-12-22,Price Close,13.03
2023-12-26,Price Close,12.99
2023-12-27,Price Close,12.43
2023-12-28,Price Close,12.47
2023-12-29,Price Close,12.45
2024-01-02,Price Close,13.2
2024-01-03,Price Close,14.04
2024-01-04,Price Close,14.13
2024-01-05,Price Close,13.35
2024-01-08,Price Close,13.08
2024-01-09,Price Close,12.76
2024-01-10,Price Close,12.69
2024-01-11,Price Close,12.44
2024-01-12,Price Close,12.7
2024-01-15,Price Close,13.25
2024-01-16,Price Close,13.84
2024-01-17,Price Close,14.79
2024-01-18,Price Close,14.13
2024-01-19,Price Close,13.3
2024-01-22,Price Close,13.19
2024-01-23,Price Close,12.55
2024-01-24,Price Close,13.14
2024-01-25,Price Close,13.45
2024-01-26,Price Close,13.26
2024-01-29,Price Close,13.6
2024-01-30,Price Close,13.31
2024-01-31,Price Close,14.35
2024-02-01,Price Close,13.88
2024-02-02,Price Close,13.85
2024-02-05,Price Close,13.67
2024-02-06,Price Close,13.06
2024-02-07,Price Close,12.83
2024-02-08,Price Close,12.79
2024-02-09,Price Close,12.93
2024-02-12,Price Close,13.93
2024-02-13,Price Close,15.85
2024-02-14,Price Close,14.38
2024-02-15,Price Close,14.01
2024-02-16,Price Close,14.24
2024-02-19,Price Close,14.71
2024-02-20,Price Close,15.42
2024-02-21,Price Close,15.34
2024-02-22,Price Close,14.54
2024-02-23,Price Close,13.75
2024-02-26,Price Close,13.74
2024-02-27,Price Close,13.43
2024-02-28,Price Close,13.84
2024-02-29,Price Close,13.4
2024-03-01,Price Close,13.11
2024-03-04,Price Close,13.49
2024-03-05,Price Close,14.46
2024-03-06,Price Close,14.5
2024-03-07,Price Close,14.44
2024-03-08,Price Close,14.74
2024-03-11,Price Close,15.22
2024-03-12,Price Close,13.84
2024-03-13,Price Close,13.75
2024-03-14,Price Close,14.4
2024-03-15,Price Close,14.41
2024-03-18,Price Close,14.33
2024-03-19,Price Close,13.82
2024-03-20,Price Close,13.04
2024-03-21,Price Close,12.92
2024-03-22,Price Close,13.06
2024-03-25,Price Close,13.19
2024-03-26,Price Close,13.24
2024-03-27,Price Close,12.78
2024-03-28,Price Close,13.01
2024-04-01,Price Close,13.65
2024-04-02,Price Close,14.61
2024-04-03,Price Close,14.33
2024-04-04,Price Close,16.35
2024-04-05,Price Close,16.03
2024-04-08,Price Close,15.19
2024-04-09,Price Close,14.98
2024-04-10,Price Close,15.8
2024-04-11,Price Close,14.91
2024-04-12,Price Close,17.31
2024-04-15,Price Close,19.23
2024-04-16,Price Close,18.4
2024-04-17,Price Close,18.21
2024-04-18,Price Close,18.0
2024-04-19,Price Close,18.71
2024-04-22,Price Close,16.94
2024-04-23,Price Close,15.69
2024-04-24,Price Close,15.97
2024-04-25,Price Close,15.37
2024-04-26,Price Close,15.03
2024-04-29,Price Close,14.67
2024-04-30,Price Close,15.65
2024-05-01,Price Close,15.39
2024-05-02,Price Close,14.68
2024-05-03,Price Close,13.49
2024-05-06,Price Close,13.49
2024-05-07,Price Close,13.23
2024-05-08,Price Close,13.0
2024-05-09,Price Close,12.69
2024-05-10,Price Close,12.55
2024-05-13,Price Close,13.6
2024-05-14,Price Close,13.42
2024-05-15,Price Close,12.45
2024-05-16,Price Close,12.42
2024-05-17,Price Close,11.99
2024-05-20,Price Close,12.15
2024-05-21,Price Close,11.86
2024-05-22,Price Close,12.29
2024-05-23,Price Close,12.77
2024-05-24,Price Close,11.93
2024-05-27,Price Close,12.36
2024-05-28,Price Close,12.92
2024-05-29,Price Close,14.28
2024-05-30,Price Close,14.47
2024-05-31,Price Close,12.92
2024-06-03,Price Close,13.11
2024-06-04,Price Close,13.16
2024-06-05,Price Close,12.63
2024-06-06,Price Close,12.58
2024-06-07,Price Close,12.22
2024-06-10,Price Close,12.74
2024-06-11,Price Close,12.85
2024-06-12,Price Close,12.04
2024-06-13,Price Close,11.94
2024-06-14,Price Close,12.66
2024-06-17,Price Close,12.75
2024-06-18,Price Close,12.3
2024-06-19,Price Close,12.48
2024-06-20,Price Close,13.28
2024-06-21,Price Close,13.2
2024-06-24,Price Close,13.33
2024-06-25,Price Close,12.84
2024-06-26,Price Close,12.55
2024-06-27,Price Close,12.24
2024-06-28,Price Close,12.44
2024-07-01,Price Close,12.22
2024-07-02,Price Close,12.03
2024-07-03,Price Close,12.09
2024-07-04,Price Close,12.26
2024-07-05,Price Close,12.48
2024-07-08,Price Close,12.37
2024-07-09,Price Close,12.51
2024-07-10,Price Close,12.85
2024-07-11,Price Close,12.92
2024-07-12,Price Close,12.46
2024-07-15,Price Close,13.12
2024-07-16,Price Close,13.19
2024-07-17,Price Close,14.48
2024-07-18,Price Close,15.93
2024-07-19,Price Close,16.52
2024-07-22,Price Close,14.91
2024-07-23,Price Close,14.72
2024-07-24,Price Close,18.04
2024-07-25,Price Close,18.46
2024-07-26,Price Close,16.39
2024-07-29,Price Close,16.6
2024-07-30,Price Close,17.69
2024-07-31,Price Close,16.36
2024-08-01,Price Close,18.59
2024-08-02,Price Close,23.39
2024-08-05,Price Close,38.57
2024-08-06,Price Close,27.71
2024-08-07,Price Close,27.85
2024-08-08,Price Close,23.79
2024-08-09,Price Close,20.37
2024-08-12,Price Close,20.71
2024-08-13,Price Close,18.12
2024-08-14,Price Close,16.19
2024-08-15,Price Close,15.23
2024-08-16,Price Close,14.8
2024-08-19,Price Close,14.65
2024-08-20,Price Close,15.88
2024-08-21,Price Close,16.27
2024-08-22,Price Close,17.55
2024-08-23,Price Close,15.86
2024-08-26,Price Close,16.15
2024-08-27,Price Close,15.43
2024-08-28,Price Close,17.11
2024-08-29,Price Close,15.65
2024-08-30,Price Close,15.0
2024-09-02,Price Close,15.55
2024-09-03,Price Close,20.72
2024-09-04,Price Close,21.32
2024-09-05,Price Close,19.9
2024-09-06,Price Close,22.38
2024-09-09,Price Close,19.45
2024-09-10,Price Close,19.08
2024-09-11,Price Close,17.69
2024-09-12,Price Close,17.07
2024-09-13,Price Close,16.56
2024-09-16,Price Close,17.14
2024-09-17,Price Close,17.61
2024-09-18,Price Close,18.23
2024-09-19,Price Close,16.33
2024-09-20,Price Close,16.15
2024-09-23,Price Close,15.89
2024-09-24,Price Close,15.39
2024-09-25,Price Close,15.41
2024-09-26,Price Close,15.37
2024-09-27,Price Close,16.96
2024-09-30,Price Close,16.73
2024-10-01,Price Close,19.26
2024-10-02,Price Close,18.9
2024-10-03,Price Close,20.49
2024-10-04,Price Close,19.21
2024-10-07,Price Close,22.64
2024-10-08,Price Close,21.42
2024-10-09,Price Close,20.86
2024-10-10,Price Close,20.93
2024-10-11,Price Close,20.46
2024-10-14,Price Close,19.7
2024-10-15,Price Close,20.64
2024-10-16,Price Close,19.58
2024-10-17,Price Close,19.11
2024-10-18,Price Close,18.03
2024-10-21,Price Close,18.37
2024-10-22,Price Close,18.2
2024-10-23,Price Close,19.24
2024-10-24,Price Close,19.08
2024-10-25,Price Close,20.33
2024-10-28,Price Close,19.8
2024-10-29,Price Close,19.34
2024-10-30,Price Close,20.35
2024-10-31,Price Close,23.16
2024-11-01,Price Close,21.88
2024-11-04,Price Close,21.98
2024-11-05,Price Close,20.49
2024-11-06,Price Close,16.27
2024-11-07,Price Close,15.2
2024-11-08,Price Close,14.94
2024-11-11,Price Close,14.97
2024-11-12,Price Close,14.71
2024-11-13,Price Close,14.02
2024-11-14,Price Close,14.31
2024-11-15,Price Close,16.14
2024-11-18,Price Close,15.58
2024-11-19,Price Close,16.35
2024-11-20,Price Close,17.16
2024-11-21,Price Close,16.87
2024-11-22,Price Close,15.24
2024-11-25,Price Close,14.6
2024-11-26,Price Close,14.1
2024-11-27,Price Close,14.1
2024-11-28,Price Close,13.9
2024-11-29,Price Close,13.51
2024-12-02,Price Close,13.34
2024-12-03,Price Close,13.3
2024-12-04,Price Close,13.45
2024-12-05,Price Close,13.54
2024-12-06,Price Close,12.77
2024-12-09,Price Close,14.19
2024-12-10,Price Close,14.18
2024-12-11,Price Close,13.58
2024-12-12,Price Close,13.92
2024-12-13,Price Close,13.81
2024-12-16,Price Close,14.69
2024-12-17,Price Close,15.87
2024-12-18,Price Close,27.62
2024-12-19,Price Close,24.09
2024-12-20,Price Close,18.36
2024-12-23,Price Close,16.78
2024-12-24,Price Close,14.27
2024-12-26,Price Close,14.73
2024-12-27,Price Close,15.95
2024-12-30,Price Close,17.4
2024-12-31,Price Close,17.35
2025-01-02,Price Close,17.93
2025-01-03,Price Close,16.13
2025-01-06,Price Close,16.04
2025-01-07,Price Close,17.82
2025-01-08,Price Close,17.7
2025-01-09,Price Close,18.07
2025-01-10,Price Close,19.54
2025-01-13,Price Close,19.19
2025-01-14,Price Close,18.71
2025-01-15,Price Close,16.12
2025-01-16,Price Close,16.6
2025-01-17,Price Close,15.97
2025-01-20,Price Close,15.81
2025-01-21,Price Close,15.06
2025-01-22,Price Close,15.1
2025-01-23,Price Close,15.02
2025-01-24,Price Close,14.85
2025-01-27,Price Close,17.9
2025-01-28,Price Close,16.41
2025-01-29,Price Close,16.56
2025-01-30,Price Close,15.84
2025-01-31,Price Close,16.43
2025-02-03,Price Close,18.62
2025-02-04,Price Close,17.21
2025-02-05,Price Close,15.77
2025-02-06,Price Close,15.5
2025-02-07,Price Close,16.54
2025-02-10,Price Close,15.81
2025-02-11,Price Close,16.02
2025-02-12,Price Close,15.89
2025-02-13,Price Close,15.1
2025-02-14,Price Close,14.77
2025-02-17,Price Close,15.37
2025-02-18,Price Close,15.35
2025-02-19,Price Close,15.27
2025-02-20,Price Close,15.66
2025-02-21,Price Close,18.21
2025-02-24,Price Close,18.98
2025-02-25,Price Close,19.43
2025-02-26,Price Close,19.1
2025-02-27,Price Close,21.13
2025-02-28,Price Close,19.63
2025-03-03,Price Close,22.78
2025-03-04,Price Close,23.51
2025-03-05,Price Close,21.93
2025-03-06,Price Close,24.87
2025-03-07,Price Close,23.37
2025-03-10,Price Close,27.86
2025-03-11,Price Close,26.92
2025-03-12,Price Close,24.23
2025-03-13,Price Close,24.66
2025-03-14,Price Close,21.77
2025-03-17,Price Close,20.51
2025-03-18,Price Close,21.7
2025-03-19,Price Close,19.9
2025-03-20,Price Close,19.8
2025-03-21,Price Close,19.28
2025-03-24,Price Close,17.48
2025-03-25,Price Close,17.15
2025-03-26,Price Close,18.33
2025-03-27,Price Close,18.69
2025-03-28,Price Close,21.65
2025-03-31,Price Close,22.28
2025-04-01,Price Close,21.77
2025-04-02,Price Close,21.51
2025-04-03,Price Close,30.02
2025-04-04,Price Close,45.31
2025-04-07,Price Close,46.98
2025-04-08,Price Close,52.33
2025-04-09,Price Close,33.62
2025-04-10,Price Close,40.72
2025-04-11,Price Close,37.56
2025-04-14,Price Close,30.89
2025-04-15,Price Close,30.12
2025-04-16,Price Close,32.64
2025-04-17,Price Close,29.65
2025-04-21,Price Close,33.82
2025-04-22,Price Close,30.57
2025-04-23,Price Close,28.45
2025-04-24,Price Close,26.47
2025-04-25,Price Close,24.84
2025-04-28,Price Close,25.15
2025-04-29,Price Close,24.17
2025-04-30,Price Close,24.7
2025-05-01,Price Close,24.6
2025-05-02,Price Close,22.68
2025-05-05,Price Close,23.64
2025-05-06,Price Close,24.76
2025-05-07,Price Close,23.55
2025-05-08,Price Close,22.48
2025-05-09,Price Close,21.9
2025-05-12,Price Close,18.39
2025-05-13,Price Close,18.22
2025-05-14,Price Close,18.62
2025-05-15,Price Close,17.83
2025-05-16,Price Close,17.24
2025-05-19,Price Close,18.14
2025-05-20,Price Close,18.09
2025-05-21,Price Close,20.87
2025-05-22,Price Close,20.28
2025-05-23,Price Close,22.29
2025-05-26,Price Close,20.57
2025-05-27,Price Close,18.96
2025-05-28,Price Close,19.31
2025-05-29,Price Close,19.18
2025-05-30,Price Close,18.57
2025-06-02,Price Close,18.36
2025-06-03,Price Close,17.69
2025-06-04,Price Close,17.61
2025-06-05,Price Close,18.48
2025-06-06,Price Close,16.77
2025-06-09,Price Close,17.16
2025-06-10,Price Close,16.95
2025-06-11,Price Close,17.26
2025-06-12,Price Close,18.02
2025-06-13,Price Close,20.82
2025-06-16,Price Close,19.11
2025-06-17,Price Close,21.6
2025-06-18,Price Close,20.14
2025-06-19,Price Close,22.17
2025-06-20,Price Close,20.62
2025-06-23,Price Close,19.83
2025-06-24,Price Close,17.48
2025-06-25,Price Close,16.76
2025-06-26,Price Close,16.59
2025-06-27,Price Close,16.32
2025-06-30,Price Close,16.73
2025-07-01,Price Close,16.83
2025-07-02,Price Close,16.64
2025-07-03,Price Close,16.38
2025-07-04,Price Close,17.48
2025-07-07,Price Close,17.79
2025-07-08,Price Close,16.81
2025-07-09,Price Close,15.94
2025-07-10,Price Close,15.78
2025-07-11,Price Close,16.4
2025-07-14,Price Close,17.2
2025-07-15,Price Close,17.38
2025-07-16,Price Close,17.16
2025-07-17,Price Close,16.52
2025-07-18,Price Close,16.41
2025-07-21,Price Close,16.65
2025-07-22,Price Close,16.5
2025-07-23,Price Close,15.37
2025-07-24,Price Close,15.39
2025-07-25,Price Close,14.93
2025-07-28,Price Close,15.03
2025-07-29,Price Close,15.98
2025-07-30,Price Close,15.48
2025-07-31,Price Close,16.72
2025-08-01,Price Close,20.38
2025-08-04,Price Close,17.52
2025-08-05,Price Close,17.85
2025-08-06,Price Close,16.77
2025-08-07,Price Close,16.57
2025-08-08,Price Close,15.15
2025-08-11,Price Close,16.25
2025-08-12,Price Close,14.73
2025-08-13,Price Close,14.49
2025-08-14,Price Close,14.83
2025-08-15,Price Close,15.09
2025-08-18,Price Close,14.99
2025-08-19,Price Close,15.57
2025-08-20,Price Close,15.69
2025-08-21,Price Close,16.6
2025-08-22,Price Close,14.22
2025-08-25,Price Close,14.79
2025-08-26,Price Close,14.62
2025-08-27,Price Close,14.85
2025-08-28,Price Close,14.43
2025-08-29,Price Close,15.36
2025-09-01,Price Close,16.12
2025-09-02,Price Close,17.17
2025-09-03,Price Close,16.35
2025-09-04,Price Close,15.3
2025-09-05,Price Close,15.18
2025-09-08,Price Close,15.11
2025-09-09,Price Close,15.04
2025-09-10,Price Close,15.35
2025-09-11,Price Close,14.71
2025-09-12,Price Close,14.76
2025-09-15,Price Close,15.69
2025-09-16,Price Close,16.36
2025-09-17,Price Close,15.72
2025-09-18,Price Close,15.7
2025-09-19,Price Close,15.45
2025-09-22,Price Close,16.1
2025-09-23,Price Close,16.64
2025-09-24,Price Close,16.18
2025-09-25,Price Close,16.74
2025-09-26,Price Close,15.29
2025-09-29,Price Close,16.12
2025-09-30,Price Close,16.28
2025-10-01,Price Close,16.29
2025-10-02,Price Close,16.63
2025-10-03,Price Close,16.65
2025-10-06,Price Close,16.37
2025-10-07,Price Close,17.24
2025-10-08,Price Close,16.3
2025-10-09,Price Close,16.43
2025-10-10,Price Close,21.66
2025-10-13,Price Close,19.03
2025-10-14,Price Close,20.81
2025-10-15,Price Close,20.64
2025-10-16,Price Close,25.31
2025-10-17,Price Close,20.78
2025-10-20,Price Close,18.23
2025-10-21,Price Close,17.87
2025-10-22,Price Close,18.6
2025-10-23,Price Close,17.3
2025-10-24,Price Close,16.37
2025-10-27,Price Close,15.79
2025-10-28,Price Close,16.42
2025-10-29,Price Close,16.92
2025-10-30,Price Close,16.91
2025-10-31,Price Close,17.44
2025-11-03,Price Close,17.17
2025-11-04,Price Close,19.0
2025-11-05,Price Close,18.01
2025-11-06,Price Close,19.5
2025-11-07,Price Close,19.08
2025-11-10,Price Close,17.6
2025-11-11,Price Close,17.28
2025-11-12,Price Close,17.51
2025-11-13,Price Close,20.0
2025-11-14,Price Close,19.83
2025-11-17,Price Close,22.38
2025-11-18,Price Close,24.69
2025-11-19,Price Close,23.66
2025-11-20,Price Close,26.42
2025-11-21,Price Close,23.43
2025-11-24,Price Close,20.52
2025-11-25,Price Close,18.56
2025-11-26,Price Close,17.19
2025-11-27,Price Close,17.21
2025-11-28,Price Close,16.35
2025-12-01,Price Close,17.24
2025-12-02,Price Close,16.59
2025-12-03,Price Close,16.08
2025-12-04,Price Close,15.78
2025-12-05,Price Close,15.41
2025-12-08,Price Close,16.66
2025-12-09,Price Close,16.93
2025-12-10,Price Close,15.77
2025-12-11,Price Close,14.85
2025-12-12,Price Close,15.74
2025-12-15,Price Close,16.5
2025-12-16,Price Close,16.48
2025-12-17,Price Close,17.62
2025-12-18,Price Close,16.87
2025-12-19,Price Close,14.91
2025-12-22,Price Close,14.08
2025-12-23,Price Close,14.0
2025-12-24,Price Close,13.47
2025-12-26,Price Close,13.6
2025-12-29,Price Close,14.2
2025-12-30,Price Close,14.33
2025-12-31,Price Close,14.95
2026-01-02,Price Close,14.51
2026-01-05,Price Close,14.9
2026-01-06,Price Close,14.75
2026-01-07,Price Close,15.38
2026-01-08,Price Close,15.45
2026-01-09,Price Close,14.49
2026-01-12,Price Close,15.12
2026-01-13,Price Close,15.98
2026-01-14,Price Close,16.75
2026-01-15,Price Close,15.84
2026-01-16,Price Close,15.86
2026-01-19,Price Close,18.84
2026-01-20,Price Close,20.09
2026-01-21,Price Close,16.9
2026-01-22,Price Close,15.64
2026-01-23,Price Close,16.09
2026-01-26,Price Close,16.15
2026-01-27,Price Close,16.35
2026-01-28,Price Close,16.35
2026-01-29,Price Close,16.88
2026-01-30,Price Close,17.44
2026-02-02,Price Close,16.34
2026-02-03,Price Close,18.0
2026-02-04,Price Close,18.64
2026-02-05,Price Close,21.77
2026-02-06,Price Close,17.76
2026-02-09,Price Close,17.36
2026-02-10,Price Close,17.79
2026-02-11,Price Close,17.65
2026-02-12,Price Close,20.82
2026-02-13,Price Close,20.6
2026-02-16,Price Close,21.2
2026-02-17,Price Close,20.29
2026-02-18,Price Close,19.62
2026-02-19,Price Close,20.23
2026-02-20,Price Close,19.09
2026-02-23,Price Close,21.01
2026-02-24,Price Close,19.55
2026-02-25,Price Close,17.93
2026-02-26,Price Close,18.63
2026-02-27,Price Close,19.86
2026-03-02,Price Close,21.44
2026-03-03,Price Close,23.57
2026-03-04,Price Close,21.15
2026-03-05,Price Close,23.75
2026-03-06,Price Close,29.49
2026-03-09,Price Close,25.5
2026-03-10,Price Close,24.93
2026-03-11,Price Close,24.23
2026-03-12,Price Close,27.29
2026-03-13,Price Close,27.19
2026-03-16,Price Close,23.51
2026-03-17,Price Close,22.37
2026-03-18,Price Close,25.09
2026-03-19,Price Close,24.06
2026-03-20,Price Close,26.78
2026-03-23,Price Close,26.15
