internal_code,currency,target_notional
A.N,USD,631.8
AA.N,USD,3681.02
AAL.OQ,USD,-1240.28
AAMI.N,USD,0.0
AAOI.OQ,USD,569.0
AAON.OQ,USD,451.03
AAP.N,USD,-3683.33
AAPL.OQ,USD,312.42
AARD.OQ,USD,-2729.51
AAT.N,USD,0.0
ABAT.OQ,USD,-564.2
ABBV.N,USD,2745.56
ABCB.N,USD,818.55
ABEO.OQ,USD,0.0
ABG.N,USD,-3518.65
ABM.N,USD,-287.87
ABNB.OQ,USD,-2367.06
ABR.N,USD,170.48
ABSI.OQ,USD,0.0
ABT.N,USD,1635.15
ABUS.OQ,USD,0.0
ABX.N,USD,0.0
ACA.N,USD,1219.6
ACAD.OQ,USD,-667.37
ACCO.N,USD,0.0
ACDC.OQ,USD,0.0
ACEL.N,USD,972.56
ACGL.OQ,USD,1222.52
ACH.N,USD,0.0
ACHC.OQ,USD,-444.52
ACHR.N,USD,-1498.85
ACI.N,USD,1226.59
ACIC.OQ,USD,0.0
ACIW.OQ,USD,-1816.6
ACLS.OQ,USD,-2742.94
ACLX.OQ,USD,1868.49
ACM.N,USD,357.63
ACMR.OQ,USD,-68.63
ACN.N,USD,-3292.34
ACNB.OQ,USD,0.0
ACNT.OQ,USD,1513.57
ACR.N,USD,0.0
ACRE.N,USD,-1102.55
ACRS.OQ,USD,0.0
ACT.OQ,USD,1170.88
ACTG.OQ,USD,0.0
ACTU.OQ,USD,0.0
ACU.A,USD,0.0
ACVA.N,USD,-1457.57
ADAM.OQ,USD,0.0
ADBE.OQ,USD,-2996.95
ADC.N,USD,2691.19
ADCT.N,USD,0.0
ADEA.OQ,USD,514.77
ADI.OQ,USD,99.5
ADM.N,USD,2395.25
ADMA.OQ,USD,-414.75
ADNT.N,USD,-1659.04
ADP.OQ,USD,18.71
ADPT.OQ,USD,-58.78
ADSK.OQ,USD,-2081.22
ADT.N,USD,-482.32
ADTN.OQ,USD,0.0
ADUS.OQ,USD,967.06
ADV.OQ,USD,-591.17
AEBI.OQ,USD,896.03
AEE.N,USD,2332.56
AEHR.OQ,USD,-487.87
AEIS.OQ,USD,1873.78
AEO.N,USD,-1529.87
AEP.OQ,USD,2836.44
AES.N,USD,976.54
AESI.N,USD,-1624.05
AEVA.OQ,USD,-1189.81
AEYE.OQ,USD,-486.82
AFG.N,USD,2305.3
AFL.N,USD,1782.44
AFRI.OQ,USD,0.0
AFRM.OQ,USD,-2257.34
AGCO.N,USD,-250.52
AGIO.OQ,USD,1068.41
AGL.N,USD,0.0
AGM.N,USD,-421.94
AGNC.OQ,USD,2395.3
AGO.N,USD,876.13
AGX.N,USD,1265.46
AGYS.OQ,USD,-2538.89
AHCO.OQ,USD,0.0
AHH.N,USD,0.0
AHL.N,USD,5381.37
AHR.N,USD,1810.82
AI.N,USD,-1446.3
AIG.N,USD,652.31
AII.N,USD,926.03
AIN.N,USD,306.89
AIOT.OQ,USD,0.0
AIP.OQ,USD,0.0
AIR.N,USD,1254.33
AIRJ.OQ,USD,0.0
AIRO.OQ,USD,0.0
AIRS.OQ,USD,-273.92
AISP.OQ,USD,-704.51
AIT.N,USD,-481.37
AIV.N,USD,0.0
AIZ.N,USD,955.51
AJG.N,USD,248.01
AKAM.OQ,USD,-999.78
AKBA.OQ,USD,0.0
AKR.N,USD,903.13
AL.N,USD,907.06
ALAB.OQ,USD,-1772.8
ALB.N,USD,953.93
ALCO.OQ,USD,0.0
ALDX.OQ,USD,-292.43
ALEC.OQ,USD,0.0
ALEX.N,USD,1120.26
ALG.N,USD,294.69
ALGM.OQ,USD,-4002.28
ALGN.OQ,USD,977.3
ALGT.OQ,USD,-2358.33
ALH.N,USD,0.0
ALHC.OQ,USD,613.79
ALIT.N,USD,-1224.65
ALK.N,USD,-1973.23
ALKS.OQ,USD,931.76
ALKT.OQ,USD,-1255.67
ALL.N,USD,866.73
ALLE.N,USD,914.18
ALLO.OQ,USD,0.0
ALLY.N,USD,-1648.1
ALMS.OQ,USD,0.0
ALMU.OQ,USD,0.0
ALNT.OQ,USD,126.7
ALNY.OQ,USD,43.7
ALRM.OQ,USD,-910.04
ALRS.OQ,USD,0.0
ALSN.N,USD,3684.76
ALT.OQ,USD,0.0
ALTG.N,USD,0.0
ALTI.OQ,USD,265.7
ALX.N,USD,2511.74
AM.N,USD,3300.61
AMAL.OQ,USD,783.31
AMAT.OQ,USD,1478.38
AMBA.OQ,USD,-1697.55
AMBP.N,USD,0.0
AMBQ.N,USD,1135.65
AMC.N,USD,-2915.4
AMCR.N,USD,357.62
AMCX.OQ,USD,0.0
AMD.OQ,USD,-2039.94
AME.N,USD,2551.27
AMG.N,USD,499.38
AMGN.OQ,USD,1852.5
AMH.N,USD,969.18
AMKR.OQ,USD,-1356.25
AMLX.OQ,USD,1170.31
AMN.N,USD,-1510.21
AMP.N,USD,-2718.89
AMPH.OQ,USD,503.51
AMPL.OQ,USD,-2428.3
AMPX.N,USD,811.49
AMR.N,USD,533.45
AMRC.N,USD,-1263.38
AMRX.OQ,USD,752.1
AMSC.OQ,USD,-1291.21
AMSF.OQ,USD,0.0
AMT.N,USD,1474.2
AMTB.N,USD,0.0
AMTM.N,USD,0.0
AMWD.OQ,USD,119.99
AMZN.OQ,USD,-2283.39
AN.N,USD,-48.5
ANAB.OQ,USD,895.84
ANDE.OQ,USD,3181.76
ANET.N,USD,-1198.29
ANF.N,USD,-2577.06
ANGI.OQ,USD,-1384.06
ANGO.OQ,USD,-939.56
ANIK.OQ,USD,335.19
ANIP.OQ,USD,965.78
ANNX.OQ,USD,0.0
AOMR.N,USD,273.21
AON.N,USD,958.75
AORT.N,USD,-127.48
AOS.N,USD,677.48
AOSL.OQ,USD,0.0
AOUT.OQ,USD,0.0
APA.OQ,USD,-457.69
APAM.N,USD,-2624.7
APD.N,USD,853.89
APEI.OQ,USD,570.34
APG.N,USD,907.11
APGE.OQ,USD,1900.3
APH.N,USD,-1569.04
APLD.OQ,USD,-890.38
APLE.N,USD,-574.48
APLS.OQ,USD,1635.55
APO.N,USD,-1591.84
APOG.OQ,USD,0.0
APP.OQ,USD,-1750.56
APPF.OQ,USD,-2182.89
APPN.OQ,USD,-1893.73
APPS.OQ,USD,-1467.05
APTV.N,USD,-3305.51
AQST.OQ,USD,1763.76
AR.N,USD,-3116.15
ARAI.OQ,USD,109.98
ARAY.OQ,USD,0.0
ARCB.OQ,USD,-1197.82
ARCT.OQ,USD,0.0
ARDT.N,USD,0.0
ARDX.OQ,USD,224.51
ARE.N,USD,-1418.82
AREN.A,USD,0.0
ARES.N,USD,-1632.32
ARHS.OQ,USD,0.0
ARI.N,USD,0.0
ARKO.OQ,USD,304.81
ARL.N,USD,0.0
ARLO.N,USD,-1771.0
ARMK.N,USD,857.69
AROC.N,USD,3344.44
AROW.OQ,USD,0.0
ARQ.OQ,USD,0.0
ARQT.OQ,USD,1703.57
ARR.N,USD,2083.71
ARRY.OQ,USD,-1421.33
ARVN.OQ,USD,2105.5
ARW.N,USD,776.13
ARWR.OQ,USD,2905.19
AS.N,USD,-2103.37
ASAN.N,USD,-1662.93
ASB.N,USD,306.11
ASC.N,USD,748.42
ASGN.N,USD,-1041.68
ASH.N,USD,-1396.96
ASIC.N,USD,-683.19
ASIX.N,USD,0.0
ASLE.OQ,USD,0.0
ASO.OQ,USD,-1864.38
ASPI.OQ,USD,0.0
ASPN.N,USD,0.0
ASST.OQ,USD,-1089.54
ASTE.OQ,USD,947.0
ASTH.OQ,USD,-1328.28
ASTS.OQ,USD,-1019.69
ASUR.OQ,USD,0.0
ATEC.OQ,USD,-1839.55
ATEN.N,USD,-1743.71
ATEX.OQ,USD,631.48
ATGE.N,USD,1014.22
ATI.N,USD,2083.69
ATKR.N,USD,-393.75
ATLC.OQ,USD,-1413.64
ATLN.OQ,USD,0.0
ATLO.OQ,USD,1193.8
ATMU.N,USD,2013.15
ATNI.OQ,USD,0.0
ATO.N,USD,2886.34
ATOM.OQ,USD,-653.12
ATR.N,USD,1685.77
ATRC.OQ,USD,-3795.58
ATRO.OQ,USD,1801.27
ATYR.OQ,USD,0.0
AU.N,USD,1638.6
AUB.N,USD,-804.66
AUPH.OQ,USD,2524.23
AUR.OQ,USD,-3477.89
AURA.OQ,USD,0.0
AVA.N,USD,1861.04
AVAH.OQ,USD,0.0
AVAV.OQ,USD,-891.63
AVB.N,USD,896.16
AVBH.OQ,USD,2366.51
AVBP.OQ,USD,0.0
AVD.N,USD,0.0
AVGO.OQ,USD,-913.38
AVIR.OQ,USD,0.0
AVNS.N,USD,0.0
AVNT.N,USD,-2301.24
AVNW.OQ,USD,0.0
AVO.OQ,USD,927.65
AVPT.OQ,USD,-1925.89
AVR.OQ,USD,1894.8
AVT.OQ,USD,534.47
AVTR.N,USD,-1134.06
AVXL.OQ,USD,-1298.87
AVY.N,USD,116.74
AWI.N,USD,-1023.68
AWK.N,USD,2275.41
AWR.N,USD,3383.05
AX.N,USD,-925.74
AXGN.OQ,USD,1194.44
AXON.OQ,USD,-1208.3
AXP.N,USD,-1381.42
AXS.N,USD,1121.06
AXSM.OQ,USD,2117.38
AXTA.N,USD,-305.31
AYI.N,USD,-2364.5
AZO.N,USD,1195.35
AZTA.OQ,USD,-1289.21
AZZ.N,USD,953.93
BA.N,USD,-281.18
BAC.N,USD,124.07
BAH.N,USD,-2396.4
BALL.N,USD,1501.3
BALY.N,USD,0.0
BAM.N,USD,-2980.27
BANC.N,USD,-949.73
BAND.OQ,USD,-1695.96
BANF.OQ,USD,-845.08
BANR.OQ,USD,822.17
BARK.N,USD,0.0
BATRA.OQ,USD,1010.31
BATRK.OQ,USD,1152.74
BAX.N,USD,-865.59
BBAI.N,USD,-449.29
BBBY.N,USD,-634.85
BBCP.OQ,USD,274.32
BBIO.OQ,USD,1435.17
BBNX.OQ,USD,-1187.37
BBSI.OQ,USD,0.0
BBT.N,USD,1065.11
BBUC.N,USD,0.0
BBW.N,USD,-1357.8
BBWI.N,USD,-2462.96
BBY.N,USD,-2052.04
BC.N,USD,-2074.92
BCAL.OQ,USD,0.0
BCAX.OQ,USD,377.02
BCBP.OQ,USD,462.45
BCC.N,USD,-2275.92
BCML.OQ,USD,0.0
BCO.N,USD,520.51
BCPC.OQ,USD,1716.79
BCRX.OQ,USD,1369.97
BDC.N,USD,-1989.54
BDN.N,USD,125.19
BDX.N,USD,945.22
BE.N,USD,720.71
BEAM.OQ,USD,50.44
BEEP.OQ,USD,0.0
BELFA.OQ,USD,2392.01
BELFB.OQ,USD,-271.99
BEN.N,USD,-47.49
BEPC.N,USD,1152.95
BETR.OQ,USD,-765.27
BFAM.N,USD,-1201.36
BFC.OQ,USD,0.0
BFH.N,USD,-2642.04
BFLY.N,USD,0.0
BFS.N,USD,0.0
BFST.OQ,USD,2233.95
BFa.N,USD,-1650.73
BFb.N,USD,-4.19
BG.N,USD,2190.99
BGC.OQ,USD,-901.45
BGS.N,USD,0.0
BH.N,USD,0.0
BHB.A,USD,0.0
BHE.N,USD,1567.88
BHF.OQ,USD,-981.48
BHR.N,USD,0.0
BHRB.OQ,USD,0.0
BHVN.N,USD,22.24
BIIB.OQ,USD,1745.11
BILL.N,USD,-1187.82
BIO.N,USD,-934.98
BIOA.OQ,USD,0.0
BIPC.N,USD,1304.28
BIRK.N,USD,-1482.0
BJ.N,USD,1387.52
BJRI.OQ,USD,-2190.05
BK.N,USD,917.14
BKD.N,USD,1828.98
BKE.N,USD,-906.95
BKH.N,USD,2526.62
BKKT.N,USD,0.0
BKNG.OQ,USD,-3549.44
BKR.OQ,USD,475.64
BKSY.N,USD,-895.5
BKTI.A,USD,0.0
BKU.N,USD,875.69
BKV.N,USD,-1021.81
BL.OQ,USD,-1728.25
BLBD.OQ,USD,520.14
BLD.N,USD,-412.67
BLDR.N,USD,-1423.5
BLFS.OQ,USD,315.06
BLFY.OQ,USD,0.0
BLK.N,USD,-755.66
BLKB.OQ,USD,-3829.85
BLMN.OQ,USD,-1394.12
BLND.N,USD,0.0
BLSH.N,USD,-538.12
BLX.N,USD,1695.8
BLZE.OQ,USD,0.0
BMBL.OQ,USD,-1065.25
BMI.N,USD,-1944.98
BMRC.OQ,USD,0.0
BMRN.OQ,USD,912.83
BMY.N,USD,3387.32
BNED.N,USD,0.0
BNL.N,USD,1151.27
BNTC.OQ,USD,0.0
BOC.N,USD,2143.49
BOH.N,USD,906.93
BOKF.OQ,USD,1015.27
BOOM.OQ,USD,0.0
BOOT.N,USD,-3821.26
BORR.N,USD,-1442.25
BOW.N,USD,0.0
BOX.N,USD,-1012.63
BPOP.OQ,USD,906.51
BPRN.OQ,USD,0.0
BR.N,USD,-415.2
BRBR.N,USD,-1338.94
BRBS.A,USD,0.0
BRCB.OQ,USD,-472.88
BRCC.N,USD,42.12
BRKR.OQ,USD,-94.61
BRKb.N,USD,1947.97
BRO.N,USD,-95.88
BROS.N,USD,-2062.06
BRSL.N,USD,-518.2
BRSP.N,USD,0.0
BRT.N,USD,0.0
BRX.N,USD,990.09
BRZE.OQ,USD,-2016.82
BSET.OQ,USD,0.0
BSRR.OQ,USD,0.0
BSVN.OQ,USD,0.0
BSX.N,USD,-1181.37
BSY.OQ,USD,-2222.02
BTBT.OQ,USD,-1975.13
BTDR.OQ,USD,-568.47
BTMD.OQ,USD,-101.09
BTSG.OQ,USD,1000.77
BTU.N,USD,959.42
BULL.OQ,USD,-2328.08
BUR.N,USD,-2337.69
BURL.N,USD,-935.47
BUSE.OQ,USD,728.1
BV.N,USD,508.33
BVFL.OQ,USD,936.0
BVS.OQ,USD,0.0
BWA.N,USD,-1094.87
BWB.OQ,USD,0.0
BWFG.OQ,USD,0.0
BWIN.OQ,USD,-1618.95
BWMN.OQ,USD,0.0
BWXT.N,USD,1710.12
BX.N,USD,-1538.77
BXC.N,USD,0.0
BXMT.N,USD,910.8
BXP.N,USD,-1699.16
BY.N,USD,0.0
BYD.N,USD,-369.99
BYND.OQ,USD,-1985.95
BYRN.OQ,USD,0.0
BZAI.OQ,USD,586.99
BZH.N,USD,-46.03
C.N,USD,856.72
CABO.N,USD,-1634.68
CAC.OQ,USD,0.0
CACC.OQ,USD,-3440.65
CACI.N,USD,3557.93
CADL.OQ,USD,0.0
CAG.N,USD,770.45
CAH.N,USD,1146.38
CAI.OQ,USD,190.75
CAKE.OQ,USD,-988.18
CAL.N,USD,1225.44
CALM.OQ,USD,1156.34
CALX.N,USD,-1484.66
CALY.N,USD,-1016.0
CAPR.OQ,USD,1276.71
CAR.OQ,USD,-1115.89
CARE.OQ,USD,2665.42
CARG.OQ,USD,-2190.66
CARL.OQ,USD,-225.12
CARR.N,USD,-890.31
CARS.N,USD,0.0
CART.OQ,USD,-685.17
CASH.OQ,USD,1170.57
CASS.OQ,USD,0.0
CASY.OQ,USD,3762.58
CAT.N,USD,2011.2
CATX.A,USD,0.0
CATY.OQ,USD,908.99
CAVA.N,USD,0.0
CB.N,USD,1736.99
CBAN.N,USD,0.0
CBFV.OQ,USD,0.0
CBK.OQ,USD,2098.79
CBL.N,USD,-366.14
CBLL.OQ,USD,906.88
CBNA.N,USD,911.1
CBNK.OQ,USD,0.0
CBOE.Z,USD,1794.82
CBRE.N,USD,-1549.56
CBRL.OQ,USD,-1681.56
CBSH.OQ,USD,526.77
CBT.N,USD,-240.11
CBU.N,USD,887.43
CBZ.N,USD,-485.97
CC.N,USD,-1997.78
CCB.OQ,USD,-1575.72
CCBG.OQ,USD,0.0
CCC.OQ,USD,-3146.36
CCI.N,USD,1320.62
CCK.N,USD,335.15
CCL.N,USD,-1466.54
CCNE.OQ,USD,4917.16
CCOI.OQ,USD,1088.74
CCRN.OQ,USD,0.0
CCS.N,USD,-577.06
CCSI.OQ,USD,0.0
CD.OQ,USD,0.0
CDE.N,USD,2092.11
CDNA.OQ,USD,-119.63
CDNS.OQ,USD,-4334.03
CDP.N,USD,2175.78
CDRE.N,USD,581.66
CDW.OQ,USD,-2831.24
CDXS.OQ,USD,0.0
CDZI.OQ,USD,274.51
CE.N,USD,-2141.78
CECO.OQ,USD,-73.62
CEG.OQ,USD,-868.85
CELC.OQ,USD,1419.17
CELH.OQ,USD,-758.76
CENT.OQ,USD,124.09
CENTA.OQ,USD,0.0
CENX.OQ,USD,1114.54
CERS.OQ,USD,0.0
CERT.OQ,USD,-1842.91
CEVA.OQ,USD,-1666.69
CF.N,USD,3187.4
CFBK.OQ,USD,0.0
CFFI.OQ,USD,0.0
CFFN.OQ,USD,0.0
CFG.N,USD,714.21
CFLT.OQ,USD,922.62
CFR.N,USD,919.15
CG.OQ,USD,-1687.16
CGEM.OQ,USD,0.0
CGNX.OQ,USD,-3386.37
CGON.OQ,USD,0.0
CHCO.OQ,USD,0.0
CHCT.N,USD,0.0
CHD.N,USD,1709.79
CHDN.OQ,USD,-1462.0
CHE.N,USD,1074.51
CHEF.OQ,USD,341.39
CHH.N,USD,-1859.73
CHMG.OQ,USD,0.0
CHRD.OQ,USD,-237.35
CHRS.OQ,USD,0.0
CHRW.OQ,USD,950.12
CHTR.OQ,USD,-4579.85
CHWY.N,USD,-1046.86
CI.N,USD,1468.54
CIA.N,USD,0.0
CIEN.N,USD,2008.27
CIFR.OQ,USD,-1358.41
CIM.N,USD,1511.15
CINF.OQ,USD,914.18
CIVB.OQ,USD,0.0
CIX.A,USD,0.0
CL.N,USD,1615.85
CLAR.OQ,USD,0.0
CLB.N,USD,0.0
CLBK.OQ,USD,0.0
CLDT.N,USD,0.0
CLDX.OQ,USD,2168.24
CLF.N,USD,-1777.11
CLFD.OQ,USD,130.06
CLH.N,USD,3267.21
CLMB.OQ,USD,350.93
CLMT.OQ,USD,630.71
CLNE.OQ,USD,129.45
CLOV.OQ,USD,0.0
CLPR.N,USD,0.0
CLPT.OQ,USD,0.0
CLSK.OQ,USD,-705.74
CLVT.N,USD,-836.1
CLW.N,USD,0.0
CLX.N,USD,1650.64
CMC.N,USD,801.08
CMCL.A,USD,256.79
CMCO.OQ,USD,0.0
CMCSA.OQ,USD,-451.61
CMDB.N,USD,1149.21
CME.OQ,USD,2219.27
CMG.N,USD,-1673.84
CMI.N,USD,940.52
CMP.N,USD,1785.18
CMPR.OQ,USD,0.0
CMPX.OQ,USD,0.0
CMRC.OQ,USD,-400.42
CMRE.N,USD,574.57
CMS.N,USD,2521.55
CMT.A,USD,0.0
CMTG.N,USD,0.0
CNA.N,USD,3520.58
CNC.N,USD,910.92
CNDT.OQ,USD,-331.34
CNH.N,USD,-1735.75
CNK.N,USD,-893.57
CNM.N,USD,-1220.05
CNMD.N,USD,-2014.32
CNNE.N,USD,0.0
CNO.N,USD,740.85
CNOB.OQ,USD,0.0
CNP.N,USD,3286.56
CNR.N,USD,2408.78
CNS.N,USD,-893.16
CNX.N,USD,1294.8
CNXC.OQ,USD,-1964.95
CNXN.OQ,USD,0.0
COCO.OQ,USD,1035.81
CODI.N,USD,0.0
COF.N,USD,-2103.87
COFS.OQ,USD,0.0
COGT.OQ,USD,2405.62
COHR.N,USD,3178.99
COHU.OQ,USD,854.73
COIN.OQ,USD,-1589.56
COKE.OQ,USD,1870.48
COLB.OQ,USD,777.27
COLD.N,USD,-1826.51
COLL.OQ,USD,689.84
COLM.OQ,USD,-4993.11
COMP.N,USD,-201.93
CON.N,USD,0.0
COO.OQ,USD,1512.62
COOK.N,USD,0.0
COP.N,USD,1124.4
COR.N,USD,1457.03
CORT.OQ,USD,-2016.44
CORZ.OQ,USD,0.0
COSO.N,USD,1653.28
COST.OQ,USD,1126.64
COTY.N,USD,-1563.18
COUR.N,USD,-2548.49
CPAY.N,USD,-2880.38
CPB.OQ,USD,-1142.08
CPF.N,USD,0.0
CPK.N,USD,1711.09
CPNG.N,USD,-2362.31
CPRI.N,USD,-1492.77
CPRT.OQ,USD,-842.75
CPRX.OQ,USD,2184.72
CPS.N,USD,0.0
CPSS.OQ,USD,0.0
CPT.N,USD,945.22
CR.N,USD,-64.26
CRAI.OQ,USD,-1845.67
CRBG.N,USD,-1634.94
CRC.N,USD,-963.44
CRCL.N,USD,0.0
CRCT.OQ,USD,-1697.39
CRDF.OQ,USD,0.0
CRDO.OQ,USD,-1832.16
CRDa.N,USD,0.0
CRGY.N,USD,932.48
CRH.N,USD,-564.09
CRI.N,USD,-1572.33
CRK.N,USD,-2252.0
CRL.N,USD,-1538.42
CRM.N,USD,-2394.44
CRMD.OQ,USD,-1493.58
CRML.OQ,USD,0.0
CRMT.OQ,USD,0.0
CRNC.OQ,USD,0.0
CRNX.OQ,USD,932.6
CROX.OQ,USD,-2365.77
CRS.N,USD,1131.64
CRSP.OQ,USD,-178.68
CRSR.OQ,USD,-586.9
CRUS.OQ,USD,647.83
CRVL.OQ,USD,-1204.52
CRVS.OQ,USD,1624.12
CRWD.OQ,USD,-880.13
CSCO.OQ,USD,981.92
CSGP.OQ,USD,-1101.07
CSGS.OQ,USD,1362.91
CSL.N,USD,-1321.49
CSPI.OQ,USD,0.0
CSR.N,USD,834.12
CSTL.OQ,USD,-741.14
CSTM.N,USD,3658.24
CSV.N,USD,0.0
CSW.N,USD,-2281.75
CSX.OQ,USD,3353.71
CTAS.OQ,USD,522.35
CTBI.OQ,USD,0.0
CTEV.N,USD,0.0
CTGO.A,USD,289.49
CTKB.OQ,USD,0.0
CTLP.OQ,USD,0.0
CTO.N,USD,2333.26
CTOS.N,USD,752.23
CTRA.N,USD,1675.16
CTRE.N,USD,1907.62
CTRI.N,USD,406.37
CTRN.OQ,USD,506.88
CTS.N,USD,0.0
CTSH.OQ,USD,-1739.28
CTVA.N,USD,944.9
CUBE.N,USD,3108.74
CUBI.N,USD,-2631.84
CURB.N,USD,0.0
CURI.OQ,USD,-79.64
CURV.N,USD,-125.32
CUZ.N,USD,225.1
CV.OQ,USD,0.0
CVBF.OQ,USD,909.52
CVCO.OQ,USD,679.19
CVGW.OQ,USD,1164.29
CVI.N,USD,-1198.25
CVLG.N,USD,0.0
CVLT.OQ,USD,-1427.74
CVNA.N,USD,-1572.6
CVRX.OQ,USD,0.0
CVS.N,USD,3794.0
CVX.N,USD,1027.76
CW.N,USD,2284.45
CWAN.N,USD,1243.08
CWBC.OQ,USD,0.0
CWCO.OQ,USD,131.65
CWEN.N,USD,1256.54
CWENa.N,USD,1564.6
CWH.N,USD,-1722.05
CWK.N,USD,-1604.65
CWST.OQ,USD,630.06
CWT.N,USD,2086.47
CXDO.OQ,USD,0.0
CXM.N,USD,-2505.86
CXT.N,USD,-2111.98
CXW.N,USD,888.59
CYH.N,USD,0.0
CYRX.OQ,USD,0.0
CYTK.OQ,USD,2342.48
CZFS.OQ,USD,0.0
CZNC.OQ,USD,771.4
CZR.OQ,USD,-966.38
CZWI.OQ,USD,932.2
D.N,USD,1527.1
DAKT.OQ,USD,553.75
DAL.N,USD,-2803.62
DAN.N,USD,-897.56
DAR.N,USD,2200.42
DASH.OQ,USD,-2364.17
DAVE.OQ,USD,-1192.09
DAWN.OQ,USD,2135.73
DBD.N,USD,753.07
DBI.N,USD,0.0
DBRG.N,USD,-914.76
DBX.OQ,USD,-957.36
DC.A,USD,275.26
DCGO.OQ,USD,0.0
DCI.N,USD,1044.79
DCO.N,USD,1009.61
DCOM.OQ,USD,0.0
DCTH.OQ,USD,0.0
DD.N,USD,885.98
DDD.N,USD,0.0
DDOG.OQ,USD,-1359.83
DDS.N,USD,-2880.32
DE.N,USD,995.9
DEA.N,USD,0.0
DEC.N,USD,0.0
DECK.N,USD,-2513.94
DEI.N,USD,-3328.96
DELL.N,USD,-1924.67
DERM.OQ,USD,0.0
DFH.N,USD,119.4
DFIN.N,USD,-454.39
DFTX.OQ,USD,1777.36
DG.N,USD,2184.25
DGICA.OQ,USD,1455.75
DGII.OQ,USD,889.36
DGX.N,USD,2669.61
DH.OQ,USD,-257.29
DHC.OQ,USD,558.74
DHI.N,USD,518.87
DHIL.OQ,USD,0.0
DHR.N,USD,917.16
DHT.N,USD,2376.89
DIN.N,USD,0.0
DINO.N,USD,-386.0
DIOD.OQ,USD,-1584.54
DIS.N,USD,-2481.63
DJCO.OQ,USD,-1171.7
DJT.OQ,USD,-1248.79
DK.N,USD,2275.09
DKNG.OQ,USD,-988.7
DKS.N,USD,-3203.42
DLB.N,USD,-277.33
DLR.N,USD,1159.16
DLTR.OQ,USD,688.41
DLX.N,USD,0.0
DMAC.OQ,USD,0.0
DMRC.OQ,USD,-1239.73
DNA.N,USD,0.0
DNLI.OQ,USD,1931.56
DNOW.N,USD,-527.64
DNTH.OQ,USD,1913.95
DNUT.OQ,USD,-1409.07
DOC.N,USD,2932.87
DOCN.N,USD,-1157.59
DOCS.N,USD,-2631.6
DOCU.OQ,USD,-1652.08
DOLE.N,USD,1182.11
DOMO.OQ,USD,-823.09
DORM.OQ,USD,-2435.89
DOUG.N,USD,0.0
DOV.N,USD,1027.44
DOW.N,USD,-1187.04
DOX.OQ,USD,328.48
DPZ.OQ,USD,496.94
DRH.OQ,USD,891.28
DRI.N,USD,983.85
DRS.OQ,USD,2970.97
DRUG.OQ,USD,0.0
DRVN.OQ,USD,-458.19
DSGN.OQ,USD,0.0
DSGR.OQ,USD,0.0
DSP.OQ,USD,-1471.36
DT.N,USD,-1832.62
DTE.N,USD,3248.73
DTM.N,USD,3541.43
DUK.N,USD,3181.76
DUOL.OQ,USD,-1013.26
DV.N,USD,-2403.19
DVA.N,USD,-1006.57
DVN.N,USD,-23.18
DX.N,USD,2552.11
DXC.N,USD,-2996.01
DXCM.OQ,USD,181.76
DXPE.OQ,USD,788.4
DY.N,USD,1010.73
DYN.OQ,USD,-172.18
EA.OQ,USD,5531.84
EAT.N,USD,-2146.21
EB.N,USD,0.0
EBAY.OQ,USD,3685.02
EBC.OQ,USD,1276.27
EBF.N,USD,686.74
EBMT.OQ,USD,0.0
EBS.N,USD,509.86
ECBK.OQ,USD,0.0
ECG.N,USD,0.0
ECL.N,USD,1586.18
ECPG.OQ,USD,0.0
ECVT.N,USD,913.86
ED.N,USD,3442.04
EDIT.OQ,USD,0.0
EE.N,USD,1266.74
EEFT.OQ,USD,-3937.89
EEX.N,USD,0.0
EFC.N,USD,1011.28
EFSC.OQ,USD,0.0
EFSI.OQ,USD,1624.99
EFX.N,USD,-1751.13
EG.N,USD,989.3
EGAN.OQ,USD,0.0
EGBN.OQ,USD,0.0
EGHT.OQ,USD,462.64
EGP.N,USD,2243.37
EGY.N,USD,302.1
EHAB.N,USD,0.0
EHC.N,USD,311.65
EHTH.OQ,USD,-331.79
EIG.N,USD,1326.17
EIX.N,USD,1993.28
EL.N,USD,-1485.21
ELA.A,USD,0.0
ELAN.N,USD,-463.72
ELDN.OQ,USD,0.0
ELF.N,USD,-1454.43
ELMD.A,USD,0.0
ELS.N,USD,2951.57
ELV.N,USD,120.73
ELVN.OQ,USD,1441.52
EMBC.OQ,USD,0.0
EME.N,USD,1111.62
EML.OQ,USD,0.0
EMN.N,USD,-941.27
EMR.N,USD,-78.2
ENOV.N,USD,-2109.56
ENPH.OQ,USD,-1512.34
ENR.N,USD,-1561.24
ENS.N,USD,948.62
ENSG.OQ,USD,1825.91
ENTA.OQ,USD,3742.89
ENTG.OQ,USD,-931.27
ENVA.N,USD,-2607.09
ENVX.OQ,USD,-1196.09
EOG.N,USD,1134.24
EOLS.OQ,USD,0.0
EOSE.OQ,USD,-733.14
EP.A,USD,0.0
EPAC.N,USD,-2307.94
EPAM.N,USD,-1572.33
EPC.N,USD,231.99
EPM.A,USD,263.38
EPR.N,USD,1218.55
EPRT.N,USD,3246.13
EPSN.OQ,USD,259.23
EQBK.N,USD,0.0
EQH.N,USD,-2859.56
EQIX.OQ,USD,4903.78
EQR.N,USD,888.72
EQT.N,USD,1185.33
ERAS.OQ,USD,1592.81
ERII.OQ,USD,544.94
ES.N,USD,1444.92
ESAB.N,USD,-1580.98
ESCA.OQ,USD,0.0
ESE.N,USD,1054.55
ESI.N,USD,-798.28
ESNT.N,USD,484.56
ESOA.OQ,USD,0.0
ESPR.OQ,USD,0.0
ESQ.OQ,USD,1282.46
ESRT.N,USD,0.0
ESS.N,USD,901.63
ESTC.N,USD,-1442.3
ETD.N,USD,0.0
ETN.N,USD,-946.7
ETON.OQ,USD,0.0
ETR.N,USD,4110.33
ETSY.N,USD,940.37
EU.OQ,USD,0.0
EVC.N,USD,0.0
EVCM.OQ,USD,0.0
EVER.OQ,USD,-2223.9
EVEX.N,USD,-1367.57
EVGO.OQ,USD,0.0
EVH.N,USD,-998.07
EVI.A,USD,0.0
EVLV.OQ,USD,-2165.55
EVR.N,USD,-2724.95
EVRG.OQ,USD,3102.79
EVTC.N,USD,-1704.74
EW.N,USD,2670.8
EWBC.OQ,USD,-341.51
EWCZ.OQ,USD,-2000.43
EWTX.OQ,USD,1330.6
EXAS.OQ,USD,6630.19
EXC.OQ,USD,3527.83
EXE.OQ,USD,935.5
EXEL.OQ,USD,1233.31
EXFY.OQ,USD,-113.08
EXLS.OQ,USD,-1073.21
EXP.N,USD,-2146.35
EXPD.N,USD,947.74
EXPE.OQ,USD,-1278.6
EXPI.OQ,USD,0.0
EXPO.OQ,USD,533.15
EXR.N,USD,2285.4
EXTR.OQ,USD,-2198.66
EYE.OQ,USD,-2050.37
EYPT.OQ,USD,1028.03
F.N,USD,-1347.56
FA.OQ,USD,-1338.55
FAF.N,USD,903.37
FANG.OQ,USD,920.89
FAST.OQ,USD,928.37
FATE.OQ,USD,421.96
FBIN.N,USD,-1304.3
FBIZ.OQ,USD,0.0
FBK.N,USD,631.65
FBLA.OQ,USD,3056.14
FBNC.OQ,USD,958.11
FBP.N,USD,417.56
FBRT.N,USD,0.0
FBYD.OQ,USD,0.0
FC.N,USD,0.0
FCAP.OQ,USD,0.0
FCBC.OQ,USD,0.0
FCCO.OQ,USD,0.0
FCF.N,USD,940.8
FCFS.OQ,USD,1530.56
FCN.N,USD,968.57
FCNCA.OQ,USD,-1544.62
FCPT.N,USD,2415.91
FCX.N,USD,2515.19
FDBC.OQ,USD,0.0
FDMT.OQ,USD,0.0
FDP.N,USD,0.0
FDS.N,USD,-1750.94
FDX.N,USD,2952.93
FE.N,USD,3055.92
FEIM.OQ,USD,0.0
FELE.OQ,USD,1130.44
FENC.OQ,USD,628.98
FERG.N,USD,611.09
FET.N,USD,292.71
FF.N,USD,0.0
FFAI.OQ,USD,-561.32
FFBC.OQ,USD,841.21
FFIC.OQ,USD,122.8
FFIN.OQ,USD,-831.64
FFIV.OQ,USD,-938.15
FFWM.N,USD,333.31
FG.N,USD,-1444.53
FHB.OQ,USD,799.68
FHN.N,USD,852.2
FHTX.OQ,USD,0.0
FIBK.OQ,USD,830.01
FICO.N,USD,-1728.6
FIGR.OQ,USD,-1235.21
FIGS.N,USD,1903.23
FIHL.N,USD,0.0
FINW.OQ,USD,-56.09
FIP.OQ,USD,0.0
FIS.N,USD,-620.03
FISI.OQ,USD,0.0
FISV.OQ,USD,-4687.4
FITB.OQ,USD,-70.21
FIVE.OQ,USD,1375.69
FIVN.OQ,USD,-1528.24
FIX.N,USD,1575.08
FIZZ.OQ,USD,391.04
FLD.OQ,USD,-869.38
FLEX.OQ,USD,-1013.96
FLG.N,USD,687.95
FLGT.OQ,USD,349.17
FLNC.OQ,USD,-620.99
FLNG.N,USD,0.0
FLO.N,USD,-1181.58
FLOC.N,USD,1536.65
FLR.N,USD,-1693.37
FLS.N,USD,-1088.22
FLUT.N,USD,0.0
FLWS.OQ,USD,0.0
FLXS.OQ,USD,324.41
FLY.OQ,USD,-2527.95
FLYW.OQ,USD,-1896.88
FLYX.A,USD,0.0
FMAO.OQ,USD,290.44
FMBH.OQ,USD,0.0
FMC.N,USD,-2029.72
FMNB.OQ,USD,0.0
FN.N,USD,1046.01
FNB.N,USD,594.15
FND.N,USD,-2882.55
FNF.N,USD,213.9
FNKO.OQ,USD,-2025.18
FNLC.OQ,USD,0.0
FNWD.OQ,USD,279.41
FOA.N,USD,0.0
FOLD.OQ,USD,1588.75
FOR.N,USD,679.37
FORM.OQ,USD,1997.0
FORR.OQ,USD,-387.84
FOUR.N,USD,-1482.08
FOX.OQ,USD,-218.06
FOXA.OQ,USD,-471.76
FOXF.OQ,USD,-1849.94
FPI.N,USD,1860.26
FR.N,USD,3510.48
FRAF.OQ,USD,0.0
FRBA.OQ,USD,0.0
FRD.OQ,USD,0.0
FRGE.N,USD,3917.7
FRHC.OQ,USD,-3186.58
FRME.OQ,USD,406.06
FRMI.OQ,USD,-95.13
FRPH.OQ,USD,0.0
FRPT.OQ,USD,228.71
FRSH.OQ,USD,-1986.03
FRST.OQ,USD,0.0
FRT.N,USD,1492.14
FSBC.OQ,USD,3263.52
FSBW.OQ,USD,0.0
FSLR.OQ,USD,-1751.31
FSLY.OQ,USD,-413.13
FSP.A,USD,0.0
FSS.N,USD,244.24
FSTR.OQ,USD,0.0
FSUN.OQ,USD,1619.97
FTAI.OQ,USD,858.4
FTDR.OQ,USD,1550.84
FTI.N,USD,1592.57
FTK.N,USD,0.0
FTLF.OQ,USD,0.0
FTNT.OQ,USD,126.39
FTRE.OQ,USD,-2706.79
FTV.N,USD,600.82
FUBO.N,USD,-892.09
FUL.N,USD,-1651.96
FULC.OQ,USD,0.0
FULT.OQ,USD,815.85
FUN.N,USD,-1272.41
FUNC.OQ,USD,1011.79
FVCB.OQ,USD,0.0
FVR.N,USD,1526.79
FWONA.OQ,USD,0.0
FWONK.OQ,USD,601.47
FWRD.OQ,USD,-1749.14
FWRG.OQ,USD,-2574.66
FXNC.OQ,USD,1905.54
G.N,USD,546.64
GABC.OQ,USD,0.0
GAIA.OQ,USD,0.0
GAMB.OQ,USD,-1037.23
GAP.N,USD,-1907.05
GATX.N,USD,922.43
GBCI.N,USD,-1803.62
GBFH.OQ,USD,118.44
GBTG.N,USD,-1647.5
GBX.N,USD,1328.89
GCBC.OQ,USD,0.0
GCMG.OQ,USD,1507.54
GCO.N,USD,-1972.18
GCT.OQ,USD,-1031.96
GD.N,USD,2400.98
GDDY.N,USD,-2284.15
GDEN.OQ,USD,0.0
GDOT.N,USD,0.0
GDYN.OQ,USD,-1050.95
GE.N,USD,920.13
GEF.N,USD,1091.71
GEFb.N,USD,0.0
GEHC.OQ,USD,-1832.48
GEN.OQ,USD,-3194.66
GENC.A,USD,0.0
GENI.N,USD,-1968.05
GEO.N,USD,-1335.83
GERN.OQ,USD,0.0
GETY.N,USD,-638.04
GEV.N,USD,602.68
GEVO.OQ,USD,-79.17
GFF.N,USD,-184.33
GFS.OQ,USD,-850.78
GGG.N,USD,966.9
GH.OQ,USD,899.39
GHC.N,USD,933.1
GHM.N,USD,0.0
GIC.N,USD,0.0
GIII.OQ,USD,-1242.84
GILD.OQ,USD,3725.27
GIS.N,USD,275.09
GKOS.N,USD,-1066.39
GL.N,USD,904.4
GLDD.OQ,USD,0.0
GLIBA.OQ,USD,2330.22
GLIBK.OQ,USD,1231.49
GLNG.OQ,USD,1414.98
GLOB.N,USD,-1529.83
GLPI.OQ,USD,3302.05
GLRE.OQ,USD,370.94
GLSI.OQ,USD,0.0
GLUE.OQ,USD,1642.07
GLW.N,USD,996.79
GM.N,USD,827.33
GME.N,USD,-904.72
GMED.N,USD,2302.95
GMGI.OQ,USD,0.0
GMRE.N,USD,1430.47
GNE.N,USD,572.18
GNK.N,USD,769.96
GNL.N,USD,1190.56
GNRC.N,USD,105.2
GNTX.OQ,USD,-137.2
GNW.N,USD,259.96
GO.OQ,USD,-763.24
GOCO.OQ,USD,0.0
GOGO.OQ,USD,111.91
GOLD.N,USD,962.03
GOLF.N,USD,979.8
GOOD.OQ,USD,3145.28
GOOG.OQ,USD,2094.77
GOOGL.OQ,USD,1719.18
GOSS.OQ,USD,0.0
GPC.N,USD,-97.85
GPGI.N,USD,-985.38
GPI.N,USD,-4288.04
GPK.N,USD,-1768.27
GPN.N,USD,-1592.03
GPOR.N,USD,-912.89
GPRE.OQ,USD,-235.27
GRAL.OQ,USD,0.0
GRBK.N,USD,-401.84
GRC.N,USD,0.0
GRDN.N,USD,2507.69
GRMN.N,USD,920.51
GRND.N,USD,-3006.15
GRNT.N,USD,0.0
GRPN.OQ,USD,-620.77
GS.N,USD,245.68
GSAT.OQ,USD,-1363.13
GSBC.OQ,USD,0.0
GSHD.OQ,USD,-1069.67
GSM.OQ,USD,0.0
GT.OQ,USD,-1582.96
GTES.N,USD,-2040.02
GTLB.OQ,USD,-1157.63
GTLS.N,USD,-1002.77
GTM.OQ,USD,-1244.51
GTN.N,USD,0.0
GTX.OQ,USD,154.91
GTY.N,USD,5283.34
GVA.N,USD,1980.5
GWRE.N,USD,-289.03
GWRS.OQ,USD,256.09
GWW.N,USD,1316.92
GXO.N,USD,-1420.91
GYRE.OQ,USD,0.0
H.N,USD,-2088.28
HAE.N,USD,314.31
HAFC.OQ,USD,0.0
HAIN.OQ,USD,0.0
HAL.N,USD,938.31
HALO.OQ,USD,1125.52
HAS.OQ,USD,896.31
HASI.N,USD,1154.47
HAYW.N,USD,-1232.9
HBAN.OQ,USD,-1995.82
HBB.N,USD,0.0
HBCP.OQ,USD,0.0
HBNC.OQ,USD,0.0
HBT.OQ,USD,0.0
HCA.N,USD,933.81
HCAT.OQ,USD,-1461.77
HCC.N,USD,1871.66
HCI.N,USD,943.85
HCKT.OQ,USD,0.0
HCSG.OQ,USD,1507.22
HD.N,USD,1081.53
HDSN.OQ,USD,0.0
HE.N,USD,1554.62
HEI.N,USD,986.99
HEIa.N,USD,921.66
HELE.OQ,USD,-2074.86
HFFG.OQ,USD,0.0
HFWA.OQ,USD,0.0
HG.N,USD,0.0
HGV.N,USD,-1657.64
HHH.N,USD,-1867.26
HIFS.OQ,USD,130.8
HIG.N,USD,1165.15
HII.N,USD,2494.1
HIMS.N,USD,-986.72
HIPO.N,USD,0.0
HIW.N,USD,-1055.7
HL.N,USD,1079.94
HLF.N,USD,98.8
HLI.N,USD,-1061.98
HLIO.N,USD,733.62
HLIT.OQ,USD,537.34
HLLY.N,USD,0.0
HLMN.OQ,USD,0.0
HLNE.OQ,USD,-2130.84
HLT.N,USD,797.96
HLX.N,USD,0.0
HMN.N,USD,0.0
HNI.N,USD,-957.15
HNRG.OQ,USD,0.0
HNST.OQ,USD,-526.79
HNVR.OQ,USD,0.0
HOG.N,USD,-2822.9
HOLX.OQ,USD,2093.72
HOMB.N,USD,823.54
HON.OQ,USD,1024.33
HOOD.OQ,USD,-1022.06
HOPE.OQ,USD,-362.47
HOV.N,USD,306.32
HP.N,USD,961.84
HPE.N,USD,-1966.01
HPK.OQ,USD,-326.09
HPP.N,USD,1145.51
HPQ.N,USD,-2474.36
HQI.OQ,USD,0.0
HQY.OQ,USD,-1000.13
HR.N,USD,3336.1
HRB.N,USD,-3288.96
HRI.N,USD,-1984.91
HRL.N,USD,2605.54
HRMY.OQ,USD,-356.08
HROW.OQ,USD,-1349.02
HRTG.N,USD,0.0
HRTX.OQ,USD,0.0
HSHP.N,USD,905.29
HSIC.OQ,USD,947.56
HST.OQ,USD,921.86
HSTM.OQ,USD,0.0
HSY.N,USD,2320.7
HTB.N,USD,0.0
HTBK.OQ,USD,0.0
HTFL.OQ,USD,-1140.05
HTH.N,USD,1833.53
HTLD.OQ,USD,0.0
HTO.OQ,USD,4865.31
HTZ.OQ,USD,-1439.51
HUBB.N,USD,1328.23
HUBG.OQ,USD,-499.85
HUBS.N,USD,-890.73
HUM.N,USD,-102.71
HUMA.OQ,USD,-1067.51
HUN.N,USD,-2250.52
HURA.OQ,USD,0.0
HURN.OQ,USD,-748.69
HUT.OQ,USD,-1061.02
HVT.N,USD,0.0
HWBK.OQ,USD,0.0
HWC.OQ,USD,-187.35
HWKN.OQ,USD,-732.92
HWM.N,USD,1330.85
HXL.N,USD,2085.26
HY.N,USD,125.2
HYLN.A,USD,0.0
HZO.N,USD,0.0
IAC.OQ,USD,-926.41
IART.OQ,USD,0.0
IBCP.OQ,USD,783.59
IBEX.OQ,USD,0.0
IBKR.OQ,USD,-2096.56
IBM.N,USD,-908.23
IBOC.OQ,USD,860.87
IBP.N,USD,862.67
IBRX.OQ,USD,-966.36
IBTA.N,USD,313.09
ICE.N,USD,905.21
ICFI.OQ,USD,-671.08
ICHR.OQ,USD,708.38
ICUI.OQ,USD,-713.08
IDA.N,USD,3606.42
IDCC.OQ,USD,132.38
IDR.A,USD,293.64
IDT.N,USD,0.0
IDXX.OQ,USD,-366.05
IDYA.OQ,USD,2031.69
IE.A,USD,-953.98
IESC.OQ,USD,-1223.6
IEX.N,USD,1192.41
IFF.N,USD,550.21
IHRT.OQ,USD,0.0
III.OQ,USD,0.0
IIIN.N,USD,563.88
IIIV.OQ,USD,0.0
IIPR.N,USD,3521.18
IKT.OQ,USD,0.0
ILMN.OQ,USD,571.28
ILPT.OQ,USD,0.0
IMAX.N,USD,455.98
IMKTA.OQ,USD,0.0
IMMR.OQ,USD,0.0
IMNM.OQ,USD,1462.1
IMVT.OQ,USD,2711.64
IMXI.OQ,USD,2421.67
INBK.OQ,USD,0.0
INBX.OQ,USD,0.0
INCY.OQ,USD,2112.66
INDB.OQ,USD,854.21
INDI.OQ,USD,0.0
INDV.OQ,USD,1995.32
INGM.N,USD,629.68
INGN.OQ,USD,0.0
INGR.N,USD,1666.6
INMB.OQ,USD,0.0
INN.N,USD,-975.4
INNV.OQ,USD,0.0
INOD.OQ,USD,-2107.4
INR.N,USD,62.08
INSE.OQ,USD,0.0
INSG.OQ,USD,0.0
INSM.OQ,USD,2142.52
INSP.N,USD,-947.15
INSW.N,USD,1435.28
INTA.OQ,USD,-1223.08
INTC.OQ,USD,3017.49
INTU.OQ,USD,-939.03
INV.OQ,USD,0.0
INVA.OQ,USD,1612.19
INVH.N,USD,884.97
INVX.N,USD,0.0
IONQ.N,USD,-874.93
IONS.OQ,USD,910.24
IOSP.OQ,USD,-1499.61
IOT.N,USD,-1394.43
IOVA.OQ,USD,94.26
IP.N,USD,-1444.9
IPAR.OQ,USD,-3240.37
IPGP.OQ,USD,-1309.88
IPI.N,USD,0.0
IQV.N,USD,-1666.11
IR.N,USD,-840.56
IRDM.OQ,USD,222.88
IRM.N,USD,927.71
IRMD.OQ,USD,2686.13
IRON.OQ,USD,-1449.46
IRT.N,USD,902.59
IRTC.OQ,USD,-3274.55
IRWD.OQ,USD,0.0
ISPR.OQ,USD,0.0
ISRG.OQ,USD,-961.7
ISTR.OQ,USD,923.38
IT.N,USD,-1960.48
ITGR.N,USD,1469.67
ITIC.OQ,USD,0.0
ITRI.OQ,USD,-1897.74
ITT.N,USD,-244.97
ITW.N,USD,930.19
IVR.N,USD,423.01
IVT.N,USD,2285.1
IVZ.N,USD,-1904.54
J.N,USD,259.33
JACK.OQ,USD,-1701.62
JAKK.OQ,USD,0.0
JANX.OQ,USD,3418.59
JAZZ.OQ,USD,2590.63
JBGS.N,USD,2425.86
JBHT.OQ,USD,1355.57
JBI.N,USD,0.0
JBIO.OQ,USD,0.0
JBL.N,USD,-971.85
JBLU.OQ,USD,-1871.96
JBSS.OQ,USD,551.1
JBTM.N,USD,-2325.93
JCAP.OQ,USD,1021.75
JCI.N,USD,124.54
JEF.N,USD,-2069.72
JELD.N,USD,0.0
JHG.N,USD,-281.95
JHX.N,USD,-206.47
JILL.N,USD,0.0
JJSF.OQ,USD,924.32
JKHY.OQ,USD,955.28
JLL.N,USD,-443.6
JMSB.OQ,USD,0.0
JNJ.N,USD,3811.56
JOBY.N,USD,-426.79
JOE.N,USD,1863.0
JOUT.OQ,USD,1372.27
JPM.N,USD,832.3
JRVR.OQ,USD,303.05
JXN.N,USD,-985.14
JYNT.OQ,USD,0.0
KAI.N,USD,-990.62
KALU.OQ,USD,992.49
KALV.OQ,USD,1504.82
KBH.N,USD,375.07
KBR.N,USD,-2374.8
KD.N,USD,-2165.01
KDP.OQ,USD,1599.78
KE.OQ,USD,0.0
KELYA.OQ,USD,0.0
KEX.N,USD,3021.52
KEY.N,USD,871.6
KEYS.N,USD,933.12
KFRC.N,USD,0.0
KFS.N,USD,0.0
KFY.N,USD,-150.44
KG.OQ,USD,0.0
KGEI.OQ,USD,0.0
KGS.N,USD,2979.49
KHC.OQ,USD,942.71
KIDS.OQ,USD,0.0
KIM.N,USD,969.3
KINS.OQ,USD,-474.13
KKR.N,USD,-1691.55
KLAC.OQ,USD,487.58
KLC.N,USD,-1561.46
KLIC.OQ,USD,954.66
KLTR.OQ,USD,0.0
KMB.OQ,USD,1893.27
KMI.N,USD,3384.32
KMPR.N,USD,-3180.8
KMT.N,USD,2128.9
KMTS.OQ,USD,-3250.42
KMX.N,USD,-3002.45
KN.N,USD,882.58
KNF.N,USD,-2131.09
KNSL.N,USD,-1412.26
KNTK.N,USD,-939.03
KNX.N,USD,1347.99
KO.N,USD,1505.34
KOD.OQ,USD,1790.91
KODK.N,USD,0.0
KOP.N,USD,0.0
KOPN.OQ,USD,0.0
KOS.N,USD,-311.51
KR.N,USD,3979.08
KRC.N,USD,-2901.33
KREF.N,USD,0.0
KRG.N,USD,2418.98
KRMD.OQ,USD,0.0
KRMN.N,USD,299.44
KRNY.OQ,USD,0.0
KRO.N,USD,0.0
KROS.OQ,USD,48.22
KRRO.OQ,USD,-918.87
KRT.OQ,USD,0.0
KRUS.OQ,USD,-1499.95
KRYS.OQ,USD,1707.76
KSS.N,USD,-1481.73
KTB.N,USD,-1935.78
KTOS.OQ,USD,825.92
KULR.A,USD,-41.23
KURA.OQ,USD,2025.02
KVUE.N,USD,1316.59
KW.N,USD,0.0
KWR.N,USD,-831.0
KYMR.OQ,USD,1896.54
L.N,USD,2094.38
LAB.OQ,USD,0.0
LAD.N,USD,-2388.49
LADR.N,USD,0.0
LAKE.OQ,USD,-901.9
LAMR.OQ,USD,895.95
LAND.OQ,USD,2091.54
LARK.OQ,USD,0.0
LASR.OQ,USD,1780.37
LAUR.OQ,USD,1442.68
LAW.N,USD,0.0
LAZ.N,USD,-2976.56
LBRDA.OQ,USD,0.0
LBRDK.OQ,USD,-4771.81
LBRT.N,USD,-132.57
LBRX.OQ,USD,153.43
LBTYA.OQ,USD,1238.79
LBTYK.OQ,USD,-146.39
LC.N,USD,-1450.49
LCID.OQ,USD,-1963.78
LCII.N,USD,684.66
LCNB.OQ,USD,0.0
LDI.N,USD,0.0
LDOS.N,USD,938.13
LE.OQ,USD,0.0
LEA.N,USD,-333.96
LECO.OQ,USD,879.33
LEG.N,USD,-1614.89
LEGH.OQ,USD,543.45
LEN.N,USD,-1643.83
LENZ.OQ,USD,-930.26
LENb.N,USD,451.61
LEU.N,USD,-2452.75
LFCR.OQ,USD,0.0
LFMD.OQ,USD,-456.55
LFST.OQ,USD,904.55
LFT.N,USD,0.0
LFUS.OQ,USD,354.79
LFVN.OQ,USD,50.45
LGIH.OQ,USD,-2787.36
LGN.OQ,USD,998.97
LGND.OQ,USD,1784.04
LH.N,USD,2672.1
LHX.N,USD,2502.49
LIF.OQ,USD,-1141.06
LII.N,USD,-874.78
LILA.OQ,USD,0.0
LILAK.OQ,USD,0.0
LIN.OQ,USD,2193.3
LINC.OQ,USD,498.81
LIND.OQ,USD,0.0
LINE.OQ,USD,-1268.96
LION.N,USD,1010.55
LITE.OQ,USD,1053.82
LIVN.OQ,USD,159.81
LKFN.OQ,USD,0.0
LKQ.OQ,USD,689.21
LLY.N,USD,1715.31
LLYVA.OQ,USD,2356.97
LLYVK.OQ,USD,2454.49
LMAT.OQ,USD,2315.8
LMB.OQ,USD,-1695.56
LMND.N,USD,-867.82
LMNR.OQ,USD,0.0
LMT.N,USD,3230.52
LNC.N,USD,-2443.64
LNG.N,USD,928.96
LNKB.OQ,USD,0.0
LNN.N,USD,0.0
LNSR.OQ,USD,0.0
LNT.OQ,USD,2758.46
LNTH.OQ,USD,1470.32
LOAR.N,USD,923.27
LOB.N,USD,1393.46
LOCO.OQ,USD,0.0
LOPE.OQ,USD,-1021.89
LOVE.OQ,USD,0.0
LOW.N,USD,1491.89
LPA.A,USD,0.0
LPG.N,USD,768.36
LPLA.OQ,USD,-2209.17
LPRO.OQ,USD,0.0
LPX.N,USD,-1359.78
LQDA.OQ,USD,890.42
LQDT.OQ,USD,0.0
LRCX.OQ,USD,822.56
LRMR.OQ,USD,0.0
LRN.N,USD,85.47
LSCC.OQ,USD,-794.85
LSTR.OQ,USD,1295.75
LTBR.OQ,USD,-1935.2
LTC.N,USD,1652.86
LTH.N,USD,-1255.56
LUCD.OQ,USD,123.44
LULU.OQ,USD,-3117.44
LUMN.N,USD,-1863.95
LUNG.OQ,USD,0.0
LUNR.OQ,USD,-1366.21
LUV.N,USD,-1648.35
LVS.N,USD,-3279.99
LVWR.N,USD,-86.41
LW.N,USD,813.17
LWAY.OQ,USD,0.0
LXEO.OQ,USD,0.0
LXFR.N,USD,0.0
LXP.N,USD,962.47
LXU.N,USD,0.0
LYB.N,USD,-5.74
LYFT.OQ,USD,-1368.18
LYTS.OQ,USD,132.29
LYV.N,USD,342.28
LZ.OQ,USD,-1464.67
LZB.N,USD,-1514.89
LZM.N,USD,0.0
M.N,USD,-1528.63
MA.N,USD,592.12
MAA.N,USD,970.4
MAC.N,USD,-957.07
MAGN.N,USD,-1024.57
MAMA.OQ,USD,799.61
MAN.N,USD,-2857.52
MANH.OQ,USD,-1985.69
MAPS.OQ,USD,0.0
MAR.OQ,USD,-728.2
MARA.OQ,USD,-1995.41
MAS.N,USD,-1739.33
MASI.OQ,USD,-227.19
MASS.OQ,USD,0.0
MAT.OQ,USD,-1933.76
MATV.N,USD,0.0
MATW.OQ,USD,0.0
MATX.N,USD,2117.04
MAX.N,USD,-858.62
MAZE.OQ,USD,2095.16
MBC.N,USD,-150.95
MBCN.OQ,USD,0.0
MBI.N,USD,0.0
MBIN.OQ,USD,-898.82
MBUU.OQ,USD,124.69
MBWM.OQ,USD,0.0
MBX.OQ,USD,652.15
MC.N,USD,-1766.2
MCB.N,USD,0.0
MCBS.OQ,USD,0.0
MCD.N,USD,1649.37
MCFT.OQ,USD,0.0
MCHB.OQ,USD,0.0
MCHP.OQ,USD,-2766.16
MCK.N,USD,1632.13
MCO.N,USD,-1749.45
MCRI.OQ,USD,18.9
MCS.N,USD,1125.32
MCW.OQ,USD,0.0
MCY.N,USD,1091.11
MD.N,USD,-940.13
MDB.OQ,USD,-1464.53
MDGL.OQ,USD,901.49
MDLZ.OQ,USD,1201.02
MDT.N,USD,2065.27
MDU.N,USD,2495.55
MDV.N,USD,0.0
MDWD.OQ,USD,0.0
MDXG.OQ,USD,0.0
MEC.N,USD,501.6
MED.N,USD,0.0
MEDP.OQ,USD,166.38
MEG.N,USD,-438.37
MEI.N,USD,126.26
MET.N,USD,-3074.2
META.OQ,USD,-2076.02
METC.OQ,USD,236.46
MFA.N,USD,2975.06
MFIN.OQ,USD,0.0
MG.N,USD,952.47
MGEE.OQ,USD,1243.79
MGM.N,USD,-3299.71
MGNI.OQ,USD,-2346.15
MGPI.OQ,USD,0.0
MGRC.OQ,USD,357.37
MGTX.OQ,USD,0.0
MGY.N,USD,388.36
MH.N,USD,-834.94
MHK.N,USD,-1505.17
MHO.N,USD,910.73
MIAX.N,USD,2184.54
MIDD.OQ,USD,-419.59
MIR.N,USD,178.14
MIRM.OQ,USD,980.08
MITK.OQ,USD,0.0
MITT.N,USD,573.86
MKC.N,USD,-90.69
MKL.N,USD,964.28
MKSI.OQ,USD,920.72
MKTW.OQ,USD,0.0
MKTX.OQ,USD,1630.91
MLAB.OQ,USD,319.93
MLI.N,USD,936.53
MLKN.OQ,USD,-2512.58
MLM.N,USD,2477.44
MLP.N,USD,0.0
MLR.N,USD,0.0
MLYS.OQ,USD,1800.78
MMI.N,USD,0.0
MMM.N,USD,-1977.81
MMS.N,USD,1003.7
MMSI.OQ,USD,-1450.03
MNKD.OQ,USD,259.66
MNPR.OQ,USD,0.0
MNRO.OQ,USD,77.49
MNSB.OQ,USD,0.0
MNST.OQ,USD,1707.7
MNTK.OQ,USD,-122.66
MO.N,USD,1964.6
MOD.N,USD,-194.92
MOFG.OQ,USD,919.91
MOGa.N,USD,2232.47
MOH.N,USD,1549.56
MORN.OQ,USD,-2267.3
MOS.N,USD,-1764.45
MOV.N,USD,0.0
MP.N,USD,1655.77
MPAA.OQ,USD,0.0
MPB.OQ,USD,0.0
MPC.N,USD,1317.95
MPLT.OQ,USD,-805.77
MPT.N,USD,506.26
MPTI.A,USD,0.0
MPWR.OQ,USD,-701.37
MPX.N,USD,0.0
MQ.OQ,USD,-2315.79
MRBK.OQ,USD,121.98
MRCY.OQ,USD,3690.13
MRK.N,USD,1739.47
MRNA.OQ,USD,970.41
MRP.N,USD,962.76
MRSH.N,USD,834.02
MRTN.OQ,USD,0.0
MRVI.OQ,USD,0.0
MRVL.OQ,USD,-1597.05
MRX.OQ,USD,-1486.24
MS.N,USD,-858.28
MSA.N,USD,1829.46
MSBI.OQ,USD,0.0
MSCI.N,USD,776.4
MSEX.OQ,USD,1477.65
MSFT.OQ,USD,-901.75
MSGE.N,USD,1553.23
MSGS.N,USD,1542.22
MSI.N,USD,1559.92
MSM.N,USD,970.13
MSTR.OQ,USD,-1426.54
MTB.N,USD,609.97
MTCH.OQ,USD,-821.94
MTD.N,USD,-1129.83
MTDR.N,USD,-1031.27
MTG.N,USD,890.86
MTH.N,USD,-890.91
MTN.N,USD,-934.83
MTRN.N,USD,2660.55
MTRX.OQ,USD,0.0
MTSI.OQ,USD,1630.07
MTUS.N,USD,0.0
MTW.N,USD,290.28
MTX.N,USD,0.0
MTZ.N,USD,4077.46
MU.OQ,USD,1246.03
MUR.N,USD,-899.75
MUSA.N,USD,3114.25
MVBF.OQ,USD,0.0
MVIS.OQ,USD,-421.69
MVST.OQ,USD,-121.36
MWA.N,USD,1402.63
MXCT.OQ,USD,0.0
MXL.OQ,USD,-1680.47
MYE.N,USD,390.08
MYFW.OQ,USD,0.0
MYGN.OQ,USD,0.0
MYO.A,USD,-207.48
MYPS.OQ,USD,0.0
MYRG.OQ,USD,2098.45
MZTI.OQ,USD,1264.39
NABL.N,USD,0.0
NAGE.OQ,USD,0.0
NAT.N,USD,1368.24
NATH.OQ,USD,0.0
NATL.N,USD,85.51
NATR.OQ,USD,0.0
NAVI.OQ,USD,0.0
NAVN.OQ,USD,-1593.07
NB.OQ,USD,2021.31
NBBK.OQ,USD,804.7
NBHC.N,USD,846.05
NBIX.OQ,USD,919.83
NBN.OQ,USD,0.0
NBR.N,USD,-1506.8
NBTB.OQ,USD,0.0
NC.N,USD,0.0
NCLH.N,USD,-1917.96
NCMI.OQ,USD,0.0
NCNO.OQ,USD,-2902.0
NDAQ.OQ,USD,508.27
NDSN.OQ,USD,1536.52
NE.N,USD,-1002.68
NECB.OQ,USD,945.63
NEE.N,USD,1098.42
NEM.N,USD,1685.57
NEO.OQ,USD,-46.5
NEOG.OQ,USD,1258.26
NEON.OQ,USD,-548.01
NESR.OQ,USD,282.77
NET.N,USD,-1537.25
NEU.N,USD,452.76
NEWT.OQ,USD,0.0
NEXN.OQ,USD,-2410.52
NEXT.OQ,USD,0.0
NFBK.OQ,USD,0.0
NFE.OQ,USD,0.0
NFG.N,USD,3092.68
NFLX.OQ,USD,-15.41
NG.A,USD,416.17
NGNE.OQ,USD,0.0
NGS.N,USD,0.0
NGVC.N,USD,338.8
NGVT.N,USD,177.8
NHC.A,USD,0.0
NHI.N,USD,1293.87
NI.N,USD,3440.73
NIC.N,USD,1304.54
NIQ.N,USD,-634.98
NJR.N,USD,3726.11
NKE.N,USD,-2098.67
NKSH.OQ,USD,0.0
NKTX.OQ,USD,0.0
NL.N,USD,0.0
NLOP.N,USD,342.03
NLY.N,USD,1723.93
NMAX.N,USD,-917.81
NMIH.OQ,USD,814.76
NMRK.OQ,USD,-3765.69
NN.OQ,USD,-2551.39
NNE.OQ,USD,0.0
NNI.N,USD,0.0
NNN.N,USD,2815.24
NNOX.OQ,USD,0.0
NOC.N,USD,1621.05
NODK.OQ,USD,0.0
NOG.N,USD,-1288.56
NOV.N,USD,778.01
NOVT.OQ,USD,-1460.29
NOW.N,USD,-1123.89
NPB.N,USD,2066.94
NPCE.OQ,USD,543.2
NPK.N,USD,2159.22
NPKI.N,USD,527.99
NPO.N,USD,-776.37
NPWR.N,USD,-6.21
NRC.OQ,USD,0.0
NRDS.OQ,USD,0.0
NRDY.N,USD,-120.54
NREF.N,USD,415.78
NRG.N,USD,-2378.51
NRIM.OQ,USD,0.0
NRIX.OQ,USD,1599.99
NSA.N,USD,2185.97
NSC.N,USD,935.04
NSIT.OQ,USD,-2273.56
NSP.N,USD,-1591.46
NSSC.OQ,USD,1120.31
NTAP.OQ,USD,-5103.17
NTB.N,USD,0.0
NTCT.OQ,USD,2287.0
NTGR.OQ,USD,117.26
NTLA.OQ,USD,1661.28
NTNX.OQ,USD,-1379.41
NTRA.OQ,USD,1028.25
NTRS.OQ,USD,895.66
NTST.N,USD,2865.87
NU.N,USD,-1871.12
NUE.N,USD,1086.39
NUS.N,USD,-1698.07
NUTX.OQ,USD,-2551.89
NUVB.N,USD,911.84
NUVL.OQ,USD,2244.68
NVAX.OQ,USD,577.81
NVCR.OQ,USD,-3821.54
NVCT.OQ,USD,0.0
NVDA.OQ,USD,-1475.06
NVEC.OQ,USD,0.0
NVGS.N,USD,813.08
NVR.N,USD,-404.88
NVRI.N,USD,1010.42
NVST.N,USD,-1604.39
NVT.N,USD,1186.72
NVTS.OQ,USD,-414.08
NWBI.OQ,USD,0.0
NWE.OQ,USD,2587.63
NWFL.OQ,USD,0.0
NWL.OQ,USD,-3382.54
NWN.N,USD,3981.86
NWPX.OQ,USD,0.0
NWS.OQ,USD,-311.88
NWSA.OQ,USD,179.86
NX.N,USD,1260.8
NXDR.N,USD,0.0
NXDT.N,USD,0.0
NXRT.N,USD,0.0
NXST.OQ,USD,976.91
NXT.OQ,USD,-201.18
NXXT.OQ,USD,0.0
NYT.N,USD,2538.02
O.N,USD,2211.76
OABI.OQ,USD,1214.32
OBK.N,USD,0.0
OBT.OQ,USD,0.0
OC.N,USD,-2814.43
OCFC.OQ,USD,1210.79
OCUL.OQ,USD,-960.6
ODC.N,USD,0.0
ODFL.OQ,USD,-374.2
OEC.N,USD,1479.05
OFG.N,USD,509.39
OFIX.OQ,USD,0.0
OFLX.OQ,USD,119.22
OGE.N,USD,2614.09
OGN.N,USD,-1303.43
OGS.N,USD,3409.02
OHI.N,USD,1444.09
OI.N,USD,-1338.36
OII.N,USD,-822.44
OIS.N,USD,308.27
OKE.N,USD,221.01
OKLO.N,USD,-3077.21
OKTA.OQ,USD,-1465.75
OLED.OQ,USD,-1497.42
OLLI.OQ,USD,-824.36
OLMA.OQ,USD,335.22
OLN.N,USD,-1838.43
OLP.N,USD,1707.54
OLPX.OQ,USD,0.0
OM.OQ,USD,-269.57
OMC.N,USD,-94.5
OMCL.OQ,USD,-25.82
OMDA.OQ,USD,-822.17
OMER.OQ,USD,1644.31
OMF.N,USD,-3656.47
ON.OQ,USD,-1617.59
ONB.OQ,USD,-873.28
ONEW.OQ,USD,-1949.5
ONIT.N,USD,300.51
ONON.N,USD,-1709.41
ONTF.N,USD,0.0
ONTO.N,USD,913.15
OOMA.N,USD,346.34
OPAL.OQ,USD,0.0
OPBK.OQ,USD,92.52
OPCH.OQ,USD,-273.31
OPFI.N,USD,-957.05
OPK.OQ,USD,0.0
OPLN.N,USD,-1092.2
OPRT.OQ,USD,-1195.13
OPRX.OQ,USD,0.0
OPTU.N,USD,-1635.3
ORA.N,USD,1658.38
ORC.N,USD,2530.02
ORCL.N,USD,-1731.52
ORGO.OQ,USD,-962.02
ORI.N,USD,2470.94
ORIC.OQ,USD,-377.49
ORKA.OQ,USD,1415.28
ORLY.OQ,USD,934.5
ORN.N,USD,301.49
ORRF.OQ,USD,0.0
OSBC.OQ,USD,0.0
OSCR.N,USD,-3167.06
OSG.N,USD,0.0
OSIS.OQ,USD,-887.23
OSK.N,USD,848.27
OSPN.OQ,USD,0.0
OSUR.OQ,USD,0.0
OSW.OQ,USD,-2960.36
OTIS.N,USD,1612.4
OTTR.OQ,USD,2966.78
OUST.OQ,USD,-959.54
OUT.N,USD,1853.03
OVBC.OQ,USD,0.0
OVLY.OQ,USD,270.1
OVV.N,USD,-351.72
OWL.N,USD,-1184.71
OXM.N,USD,-2746.91
OXY.N,USD,698.39
OZK.OQ,USD,-396.56
PACB.OQ,USD,0.0
PACK.N,USD,0.0
PACS.N,USD,34.92
PAG.N,USD,-898.59
PAGS.N,USD,-615.89
PAHC.OQ,USD,0.0
PAL.OQ,USD,-1120.39
PAMT.OQ,USD,0.0
PANL.OQ,USD,0.0
PANW.OQ,USD,-1389.48
PAR.N,USD,-841.33
PARR.N,USD,352.18
PATH.N,USD,-1196.13
PATK.OQ,USD,1101.42
PAX.OQ,USD,0.0
PAYC.N,USD,-1159.8
PAYO.OQ,USD,-1842.23
PAYS.OQ,USD,97.4
PAYX.OQ,USD,-1619.41
PB.N,USD,838.3
PBF.N,USD,195.23
PBFS.OQ,USD,0.0
PBH.N,USD,398.51
PBI.N,USD,-856.73
PBYI.OQ,USD,0.0
PCAR.OQ,USD,1277.33
PCB.OQ,USD,0.0
PCG.N,USD,1583.03
PCOR.N,USD,-2149.5
PCRX.OQ,USD,999.96
PCT.OQ,USD,-1044.77
PCTY.OQ,USD,-1898.48
PCVX.OQ,USD,2600.98
PCYO.OQ,USD,265.4
PD.N,USD,-1705.65
PDEX.OQ,USD,175.94
PDFS.OQ,USD,506.69
PDLB.OQ,USD,0.0
PDM.N,USD,274.65
PDYN.OQ,USD,-14.36
PEB.N,USD,-1523.25
PEBK.OQ,USD,886.28
PEBO.OQ,USD,0.0
PECO.OQ,USD,2076.85
PEG.N,USD,1778.08
PEGA.OQ,USD,-2693.65
PEN.N,USD,4654.48
PENG.OQ,USD,-3359.86
PENN.OQ,USD,-1681.4
PEP.OQ,USD,2176.99
PESI.OQ,USD,0.0
PFBC.OQ,USD,0.0
PFE.N,USD,1318.5
PFG.OQ,USD,545.58
PFGC.N,USD,328.86
PFIS.OQ,USD,0.0
PFS.N,USD,594.12
PFSI.N,USD,-779.83
PG.N,USD,1542.3
PGC.OQ,USD,0.0
PGEN.OQ,USD,-1395.18
PGNY.OQ,USD,-1151.94
PGR.N,USD,874.07
PGY.OQ,USD,-461.29
PH.N,USD,976.01
PHAT.OQ,USD,0.0
PHIN.N,USD,-306.04
PHM.N,USD,950.99
PHR.N,USD,-2509.73
PI.OQ,USD,-2144.09
PII.N,USD,-2503.3
PINE.N,USD,1284.24
PINS.N,USD,-1105.83
PIPR.N,USD,-1662.0
PJT.N,USD,-2313.83
PK.N,USD,-1839.9
PKBK.OQ,USD,0.0
PKE.N,USD,0.0
PKG.N,USD,917.43
PKOH.OQ,USD,0.0
PKST.N,USD,0.0
PL.N,USD,-389.6
PLAB.OQ,USD,-357.41
PLAY.OQ,USD,-865.92
PLBC.OQ,USD,0.0
PLD.N,USD,1962.2
PLMR.OQ,USD,385.36
PLNT.N,USD,674.36
PLOW.N,USD,1896.44
PLPC.OQ,USD,1666.03
PLSE.OQ,USD,0.0
PLTK.OQ,USD,-2517.3
PLTR.OQ,USD,397.28
PLUG.OQ,USD,-621.83
PLUS.OQ,USD,887.53
PLX.A,USD,413.32
PLXS.OQ,USD,979.42
PM.N,USD,835.85
PMI.A,USD,0.0
PMT.N,USD,1070.65
PMTS.OQ,USD,0.0
PNBK.OQ,USD,0.0
PNC.N,USD,626.56
PNFP.N,USD,6312.92
PNR.N,USD,-722.27
PNRG.OQ,USD,-431.31
PNTG.OQ,USD,887.65
PNW.N,USD,3767.71
PODD.OQ,USD,-243.49
POOL.OQ,USD,-2309.89
POR.N,USD,2492.22
POST.N,USD,1433.75
POWI.OQ,USD,-1547.32
POWL.OQ,USD,1535.22
POWW.OQ,USD,0.0
PPC.OQ,USD,550.52
PPG.N,USD,-961.91
PPL.N,USD,3536.66
PPTA.OQ,USD,1237.34
PR.N,USD,1615.54
PRA.N,USD,2559.81
PRAA.OQ,USD,0.0
PRAX.OQ,USD,1083.45
PRCH.OQ,USD,-1075.22
PRCT.OQ,USD,-1787.75
PRDO.OQ,USD,2145.53
PRG.N,USD,-1261.58
PRGO.N,USD,-729.36
PRGS.OQ,USD,-1732.06
PRI.N,USD,613.58
PRIM.N,USD,563.81
PRK.A,USD,0.0
PRKS.N,USD,-1325.19
PRLB.N,USD,0.0
PRM.N,USD,955.19
PRMB.N,USD,1552.54
PRME.OQ,USD,0.0
PROP.OQ,USD,0.0
PRSU.N,USD,0.0
PRTA.OQ,USD,0.0
PRTH.OQ,USD,0.0
PRU.N,USD,-1235.16
PRVA.OQ,USD,355.57
PSA.N,USD,2979.2
PSFE.N,USD,-886.29
PSIX.OQ,USD,0.0
PSMT.OQ,USD,2043.3
PSN.N,USD,-1626.96
PSNL.OQ,USD,0.0
PSTG.N,USD,-3727.28
PSTL.N,USD,0.0
PSX.N,USD,1082.66
PTC.OQ,USD,-948.64
PTCT.OQ,USD,1407.33
PTEN.OQ,USD,-46.5
PTGX.OQ,USD,1526.89
PTLO.OQ,USD,-584.65
PTON.OQ,USD,-1197.06
PUBM.OQ,USD,-498.86
PUMP.N,USD,-392.81
PVH.N,USD,-1136.7
PVLA.OQ,USD,2786.47
PWP.OQ,USD,-1537.16
PWR.N,USD,2774.29
PXED.N,USD,0.0
PYPL.OQ,USD,-2758.87
PZZA.OQ,USD,-2775.31
Q.N,USD,1500.54
QBTS.N,USD,-1249.96
QCOM.OQ,USD,-3161.4
QCRH.OQ,USD,138.88
QDEL.OQ,USD,-1392.75
QGEN.N,USD,880.3
QLYS.OQ,USD,-1653.57
QNST.OQ,USD,0.0
QRVO.OQ,USD,-5212.65
QS.OQ,USD,-2110.57
QSI.OQ,USD,-47.62
QSR.N,USD,4082.52
QTRX.OQ,USD,0.0
QTWO.N,USD,-2493.28
QUAD.N,USD,118.78
QUBT.OQ,USD,-1159.08
QXO.N,USD,-3198.57
R.N,USD,520.2
RAL.N,USD,2830.38
RAMP.N,USD,-936.47
RAPP.OQ,USD,0.0
RARE.OQ,USD,1175.24
RBA.N,USD,914.65
RBB.OQ,USD,0.0
RBBN.OQ,USD,0.0
RBC.N,USD,3839.08
RBCAA.OQ,USD,0.0
RBKB.OQ,USD,0.0
RBLX.N,USD,-2182.01
RBRK.N,USD,-1469.51
RC.N,USD,0.0
RCAT.OQ,USD,-491.3
RCEL.OQ,USD,0.0
RCKT.OQ,USD,0.0
RCKY.OQ,USD,0.0
RCL.N,USD,-1468.9
RCMT.OQ,USD,47.76
RCUS.N,USD,945.0
RDDT.N,USD,0.0
RDN.N,USD,696.91
RDNT.OQ,USD,-833.92
RDVT.OQ,USD,0.0
RDW.N,USD,-1432.16
REAL.OQ,USD,-977.87
REAX.OQ,USD,0.0
REFI.OQ,USD,2357.01
REG.OQ,USD,2812.03
REGN.OQ,USD,3274.96
RELL.OQ,USD,288.12
RELY.OQ,USD,-2778.07
REPL.OQ,USD,2295.96
REPX.A,USD,0.0
RES.N,USD,0.0
REX.N,USD,3036.24
REXR.N,USD,781.19
REYN.OQ,USD,464.64
REZI.N,USD,-3325.63
RF.N,USD,538.62
RGA.N,USD,324.04
RGCO.OQ,USD,0.0
RGEN.OQ,USD,930.41
RGLD.OQ,USD,3580.14
RGNX.OQ,USD,0.0
RGP.OQ,USD,0.0
RGR.N,USD,0.0
RGTI.OQ,USD,-1578.72
RH.N,USD,-1416.1
RHI.N,USD,-1495.3
RHLD.N,USD,0.0
RHP.N,USD,-655.13
RICK.OQ,USD,-2017.85
RIG.N,USD,-1868.16
RIGL.OQ,USD,457.35
RIOT.OQ,USD,-3339.66
RITM.N,USD,854.94
RIVN.OQ,USD,-1871.07
RJF.N,USD,839.47
RKLB.OQ,USD,-1277.13
RKT.N,USD,-1538.86
RL.N,USD,-804.74
RLAY.OQ,USD,1991.73
RLGT.A,USD,0.0
RLI.N,USD,928.52
RLJ.N,USD,0.0
RM.N,USD,0.0
RMAX.N,USD,0.0
RMBI.OQ,USD,0.0
RMBS.OQ,USD,-2626.07
RMD.N,USD,570.77
RMNI.OQ,USD,0.0
RMR.OQ,USD,0.0
RNA.OQ,USD,6701.78
RNAC.OQ,USD,-48.24
RNG.N,USD,-1796.1
RNGR.N,USD,582.17
RNR.N,USD,1551.7
RNST.N,USD,431.79
ROAD.OQ,USD,-506.04
ROCK.OQ,USD,-1856.95
ROG.N,USD,928.89
ROIV.OQ,USD,1692.75
ROK.N,USD,-862.43
ROKU.OQ,USD,-2642.21
ROL.N,USD,1858.2
ROOT.OQ,USD,-1167.21
ROP.OQ,USD,-1513.15
ROST.OQ,USD,2383.68
RPAY.OQ,USD,-603.84
RPD.OQ,USD,-1003.41
RPM.N,USD,-986.67
RPRX.OQ,USD,1929.7
RPT.N,USD,0.0
RR.OQ,USD,-741.75
RRBI.OQ,USD,0.0
RRC.N,USD,-909.36
RRR.OQ,USD,-728.63
RRX.N,USD,-1476.97
RS.N,USD,727.3
RSG.N,USD,2389.67
RSI.N,USD,-3353.47
RSVR.OQ,USD,0.0
RTX.N,USD,1536.32
RUM.OQ,USD,-1426.39
RUN.OQ,USD,-1529.06
RUSHA.OQ,USD,909.1
RUSHB.OQ,USD,0.0
RVLV.N,USD,-2743.95
RVMD.OQ,USD,2261.47
RVSB.OQ,USD,0.0
RVTY.N,USD,-293.79
RWT.N,USD,0.0
RXO.N,USD,-2206.98
RXRX.OQ,USD,-2139.1
RXST.OQ,USD,0.0
RXT.OQ,USD,-557.42
RYAM.N,USD,0.0
RYAN.N,USD,-1450.99
RYI.N,USD,0.0
RYN.N,USD,985.47
RYTM.OQ,USD,1124.39
RZLT.OQ,USD,119.28
RZLV.OQ,USD,0.0
S.N,USD,-1503.94
SABR.OQ,USD,-1352.98
SAFE.N,USD,797.11
SAFT.OQ,USD,0.0
SAFX.OQ,USD,0.0
SAH.N,USD,0.0
SAIA.OQ,USD,-1516.17
SAIC.OQ,USD,-910.06
SAIL.OQ,USD,-2381.65
SAM.N,USD,907.6
SAMG.OQ,USD,0.0
SANA.OQ,USD,116.56
SANM.OQ,USD,-2314.3
SARO.N,USD,76.45
SATL.OQ,USD,0.0
SATS.OQ,USD,-984.06
SB.N,USD,963.28
SBAC.OQ,USD,970.01
SBC.OQ,USD,0.0
SBCF.OQ,USD,811.54
SBFG.OQ,USD,0.0
SBGI.OQ,USD,0.0
SBH.N,USD,982.59
SBRA.OQ,USD,1382.74
SBSI.N,USD,0.0
SBUX.OQ,USD,-981.74
SCCO.N,USD,1945.53
SCHL.OQ,USD,0.0
SCHW.N,USD,879.99
SCI.N,USD,3439.48
SCL.N,USD,0.0
SCSC.OQ,USD,0.0
SCVL.OQ,USD,0.0
SD.N,USD,333.74
SDGR.OQ,USD,-2150.37
SDRL.N,USD,415.04
SEAT.OQ,USD,-619.54
SEB.A,USD,1247.08
SEE.N,USD,908.35
SEG.N,USD,0.0
SEI.N,USD,339.47
SEIC.OQ,USD,884.21
SEM.N,USD,0.0
SEMR.N,USD,-793.81
SENEA.OQ,USD,1606.07
SEPN.OQ,USD,1268.32
SERV.OQ,USD,0.0
SEVN.OQ,USD,0.0
SEZL.OQ,USD,-1758.02
SF.N,USD,-3400.09
SFBC.OQ,USD,120.7
SFBS.N,USD,-1988.27
SFD.OQ,USD,1531.75
SFIX.OQ,USD,-1795.23
SFL.N,USD,0.0
SFM.OQ,USD,-1801.79
SFNC.OQ,USD,558.96
SFST.OQ,USD,0.0
SG.N,USD,-1376.81
SGC.OQ,USD,0.0
SGHC.N,USD,29.06
SGHT.OQ,USD,0.0
SGI.N,USD,-1264.53
SGRY.OQ,USD,-2154.02
SHAK.N,USD,-2507.13
SHBI.OQ,USD,0.0
SHC.OQ,USD,-107.65
SHEN.OQ,USD,0.0
SHLS.OQ,USD,-1787.81
SHO.N,USD,-607.88
SHOO.OQ,USD,-2890.37
SHW.N,USD,1866.58
SI.N,USD,-329.71
SIBN.OQ,USD,0.0
SIEB.OQ,USD,0.0
SIG.N,USD,-1380.18
SIGA.OQ,USD,120.2
SIGI.OQ,USD,1213.16
SILA.N,USD,0.0
SION.OQ,USD,1665.79
SIRI.OQ,USD,-1084.47
SITC.N,USD,0.0
SITE.N,USD,-1012.8
SITM.OQ,USD,-1475.66
SJM.N,USD,1611.57
SKIL.N,USD,0.0
SKIN.OQ,USD,-865.77
SKT.N,USD,912.44
SKWD.OQ,USD,-895.58
SKY.N,USD,-654.56
SKYH.N,USD,301.01
SKYT.OQ,USD,995.29
SKYW.OQ,USD,-3152.21
SKYX.OQ,USD,0.0
SLAB.OQ,USD,-2655.78
SLB.N,USD,661.12
SLDB.OQ,USD,262.69
SLDE.OQ,USD,1207.76
SLDP.OQ,USD,-141.29
SLG.N,USD,-2904.39
SLGN.N,USD,-271.41
SLM.OQ,USD,-2706.02
SLND.A,USD,0.0
SLNO.OQ,USD,-654.39
SLP.OQ,USD,0.0
SLQT.N,USD,-13.77
SLS.OQ,USD,0.0
SLSN.OQ,USD,0.0
SLVM.N,USD,-2021.9
SM.N,USD,-1567.16
SMA.N,USD,1657.51
SMBC.OQ,USD,0.0
SMBK.N,USD,0.0
SMC.N,USD,0.0
SMCI.OQ,USD,-2099.46
SMG.N,USD,201.55
SMHI.N,USD,0.0
SMID.OQ,USD,0.0
SMMT.OQ,USD,1205.43
SMP.N,USD,1260.26
SMPL.OQ,USD,-1696.77
SMR.N,USD,-446.6
SMTC.OQ,USD,-234.93
SMTI.OQ,USD,-413.55
SN.N,USD,-1564.37
SNA.N,USD,2292.37
SNBR.OQ,USD,-1343.66
SNCY.OQ,USD,-1731.97
SNDA.N,USD,0.0
SNDK.OQ,USD,0.0
SNDR.N,USD,556.18
SNDX.OQ,USD,2187.28
SNEX.OQ,USD,1567.11
SNFCA.OQ,USD,-782.79
SNOW.N,USD,-754.82
SNPS.OQ,USD,-2166.48
SNWV.OQ,USD,0.0
SNX.N,USD,909.46
SO.N,USD,2006.76
SOC.N,USD,-1817.2
SOFI.OQ,USD,-1249.24
SOLS.OQ,USD,0.0
SOLV.N,USD,-715.77
SON.N,USD,1343.33
SONO.OQ,USD,-2575.52
SOUN.OQ,USD,-2937.84
SPB.N,USD,1450.13
SPFI.OQ,USD,0.0
SPG.N,USD,1428.98
SPGI.N,USD,-910.89
SPHR.N,USD,-997.9
SPIR.N,USD,769.02
SPNT.N,USD,851.58
SPOK.OQ,USD,1685.34
SPOT.N,USD,-1287.83
SPRY.OQ,USD,-1007.6
SPSC.OQ,USD,-907.35
SPT.OQ,USD,-949.04
SPWR.OQ,USD,0.0
SPXC.N,USD,909.81
SR.N,USD,3921.29
SRBK.OQ,USD,126.9
SRCE.OQ,USD,0.0
SRE.N,USD,963.43
SRPT.OQ,USD,949.45
SRRK.OQ,USD,2859.28
SRTA.OQ,USD,0.0
SSB.N,USD,-55.8
SSD.N,USD,896.19
SSNC.OQ,USD,746.29
SSP.OQ,USD,0.0
SSRM.OQ,USD,1262.94
SSTI.OQ,USD,0.0
SSTK.N,USD,0.0
ST.N,USD,-1848.12
STAA.OQ,USD,-2592.67
STAG.N,USD,1832.21
STBA.OQ,USD,0.0
STC.N,USD,904.18
STE.N,USD,433.58
STEL.N,USD,0.0
STEP.OQ,USD,-2422.7
STGW.OQ,USD,0.0
STIM.OQ,USD,-1039.83
STKL.OQ,USD,0.0
STLD.OQ,USD,973.33
STNE.OQ,USD,-1853.3
STNG.N,USD,2258.24
STOK.OQ,USD,1902.77
STRA.OQ,USD,993.58
STRL.OQ,USD,948.68
STRS.OQ,USD,0.0
STRT.OQ,USD,131.27
STRW.A,USD,0.0
STRZ.OQ,USD,0.0
STT.N,USD,941.08
STWD.N,USD,954.32
STXS.A,USD,0.0
STZ.N,USD,386.6
SUI.N,USD,4444.48
SUNS.OQ,USD,462.01
SUPN.OQ,USD,1405.89
SVC.OQ,USD,-460.54
SVCO.OQ,USD,-938.51
SVRA.OQ,USD,0.0
SVV.N,USD,948.2
SW.N,USD,-1778.7
SWBI.OQ,USD,0.0
SWIM.OQ,USD,0.0
SWK.N,USD,-1433.35
SWKH.OQ,USD,0.0
SWKS.OQ,USD,-2053.2
SWX.N,USD,2683.7
SXC.N,USD,0.0
SXI.N,USD,4245.59
SXT.N,USD,888.43
SYBT.OQ,USD,0.0
SYF.N,USD,-4444.15
SYK.N,USD,-213.04
SYNA.OQ,USD,-2305.73
SYRE.OQ,USD,3262.42
SYY.N,USD,1679.21
T.N,USD,1332.07
TALK.OQ,USD,0.0
TALO.N,USD,-1258.05
TAP.N,USD,1021.42
TARA.OQ,USD,0.0
TARS.OQ,USD,1938.37
TBBK.OQ,USD,-1839.58
TBCH.OQ,USD,0.0
TBI.N,USD,0.0
TBPH.OQ,USD,0.0
TBRG.OQ,USD,375.12
TCBI.OQ,USD,630.38
TCBK.OQ,USD,0.0
TCBX.N,USD,119.21
TCI.N,USD,0.0
TCMD.OQ,USD,0.0
TCX.OQ,USD,258.13
TDAY.N,USD,0.0
TDC.N,USD,-1596.66
TDG.N,USD,1801.61
TDOC.N,USD,-1851.77
TDS.N,USD,2094.89
TDUP.OQ,USD,-1452.19
TDW.N,USD,-1190.73
TDY.N,USD,3402.9
TE.N,USD,-849.79
TEAD.OQ,USD,0.0
TEAM.OQ,USD,-1232.76
TECH.OQ,USD,585.98
TECX.OQ,USD,0.0
TEM.OQ,USD,-1800.13
TENB.OQ,USD,-1447.03
TER.OQ,USD,975.39
TERN.OQ,USD,1371.48
TEX.N,USD,-839.72
TFC.N,USD,101.17
TFIN.N,USD,0.0
TFSL.OQ,USD,0.0
TFX.N,USD,-306.49
TG.N,USD,0.0
TGLS.N,USD,-2643.96
TGNA.N,USD,998.41
TGT.N,USD,-250.05
TGTX.OQ,USD,843.31
TH.OQ,USD,0.0
THC.N,USD,978.5
THFF.OQ,USD,2976.06
THG.N,USD,1277.61
THO.N,USD,-1429.73
THR.N,USD,119.08
THRM.OQ,USD,0.0
THRY.OQ,USD,-738.85
TIC.N,USD,0.0
TIGO.OQ,USD,1258.63
TILE.OQ,USD,124.76
TIPT.OQ,USD,0.0
TITN.OQ,USD,0.0
TJX.N,USD,2192.58
TK.N,USD,708.47
TKNO.OQ,USD,-768.17
TKO.N,USD,1524.87
TKR.N,USD,913.71
TLN.OQ,USD,0.0
TLS.OQ,USD,0.0
TLSI.OQ,USD,0.0
TMCI.OQ,USD,0.0
TMDX.OQ,USD,562.16
TMHC.N,USD,925.08
TMO.N,USD,982.01
TMP.A,USD,0.0
TMUS.OQ,USD,913.37
TNC.N,USD,345.82
TNDM.OQ,USD,1421.2
TNET.N,USD,-1676.03
TNGX.OQ,USD,2924.28
TNK.N,USD,1620.58
TNL.N,USD,-408.45
TNXP.OQ,USD,-726.5
TOI.OQ,USD,92.65
TOL.N,USD,981.78
TOST.N,USD,-1478.36
TOWN.OQ,USD,829.08
TPB.N,USD,638.89
TPC.N,USD,-1837.11
TPG.OQ,USD,-1350.71
TPH.N,USD,981.82
TPL.N,USD,1055.03
TPR.N,USD,879.5
TR.N,USD,2330.64
TRAK.N,USD,0.0
TRC.N,USD,625.98
TRDA.OQ,USD,1458.28
TREE.OQ,USD,-1060.72
TREX.N,USD,-783.56
TRGP.N,USD,1012.58
TRIP.OQ,USD,-1176.16
TRMB.OQ,USD,-2759.33
TRMK.OQ,USD,913.31
TRN.N,USD,1049.03
TRNO.N,USD,1920.46
TRNS.OQ,USD,-999.95
TROW.OQ,USD,-1116.17
TROX.N,USD,-1823.55
TRS.OQ,USD,1250.62
TRST.OQ,USD,0.0
TRTX.N,USD,0.0
TRU.N,USD,-2606.23
TRUP.OQ,USD,-1969.76
TRV.N,USD,1885.05
TRVI.OQ,USD,242.16
TSBK.OQ,USD,0.0
TSCO.OQ,USD,661.14
TSE.N,USD,-182.59
TSHA.OQ,USD,2110.66
TSLA.OQ,USD,-2618.03
TSN.N,USD,1662.4
TSSI.OQ,USD,0.0
TT.N,USD,898.75
TTAM.N,USD,422.47
TTC.N,USD,933.46
TTD.OQ,USD,-1260.93
TTEC.OQ,USD,-349.16
TTEK.OQ,USD,-1035.53
TTGT.OQ,USD,-563.43
TTI.N,USD,-846.93
TTMI.OQ,USD,1008.63
TTWO.OQ,USD,961.93
TUSK.OQ,USD,0.0
TVGN.OQ,USD,0.0
TVRD.OQ,USD,0.0
TVTX.OQ,USD,511.69
TW.OQ,USD,989.7
TWI.N,USD,0.0
TWLO.N,USD,-1402.49
TWO.N,USD,-2132.51
TWST.OQ,USD,957.36
TXG.OQ,USD,1917.11
TXN.OQ,USD,-2132.09
TXNM.N,USD,4213.02
TXRH.OQ,USD,896.22
TXT.N,USD,931.91
TYL.N,USD,-1708.37
TYRA.OQ,USD,0.0
TZOO.OQ,USD,-647.72
U.N,USD,-1815.39
UA.N,USD,-2091.37
UAA.N,USD,-1952.99
UAL.OQ,USD,-3338.64
UAMY.A,USD,0.0
UBER.N,USD,-2555.32
UBFO.OQ,USD,0.0
UBSI.OQ,USD,941.79
UCB.N,USD,164.08
UCTT.OQ,USD,-546.28
UDMY.OQ,USD,-940.73
UDR.N,USD,984.39
UE.N,USD,874.47
UEC.A,USD,911.93
UFCS.OQ,USD,0.0
UFPI.OQ,USD,520.96
UFPT.OQ,USD,-1612.42
UGI.N,USD,1569.2
UHAL.N,USD,466.01
UHALb.N,USD,-950.88
UHS.N,USD,-1462.29
UHT.N,USD,2033.95
UI.N,USD,113.76
UIS.N,USD,-267.38
ULCC.OQ,USD,-1325.7
ULH.OQ,USD,123.93
ULTA.OQ,USD,961.9
UMBF.OQ,USD,-282.52
UMH.N,USD,3684.03
UNB.OQ,USD,0.0
UNF.N,USD,3597.31
UNFI.N,USD,1795.43
UNH.N,USD,2299.54
UNIT.OQ,USD,-940.11
UNM.N,USD,752.78
UNP.N,USD,1130.22
UNTY.OQ,USD,0.0
UPB.OQ,USD,-840.09
UPBD.OQ,USD,-833.77
UPS.N,USD,869.17
UPST.OQ,USD,-951.46
UPWK.OQ,USD,-1247.24
URBN.OQ,USD,-3839.76
URGN.OQ,USD,1420.77
URI.N,USD,-2063.14
USAR.OQ,USD,1534.07
USAU.OQ,USD,0.0
USB.N,USD,996.16
USCB.OQ,USD,0.0
USFD.N,USD,874.04
USGO.OQ,USD,119.76
USLM.OQ,USD,350.5
USNA.N,USD,0.0
USPH.N,USD,0.0
UTHR.OQ,USD,4264.66
UTI.N,USD,2707.07
UTL.N,USD,1631.8
UTMD.OQ,USD,0.0
UTZ.N,USD,279.0
UUUU.A,USD,1830.39
UVE.N,USD,0.0
UVSP.OQ,USD,0.0
UVV.N,USD,0.0
UWMC.N,USD,-3423.95
V.N,USD,814.84
VABK.OQ,USD,0.0
VAC.N,USD,-966.69
VAL.N,USD,-1521.27
VALU.OQ,USD,0.0
VC.OQ,USD,-3344.98
VCEL.OQ,USD,-1798.53
VCTR.OQ,USD,-2615.71
VCYT.OQ,USD,-918.12
VECO.OQ,USD,1471.58
VEEV.N,USD,-1155.06
VEL.N,USD,1497.43
VERA.OQ,USD,3651.3
VERX.OQ,USD,-2396.73
VFC.N,USD,-1549.37
VGAS.OQ,USD,0.0
VHI.N,USD,0.0
VIA.N,USD,423.95
VIAV.OQ,USD,4293.32
VICI.N,USD,1444.07
VICR.OQ,USD,1310.93
VIK.N,USD,-734.21
VIR.OQ,USD,-1485.18
VIRC.OQ,USD,0.0
VIRT.N,USD,55.76
VISN.OQ,USD,-2608.42
VITL.OQ,USD,-1733.89
VKTX.OQ,USD,2462.29
VLGEA.OQ,USD,948.08
VLO.N,USD,2506.53
VLTO.N,USD,582.86
VLY.OQ,USD,806.08
VMC.N,USD,1777.68
VMD.OQ,USD,341.74
VMI.N,USD,1107.06
VNDA.OQ,USD,0.0
VNO.N,USD,-2477.73
VNOM.OQ,USD,843.58
VNT.N,USD,-1405.04
VOXR.OQ,USD,658.77
VOYA.N,USD,-3588.92
VOYG.N,USD,0.0
VPG.N,USD,0.0
VRDN.OQ,USD,2807.54
VRE.N,USD,1768.57
VREX.OQ,USD,0.0
VRM.OQ,USD,0.0
VRNS.OQ,USD,-2368.88
VRRM.OQ,USD,-1951.52
VRSK.OQ,USD,864.49
VRSN.OQ,USD,909.15
VRT.N,USD,-7.11
VRTS.N,USD,0.0
VRTX.OQ,USD,2003.71
VSAT.OQ,USD,-406.06
VSCO.N,USD,-544.03
VSEC.OQ,USD,532.36
VSH.N,USD,-820.05
VSNT.OQ,USD,0.0
VST.N,USD,-2339.1
VSTM.OQ,USD,0.0
VSTS.N,USD,1086.34
VTEX.N,USD,-584.81
VTOL.N,USD,0.0
VTR.N,USD,2028.08
VTRS.OQ,USD,899.42
VTS.N,USD,0.0
VUZI.OQ,USD,0.0
VVV.N,USD,1260.13
VVX.N,USD,3230.36
VYGR.OQ,USD,0.0
VYX.N,USD,-1149.59
VZ.N,USD,3418.54
W.N,USD,-1421.47
WAB.N,USD,1686.66
WABC.OQ,USD,0.0
WAFD.OQ,USD,930.51
WAL.N,USD,-1044.1
WALD.OQ,USD,0.0
WASH.OQ,USD,0.0
WAT.N,USD,762.72
WAY.OQ,USD,-1262.8
WBD.OQ,USD,-1103.9
WBS.N,USD,311.25
WBTN.OQ,USD,-895.15
WCC.N,USD,856.26
WD.N,USD,-1297.39
WDAY.OQ,USD,-1723.29
WDC.OQ,USD,918.01
WDFC.OQ,USD,1105.82
WEAV.N,USD,-1395.71
WEC.N,USD,3161.94
WELL.N,USD,1621.76
WEN.OQ,USD,-2295.73
WERN.OQ,USD,-940.68
WEST.OQ,USD,-1400.11
WEX.N,USD,-2262.26
WEYS.OQ,USD,0.0
WFC.N,USD,340.37
WFRD.OQ,USD,-3726.71
WGO.N,USD,-1622.2
WGS.OQ,USD,-1607.24
WH.N,USD,-1465.39
WHD.N,USD,-3228.69
WHG.N,USD,0.0
WHR.N,USD,-2088.47
WINA.OQ,USD,590.68
WING.OQ,USD,-1579.83
WK.N,USD,-1479.53
WKC.N,USD,-2018.06
WLDN.OQ,USD,-428.67
WLFC.OQ,USD,0.0
WLK.N,USD,927.2
WLY.N,USD,-984.1
WM.N,USD,3668.92
WMB.N,USD,4311.96
WMK.N,USD,1308.08
WMS.N,USD,264.37
WMT.OQ,USD,1816.79
WNC.N,USD,0.0
WNEB.OQ,USD,0.0
WOOF.OQ,USD,0.0
WOR.N,USD,0.0
WPC.N,USD,1679.62
WRB.N,USD,1710.07
WRBY.N,USD,-910.32
WRLD.OQ,USD,0.0
WS.N,USD,0.0
WSBC.OQ,USD,847.06
WSBF.OQ,USD,0.0
WSC.OQ,USD,-2374.17
WSFS.OQ,USD,867.5
WSM.N,USD,-1936.73
WSO.N,USD,722.94
WSR.N,USD,1288.6
WST.N,USD,814.0
WT.N,USD,846.96
WTBA.OQ,USD,0.0
WTFC.OQ,USD,336.19
WTI.N,USD,-253.13
WTM.N,USD,2289.21
WTRG.N,USD,3095.92
WTS.N,USD,929.41
WTTR.N,USD,332.82
WTW.OQ,USD,1007.29
WU.N,USD,950.41
WULF.OQ,USD,-913.23
WVE.OQ,USD,3337.55
WWD.OQ,USD,2616.43
WWW.N,USD,-1545.73
WY.N,USD,903.94
WYFI.OQ,USD,-1096.16
WYNN.OQ,USD,-2206.78
XEL.OQ,USD,2553.42
XENE.OQ,USD,2224.97
XERS.OQ,USD,-1521.27
XHR.N,USD,0.0
XMTR.OQ,USD,-1223.1
XNCR.OQ,USD,3980.48
XOM.N,USD,1279.35
XOMA.OQ,USD,0.0
XP.OQ,USD,-1207.21
XPEL.OQ,USD,0.0
XPER.N,USD,0.0
XPO.N,USD,1447.33
XPOF.N,USD,0.0
XPRO.N,USD,651.83
XRAY.OQ,USD,-3798.86
XRX.OQ,USD,-856.53
XYL.N,USD,381.61
XYZ.N,USD,-905.3
YELP.N,USD,-3052.0
YETI.N,USD,-601.23
YEXT.N,USD,559.31
YORW.OQ,USD,1768.78
YOU.N,USD,1827.84
YUM.N,USD,2032.91
Z.OQ,USD,-3192.37
ZBH.N,USD,1284.5
ZBIO.OQ,USD,2240.16
ZBRA.OQ,USD,-1379.82
ZD.OQ,USD,-1924.38
ZETA.N,USD,-2488.85
ZG.OQ,USD,-2861.19
ZGN.N,USD,0.0
ZION.OQ,USD,273.53
ZIP.N,USD,-763.79
ZM.OQ,USD,-960.55
ZS.OQ,USD,-1711.18
ZSPC.OQ,USD,-129.49
ZTS.N,USD,-88.45
ZUMZ.OQ,USD,122.26
ZVIA.N,USD,-72.64
ZVRA.OQ,USD,0.0
ZWS.N,USD,961.76
ZYME.OQ,USD,1843.13
SPX,USD,760199.61
