index,Instrument,Company Common Name,Company Market Cap,TRBC Economic Sector Name,Book Value Per Share,Enterprise Value To EBITDA (Daily Time Series Ratio),Revenue,Net Income Incl Extra Before Distributions,Free Cash Flow,Dividend yield,Currency
0,GBLB.BR,Groep Brussel Lambert NV,11215440000.0,Financials,105.6883021956,23.9212952799122,6685000000,132200000,-316500000.0,5.96658711217184,EUR
1,LGEN.L,Legal & General Group PLC,15657224046.432,Financials,0.6027862725,8.61703341919483,,191000000,,7.88546255506608,GBp
2,SAMPO.HE,Sampo Oyj,24587598238.412,Financials,2.997037037,9.41296098421868,,1997000000,1128000000.0,3.93098929897358,EUR
3,TKAG.DE,thyssenkrupp AG,7047059308.12,Basic Materials,15.6891598812,2.34550432264308,32837000000,465000000,-558000000.0,1.3934045517882,EUR
4,SUBC.OL,Subsea 7 SA,78435280000.0,Energy,14.2543237092,6.97806943384493,6837000000,201400000,310800000.0,4.94672754946728,NOK
5,EDP.LS,EDP SA,17987108961.576,Utilities,2.7982622801,9.97697813653172,13258841000,800980000,-3553049000.0,4.66635557629491,EUR
6,RR.L,Rolls-Royce Holdings PLC,112608440733.44,Industrials,-0.1087267525,27.530800113932,18909000000,2521000000,2485000000.0,0.566465256797583,GBp
7,ASRNL.AS,ASR Nederland NV,13123967339.4,Financials,48.9874031008,2.87698458119887,,548000000,,5.53212199870214,EUR
8,MBGn.DE,Mercedes-Benz Group AG,57042415365.72,Consumer Cyclicals,,8.11125039991054,132214000000,5331000000,,5.95744680851064,EUR
9,BYG.L,Big Yellow Group PLC,2070531366.92,Real Estate,13.1162883436,18.7315539590687,204495000,201891000,57629000.0,4.55066921606119,GBp
10,INPST.AS,InPost SA,7590000000.0,Industrials,4.9161862309,10.1890005847417,10919800000,1247300000,1337600000.0,,EUR
11,BKWB.S,BKW AG,7798560000.0,Utilities,98.827214984,9.88731569817867,2640000000,622200000,286800000.0,2.52559726962457,CHF
12,TUI1n.DE,TUI AG,4124399436.224,Consumer Cyclicals,3.4733784412,4.77003033943958,24178700000,636000000,993300000.0,1.22369065100343,EUR
13,AMV0n.DE,Aumovio Se,4120099809.38,Consumer Cyclicals,87.4753962954,3.50628181839298,19648000000,-290000000,-101000000.0,,EUR
14,KGH.WA,KGHM Polska Miedz SA,59925408942.2028,Basic Materials,154.95,9.54337603246207,35320000000,2868000000,-803000000.0,0.0,PLN
15,BCU.MI,Brunello Cucinelli SpA,5852960895.43446,Consumer Cyclicals,8.0325598036,16.7827081936024,1407951000,135034000,112134000.0,1.2093023255814,EUR
16,MAP.MC,Mapfre SA,12032774805.131,Financials,3.0712164235,2.15662520574161,,1132600000,761400000.0,4.26004098360656,EUR
17,DLN.L,Derwent London PLC,2011130538.39,Real Estate,31.5327192717,22.292159755584,276900000,115900000,-114200000.0,4.56595264937993,GBp
18,IG.MI,Italgas SpA,10958387603.9314,Utilities,2.8450905171,12.0439620327942,2478644000,478854000,-135950000.0,3.53661402597403,EUR
19,SOGN.PA,Societe Generale SA,56566159415.36,Financials,90.3620157887,-2.09828003963414,,6002000000,8005000000.0,2.22560132706663,EUR
20,LOTB.BR,Lotus Bakeries NV,8453894680.0,Consumer Non-Cyclicals,1058.2061256648,31.4224479105529,1335061000,172258000,,0.867052023121387,EUR
21,UCB.BR,Ucb SA,53703012173.8,Healthcare,,22.73708840575,7600000000,,,0.490819209039548,EUR
22,G1AG.DE,GEA Group AG,10622808576.0,Industrials,14.4615095465,12.3488110612282,5422129000,385043000,191517000.0,1.76515732924022,EUR
23,GLEN.L,Glencore PLC,59498252684.13,Basic Materials,3.2574242827,11.5292178356536,247535000000,363000000,-232000000.0,2.49524618906187,GBp
24,LOOMIS.ST,Loomis AB,30770200000.0,Industrials,176.7452135493,5.31269286754002,30427000000,1582000000,2403000000.0,4.48430493273543,SEK
25,BMED.MI,Banca Mediolanum SpA,13212443288.9968,Financials,6.0798761482,8.21953703351577,,1237908000,,6.94522868435912,EUR
26,UHR.S,Swatch Group AG,10289524880.0,Consumer Cyclicals,222.7374453223,16.4686825806452,6280000000,3000000,-237000000.0,2.30061349693251,CHF
27,SKFb.ST,SKF AB,118391277680.0,Industrials,117.6191372516,8.04272116591356,91583000000,3927000000,842000000.0,3.0427954456223,SEK
28,VLLP.PA,Vallourec SA,4525475109.26,Energy,10.9148037165,5.65056000173433,4033919000,452067000,527771000.0,7.65110941086458,EUR
29,GRG.L,Greggs PLC,1629955459.5,Consumer Cyclicals,5.6054786504,5.67078732216994,2014400000,153400000,-54300000.0,4.36985433818873,GBp
30,NDAFI.HE,Nordea Bank Abp,57498885499.825,Financials,9.3750722961,16.9503506046815,,4840000000,2130000000.0,5.80411124546554,EUR
31,ROCKb.CO,Rockwool A/S,48055674909.0,Basic Materials,13.3269802064,13.9267907038103,3877000000,28000000,-351000000.0,1.87570621468927,DKK
32,LISP.S,Chocoladefabriken Lindt & Spruengli AG,29744004860.0,Consumer Non-Cyclicals,,26.8571224233023,5920000000,,,1.17370892018779,CHF
33,RS1R.L,RS Group PLC,3304124791.96,Industrials,2.8807153025,10.9217195795857,2903500000,152600000,84000000.0,3.24014336917563,GBp
34,RUBF.PA,Rubis SCA,3711495500.92,Energy,27.3524796869,7.63139669579344,6643939000,342293000,33781000.0,5.70866141732283,EUR
35,ENGIE.PA,Engie SA,64047995789.3,Utilities,14.2498969072,7.11298176104727,73812000000,4106000000,-2568000000.0,5.60181680545042,EUR
36,SGRO.L,SEGRO PLC,11017451953.64,Real Estate,9.0682622112,31.8866366400817,675000000,594000000,305000000.0,3.74592833876221,GBp
37,EVDG.DE,CTS Eventim AG & Co KgaA,6436800000.0,Technology,10.698438296,8.98828257763492,2808579000,318868000,130237000.0,2.53628724216959,EUR
38,ALEP.WA,Allegro.eu SA,30343826102.1159,Consumer Cyclicals,9.5521025826,11.43015667481,10821231000,1034561000,1378237000.0,,PLN
39,TECN.S,Tecan Group AG,1768689265.7,Technology,,10.8132171334631,882500000,,,2.23713646532438,CHF
40,GRLS.MC,Grifols SA,6854610033.88245,Healthcare,8.6567592395,9.43250126426071,7212382000,156920000,278375000.0,1.34468848050202,EUR
41,FRAG.DE,Fraport Frankfurt Airport Services Worldwide AG,7674902432.0,Industrials,52.2624739505,12.8016810873123,4427000000,450600000,-876200000.0,0.0,EUR
42,MKS.L,Marks and Spencer Group PLC,8169186616.327,Consumer Non-Cyclicals,1.454127306,8.19764948172275,13816800000,295700000,196300000.0,0.957661290322581,GBp
43,SABE.MC,Banco de Sabadell SA,16194992645.1718,Financials,2.7265139752,2.50145007424192,,1775000000,,6.34585532443341,EUR
44,MICCT.AS,Magnum Ice Cream Company NV,8623066164.076,Consumer Non-Cyclicals,,9.06098919068437,7910000000,,,,EUR
45,CRDA.L,Croda International PLC,4189063260.0,Basic Materials,16.350286533,12.0184578768031,1628100000,158500000,-38600000.0,3.77038043478261,GBp
46,DLG.MI,De' Longhi SpA,5872187092.17502,Consumer Cyclicals,13.7574827649,9.52074812811906,3497555000,310737000,238077000.0,3.22331098504384,EUR
47,CAST.ST,Castellum AB,56673797052.6,Real Estate,159.0946490353,18.319136909361,9593000000,938000000,,0.0,SEK
48,DHER.DE,Delivery Hero SE,6128801154.34,Technology,9.1203011487,13.152054440624,12294700000,-882500000,-696100000.0,0.0,EUR
49,ORSTED.CO,Oersted A/S,204785640400.0,Utilities,158.9906282635,10.3780879921958,73244000000,2440000000,-41416000000.0,0.0,DKK
0,EVKn.DE,Evonik Industries AG,7101840000.0,Basic Materials,19.356223176,5.51909182643794,15157000000,222000000,-117000000.0,6.5402223675605,EUR
1,FREG.DE,Fresenius SE & Co KGaA,29322132640.62,Healthcare,34.6958567799,10.7568668416994,21833000000,471000000,1148000000.0,1.92012288786482,EUR
2,SECUb.ST,Securitas AB,86039210798.45,Industrials,68.1302222283,8.2069087805833,155113000000,5115000000,,3.38225909380983,SEK
3,TEL2b.ST,Tele2 AB,130695136842.3,Technology,32.1212354992,11.9364766027314,29890000000,4586000000,2672000000.0,5.55261766261237,SEK
4,JYSK.CO,Jyske Bank A/S,58954437454.5,Financials,868.3498497751,26.7856905825426,,5414000000,3125000000.0,2.64550264550265,DKK
5,AALB.AS,Aalberts NV,3774766764.02,Industrials,23.0050434029,9.32331089043647,3148600000,179100000,18000000.0,3.2621247113164,EUR
6,GJFG.OL,Gjensidige Forsikring ASA,133800000000.0,Financials,56.6199661774,20.4416461729969,,6557900000,,5.44294294294294,NOK
7,MANTA.HE,Mandatum Oyj,3702864275.232,Financials,2.8430659239,19.5673017021167,,156000000,-174200000.0,11.7630777747025,EUR
8,RIO.L,Rio Tinto PLC,121177805172.283,Basic Materials,38.3023399015,8.00948684506187,57638000000,9966000000,-1654000000.0,4.07261658858221,GBp
9,HLN.L,Haleon PLC,36473331782.16,Healthcare,1.7702584319,17.4197767316935,11233000000,1442000000,911000000.0,1.67035126504544,GBp
10,SCHP.S,Schindler Holding AG,30911985137.8,Industrials,47.2127924256,15.6758432368114,10947000000,1015000000,657000000.0,2.32081911262799,CHF
11,NTGY.MC,Naturgy Energy Group SA,24862578788.1222,Utilities,9.7583814516,7.53955506344204,19455000000,2023000000,1380000000.0,6.90866510538642,EUR
12,ADEN.S,Adecco Group AG,3627908123.94,Industrials,21.3228490427,8.79174111151423,23138000000,303000000,-29000000.0,4.66417910447761,CHF
13,EURA.PA,Eurazeo SE,3437538272.0,Financials,100.486323779,64.9742410497862,383306000,-429785000,-589412000.0,5.41037158023683,EUR
14,SPSN.S,Swiss Prime Site AG,11088390625.0,Real Estate,88.5765663283,41.1997568432392,552394000,382468000,110688000.0,2.53991291727141,CHF
15,SOF.BR,Sofina SA,9174107000.0,Financials,307.6157375691,23.3988851627392,1411188000,1359505000,,1.4119156504065,EUR
16,CARLb.CO,Carlsberg A/S,133311536365.6,Consumer Non-Cyclicals,210.3733968903,10.8191089124801,89095000000,5955000000,3346000000.0,2.91340164757886,DKK
17,MRL.MC,MERLIN Properties SOCIMI SA,7802929016.85693,Real Estate,14.7119290311,29.2576346656969,494572000,283759000,163458000.0,3.03687635574837,EUR
18,ERICb.ST,Telefonaktiebolaget LM Ericsson,344190410347.4,Technology,32.8637863786,7.71987429736828,236681000000,28428000000,24642000000.0,2.9513034923758,SEK
19,AD.AS,Koninklijke Ahold Delhaize NV,35692099304.85,Consumer Non-Cyclicals,15.7547169811,6.85502860137333,92352000000,2264000000,2197000000.0,3.1,EUR
20,TE.PA,Technip Energies NV,6018497607.92,Energy,11.7854791296,7.33851162479154,6718900000,390800000,334400000.0,2.50885478158205,EUR
21,SFSN.S,SFS Group AG,4808040000.0,Industrials,,11.0732988802756,3056600000,,,2.03915171288744,CHF
22,ABBN.S,Abb Ltd,129589236057.12,Industrials,8.8051450465,23.5758558580268,33220000000,4734000000,2554000000.0,1.34439359267735,CHF
23,DBKGn.DE,Deutsche Bank AG,59323477235.85,Financials,40.2255754476,5.16755203071483,,6931000000,,3.28839197632358,EUR
24,BNRGn.DE,Brenntag SE,7805473210.32,Basic Materials,32.6655148583,7.59137763696503,16237400000,536200000,317100000.0,3.87883265607684,EUR
25,BZU.MI,Buzzi SpA,9396563153.73272,Basic Materials,,7.04533641427173,4519000000,,,1.4361920393927,EUR
26,ABVX.PA,Abivax SA,8887763387.2,Healthcare,0.6437168845,,0,-176242000,-175795000.0,,EUR
27,NESTE.HE,Neste Oyj,16376503424.82,Energy,9.5203783347,12.3728574906985,19016000000,144000000,2000000.0,0.932400932400932,EUR
28,TSCO.L,Tesco PLC,31581114109.016,Consumer Non-Cyclicals,1.7068032187,8.56145185898286,69916000000,1626000000,975000000.0,2.86835748792271,GBp
29,DKSH.S,DKSH Holding AG,4117219557.9,Industrials,27.0235787997,9.55458400239026,11070600000,202900000,141800000.0,3.93700787401575,CHF
30,ITX.MC,Industria de Diseno Textil SA,180669617116.424,Consumer Cyclicals,6.317642336,16.0484552489436,38632000000,5866000000,1405000000.0,2.90055248618784,EUR
31,ADML.L,Admiral Group PLC,8821574668.8,Financials,4.4729972784,8.58258606291652,,663300000,311800000.0,6.26501766784452,GBp
32,MOBN.S,Mobimo Holding AG,2886845162.5,Real Estate,287.6793100293,31.0241404069317,353798000,192943000,121707000.0,2.63835263835264,CHF
33,PGHN.S,Partners Group Holding AG,24782940000.0,Financials,92.9091402412,18.8292256168409,2018300000,1127700000,17200000.0,4.61133069828722,CHF
34,MICP.PA,Compagnie Generale des Etablissements Michelin SCA,23013886919.26,Consumer Cyclicals,,5.46617144114575,25992000000,,,4.11940298507463,EUR
35,ATCOa.ST,Atlas Copco AB,921208801900.8,Industrials,22.6351462373,21.1584777850475,168343000000,26420000000,15161000000.0,2.56607646907878,SEK
36,NEXS.PA,Nexans SA,5516216631.9,Industrials,45.7961120363,8.41976289100145,7810000000,351000000,-30000000.0,2.29067930489731,EUR
37,SJP.L,St James's Place PLC,6768813173.4,Financials,2.3355335534,6.87237309085398,,398400000,362100000.0,1.4162077104642,GBp
38,BLND.L,British Land Company PLC,4189516704.45,Real Estate,5.9355509356,23.8490163348959,454000000,338000000,,5.53995157384988,GBp
39,UPM.HE,UPM-Kymmene Oyj,14238309159.02,Basic Materials,18.923326661,13.2222040323702,9656000000,479000000,-176000000.0,5.57828188917813,EUR
40,TELIA.ST,Telia Company AB,176669670219.98,Technology,12.9877495174,7.89989568358334,80982000000,3524000000,394000000.0,4.58612975391499,SEK
41,NIBEb.ST,Nibe Industrier AB,71442250648.96,Industrials,15.0243060684,14.0720016916537,40841000000,2277000000,4418000000.0,0.888776028440833,SEK
42,SAGAb.ST,Sagax AB,65114221810.1,Real Estate,91.719388853,24.1666404628995,5378000000,4048000000,,2.11670480549199,SEK
43,AAL.L,Anglo American PLC,42610078338.24,Basic Materials,19.4482831227,11.1290682445471,27290000000,-3068000000,-6166000000.0,0.666447193282472,GBp
44,BNZL.L,Bunzl plc,6918671894.86,Industrials,8.3355263158,7.8231992960157,11776400000,500400000,602100000.0,3.49386213408876,GBp
45,BNPP.PA,BNP Paribas SA,104354625501.11,Financials,112.115840917,4.46856943999169,,12225000000,12625000000.0,5.49872122762148,EUR
46,ALCC.S,Alcon AG,32120716000.0,Healthcare,43.5942556634,16.742528774098,9911000000,1018000000,1436000000.0,0.438047559449312,CHF
47,AMUN.PA,Amundi SA,16366435651.8,Financials,,9.13437515035308,3342000000,1592000000,,5.46623794212219,EUR
48,BTRW.L,Barratt Redrow PLC,5380986426.288,Consumer Cyclicals,5.7403572731,9.72250036840822,5578300000,186400000,-42700000.0,4.53580901856764,GBp
49,ARGX.BR,argenx SE,44704572494.4,Healthcare,91.8591396393,60.8925800713137,2190231000,833040000,782266000.0,0.0,EUR
0,LIFCOb.ST,Lifco AB (publ),136051500450.0,Consumer Non-Cyclicals,42.1403798514,20.544111473208,28251000000,3633000000,3964000000.0,0.83955223880597,SEK
1,KSP.I,Kingspan Group PLC,15449883649.2,Consumer Cyclicals,23.5561726227,15.1122674105656,8608000000,665500000,504000000.0,0.688010043942247,EUR
2,EZJ.L,Easyjet PLC,3592209508.475,Industrials,4.6577896138,2.01496597606133,10106000000,494000000,236000000.0,2.77602523659306,GBp
3,VNAn.DE,Vonovia SE,23293186977.52,Real Estate,29.286958061,25.9924924511838,5245700000,-896000000,-1879700000.0,4.46069469835466,EUR
4,AIRP.PA,L'Air Liquide Societe Anonyme pour l'Etude et l'Exploitation des Procedes Georges Claude SA,101716826386.56,Basic Materials,46.5949305965,14.0176375258348,27057800000,3306100000,702600000.0,1.96991404011461,EUR
5,JMAT.L,Johnson Matthey PLC,3872004526.08,Basic Materials,13.0422337078,8.89024241786593,11674000000,373000000,49000000.0,3.33911535125759,GBp
6,BMEB.L,B&M European Value Retail SA,1869873675.288,Consumer Cyclicals,0.7494623206,5.48693756928525,5571000000,319000000,159000000.0,7.04375667022412,GBp
7,REY.MI,Reply SpA,3364268316.96368,Technology,34.7826145113,6.20196112450894,2295938000,211138000,194891000.0,1.27991096271564,EUR
8,BCP.LS,Banco Comercial Portugues SA,13430757695.1408,Financials,0.4694222388,6.34135790919139,,906378000,725921000.0,3.33926981300089,EUR
9,SFZN.S,Siegfried Holding AG,3713383000.0,Healthcare,,14.4268874495055,1327834000,,,0.422222222222222,CHF
10,PKO.WA,Powszechna Kasa Oszczednosci Bank Polski SA,113587710762.52,Financials,41.9048,6.34087091759859,,9304000000,4406000000.0,6.04322893692104,PLN
11,RACE.MI,Ferrari NV,60329600538.9,Consumer Cyclicals,,22.8519280107059,14291536000,1599516000,,0.959819993571199,EUR
12,LEGn.DE,LEG Immobilien SE,5195492500.0,Real Estate,99.2173518853,22.1537539455884,1303300000,66000000,-81600000.0,3.96767083027186,EUR
13,PRU.L,Prudential PLC,28750344968.4,Financials,6.4427255985,9.44995343540586,,2285000000,2285000000.0,1.61510035906643,GBp
14,BIRG.I,Bank of Ireland Group PLC,15904776600.09,Financials,12.701171875,-0.926738765249145,,1531000000,349000000.0,3.26153846153846,EUR
15,MONC.MI,Moncler SpA,13823463840.6981,Consumer Cyclicals,13.2579548635,11.451534869811,3108924000,639596000,440231000.0,2.58654994031039,EUR
16,TEPRF.PA,Teleperformance SE,3113466980.0,Industrials,76.3108175106,3.94235104210526,10280000000,523000000,852000000.0,8.25147347740668,EUR
17,VIE.PA,Veolia Environnement SA,25552372404.65,Utilities,17.9375,7.30746802688328,44692000000,1098000000,486000000.0,4.09716125256073,EUR
18,EXPN.L,Experian PLC,23647455627.84,Industrials,5.5295404814,13.2905137770592,7523000000,1166000000,729000000.0,1.84052795031056,GBp
19,HEIG.DE,Heidelberg Materials AG,36295930377.0,Basic Materials,104.083486081,10.5906431282514,21156400000,1781700000,1469900000.0,1.60583941605839,EUR
20,UMI.BR,Umicore SA,4511584000.0,Basic Materials,9.3174512354,9.30235028548666,19374100000,384500000,272300000.0,2.67236771779797,EUR
21,ITPG.MI,Interpump Group SpA,4315277616.98678,Industrials,19.7133339351,10.0787919163678,2070684000,208122000,193323000.0,0.833333333333333,EUR
22,ZEG.L,Zegona Communications PLC,4208745456.3,Technology,,,3014621000,-438805000,,,GBp
23,DTGGe.DE,Daimler Truck Holding AG,32714105049.27,Industrials,27.8957286432,10.4292504807171,54077000000,2900000000,815000000.0,4.51950523311132,EUR
24,PSON.L,Pearson PLC,5863521108.16,Consumer Cyclicals,6.0,9.09393925927462,3552000000,434000000,381000000.0,2.64240849036171,GBp
25,COFB.BR,Cofinimmo SA,3474374990.4,Real Estate,94.2070385496,22.2044876875312,394931000,63889000,-79324000.0,6.7172264355363,EUR
26,KEMIRA.HE,Kemira Oyj,2976782628.6,Basic Materials,10.9601567603,6.50256803231798,2753500000,181200000,73300000.0,3.86571719226857,EUR
27,FHZN.S,Flughafen Zuerich AG,8007049000.0,Industrials,96.6248880669,13.2221973220578,1326300000,326700000,-136500000.0,2.1805661820964,CHF
28,BATS.L,British American Tobacco plc,99389538648.03,Consumer Non-Cyclicals,21.9140374943,10.3016637918569,25610000000,7764000000,4068000000.0,5.39771965124078,GBp
29,AVANZ.ST,Avanza Bank Holding AB,52205436206.4,Financials,50.3767136341,44.2486413248504,5735000000,2631000000,809000000.0,3.89908256880734,SEK
30,FLS.CO,FLSmidth & Co A/S,31476900000.0,Basic Materials,169.0481268216,11.5888052036974,14612000000,0,188000000.0,0.735970561177553,DKK
31,GALD.S,Galderma Group Ltd,36683815317.0,Consumer Non-Cyclicals,32.7978622699,46.7180030523891,4440000000,231000000,249000000.0,0.097024579560155,CHF
32,SCAb.ST,Svenska Cellulosa Aktiebolaget SCA,85047588774.9,Basic Materials,144.5220835208,20.7043218664926,20427000000,3205000000,415000000.0,2.47933884297521,SEK
33,ISP.MI,Intesa Sanpaolo SpA,100177072311.685,Financials,3.6689080864,4.98307906888653,,9321000000,,6.24565066109951,EUR
34,PHG.AS,Koninklijke Philips NV,25421091484.8,Healthcare,11.5561581884,9.88935134203182,17834000000,895000000,931000000.0,3.23809523809524,EUR
35,DAST.PA,Dassault Systemes SE,23381579212.95,Technology,6.6751442454,12.0976804189683,6235800000,1195900000,1225200000.0,1.48232611174458,EUR
36,LAND.L,Land Securities Group PLC,4980532616.045,Real Estate,8.7671601615,20.7359404696631,842000000,396000000,95000000.0,6.17713853141559,GBp
37,INF.L,Informa PLC,10670971875.842,Industrials,4.8550147162,11.9407249337702,3553100000,297700000,410300000.0,2.50486381322957,GBp
38,TENR.MI,Tenaris SA,24763082883.0,Energy,16.4402668857,9.27046535063955,11981157000,1932813000,1071905000.0,3.27286260007973,EUR
39,III.L,3i Group PLC,34829535189.24,Financials,25.4925404617,5.51926596368193,5155000000,5038000000,4409000000.0,2.33175914994097,GBp
40,RMV.L,Rightmove PLC,3300985153.557,Technology,0.1023287931,11.7408902628753,389882000,192713000,115326000.0,2.35662874390527,GBp
41,CCH.L,Coca Cola HBC AG,17354771102.9,Consumer Non-Cyclicals,10.5854582192,11.9417253275955,11604500000,940400000,245500000.0,1.83905426428016,GBp
42,PSHG_p.DE,Porsche Automobil Holding SE,5636531250.0,Consumer Cyclicals,114.6383673469,4.33205825538836,3431000000,-20017000000,-20799000000.0,5.30998053933834,EUR
43,SSE.L,SSE PLC,31430905018.04,Utilities,10.9752547307,14.7669878412263,10131900000,1263100000,-1444800000.0,2.52549019607843,GBp
44,AAK.ST,AAK AB (publ),64318770255.6,Consumer Non-Cyclicals,76.3944081612,11.6705304383675,46021000000,3429000000,1717000000.0,3.78236245954693,SEK
45,SDR.L,Schroders PLC,9438768089.08,Financials,2.8108244496,7.72402399698778,3250700000,539800000,375900000.0,3.66894197952218,GBp
46,SASY.PA,Sanofi SA,97047981256.16,Healthcare,58.4857423795,8.2426789357199,46716000000,7813000000,-8000000.0,5.21518987341772,EUR
47,NSISb.CO,Novozymes A/S,161303368398.6,Basic Materials,24.4217837854,16.187993914414,3833500000,305800000,240400000.0,1.12694300518135,DKK
48,CPG.L,Compass Group PLC,37630530151.72,Consumer Cyclicals,4.5097230407,13.7459937197428,46070000000,1868000000,527000000.0,2.20728929384966,GBp
49,EMSN.S,Ems Chemie Holding AG,14735087640.0,Basic Materials,,23.7679221434691,1950000000,,,2.76,CHF
0,KBX.DE,Knorr Bremse AG,18602480000.0,Industrials,,16.4476960562278,7817300000,,,1.57657657657658,EUR
1,AIR.PA,Airbus SE,150327906012.42,Industrials,33.0487340704,17.060202909841,73420000000,5221000000,1649000000.0,1.06894708711919,EUR
2,URW.PA,Unibail-Rodamco-Westfield SE,14964080040.0,Real Estate,123.6831983533,21.608270073721,3058400000,1268200000,1032800000.0,4.37743190661479,EUR
3,LPPP.WA,LPP SA,37400217231.2222,Consumer Cyclicals,2855.649324754,8.79742999003721,20194000000,1747000000,485000000.0,1.98906016907011,PLN
4,FORTUM.HE,Fortum Oyj,17671623638.175,Utilities,9.5167085718,15.8728785445678,4989000000,765000000,-677000000.0,3.76590330788804,EUR
5,LOGN.S,Logitech International SA,11222755308.0,Technology,14.0588942784,15.0482807077658,4554900000,631529000,447461000.0,1.81242807825086,CHF
6,TCAPI.L,TP ICAP Group PLC,1973161796.05,Financials,2.7216276919,-4.89077254909326,2253000000,167000000,86000000.0,6.34615384615385,GBp
7,LATOb.ST,Investment AB Latour,135803759652.0,Financials,66.6694560964,29.3676658941697,28145000000,4917000000,5802000000.0,2.26465364120781,SEK
8,BGN.MI,Banca Generali SpA,6408901811.50512,Financials,13.7428755145,32.7100570889448,1601200000,446700000,,5.29197080291971,EUR
9,SBMO.AS,SBM Offshore NV,5301920633.1,Energy,20.2575184557,13.0137582103987,4784000000,149000000,-85000000.0,2.7797157622739,EUR
10,AOO.BR,Aedifica NV,3687511728.45,Real Estate,77.0409155666,21.6417598677133,360501000,244434000,,5.1413881748072,EUR
11,IETB.BR,D'Ieteren Group SA,9916558145.4,Consumer Cyclicals,-8.621153242,19.1007056296646,8154700000,372100000,-3723300000.0,0.850611376927166,EUR
12,PSPN.S,PSP Swiss Property AG,7210432465.2,Real Estate,117.963111013,19.7492392140025,539334000,374948000,198831000.0,2.46991766941102,CHF
13,CDR.WA,CD Projekt SA,24229048779.0722,Technology,28.0317556181,37.7730126554899,985030000,469874000,407481000.0,0.413223140495868,PLN
14,VOLVb.ST,Volvo AB,713634024330.8,Industrials,87.7491392031,11.6349993363128,479183000000,34455000000,-5557000000.0,3.74423963133641,SEK
15,STMN.S,Straumann Holding AG,15014305304.24,Healthcare,13.5522355816,18.4087327447774,2605393000,355917000,141365000.0,1.0539629005059,CHF
16,LHAG.DE,Deutsche Lufthansa AG,10899082949.76,Industrials,9.6450572955,4.12817368753474,37581000000,1380000000,-292000000.0,3.295978905735,EUR
17,DRX.L,Drax Group PLC,2932988952.3,Energy,5.4209290188,3.98140714373243,6081200000,526600000,287100000.0,3.14814814814815,GBp
18,BCVN.S,Banque Cantonale Vaudoise,9836875170.0,Financials,46.2808855053,22.8234970447557,,429800000,,3.92506690454951,CHF
19,EQNR.OL,Equinor ASA,699798216034.4,Energy,15.5892788276,2.25258330348832,105828000000,5043000000,-3890000000.0,5.18413323782235,NOK
20,BKGH.L,Berkeley Group Holdings PLC,4117864815.68,Consumer Cyclicals,34.6621226874,7.70690215269169,2486500000,382000000,133000000.0,1.57157252104771,GBp
21,BAWG.VI,BAWAG Group AG,10326752824.7423,Financials,,12.5670763371992,,859900000,,4.66417910447761,EUR
22,RAND.AS,Randstad NV,4930887420.48,Industrials,22.8367579909,6.84685166894792,23077000000,299000000,243000000.0,5.78984989278056,EUR
23,ANTO.L,Antofagasta PLC,39355399264.4,Basic Materials,10.5188715561,25.0974986893804,8620300000,1328900000,-313200000.0,1.23248707239878,GBp
24,VOWG_p.DE,Volkswagen AG,51530309366.5,Consumer Cyclicals,363.6459678474,3.87608022995518,324656000000,11352000000,19343000000.0,6.19883040935672,EUR
25,OREP.PA,L'Oreal SA,214127060077.6,Consumer Non-Cyclicals,65.4887613025,20.6199134190571,44052000000,6127100000,2544200000.0,1.82278481012658,EUR
26,R3NK.DE,RENK Group AG,6079000000.0,Industrials,4.40914,21.952768691155,1140504000,53323000,70893000.0,0.689202494256646,EUR
27,ICAG.L,International Consolidated Airlines Group SA,19981565308.524,Industrials,1.2584132164,3.85939641543415,32100000000,2732000000,2124000000.0,2.17845958451763,GBp
28,REP.MC,Repsol SA,20068500261.3759,Energy,22.2084805654,4.08613274033536,54861000000,1899000000,-389000000.0,5.79382579933848,EUR
29,RENA.PA,Renault SA,9566615887.4,Consumer Cyclicals,76.0516497183,7.53413162482846,57922000000,-10931000000,-10284000000.0,6.8407960199005,EUR
30,VACN.S,VAT Group AG,16002000000.0,Industrials,,50.2960388170569,1073000000,,,1.18776130748765,CHF
31,ERST.VI,Erste Group Bank AG,43921214714.2335,Financials,55.6300327247,7.99222093670365,,3125000000,2632000000.0,2.80636108512629,EUR
32,CTEC.L,ConvaTec Group PLC,4472701442.352,Healthcare,0.8248017782,12.5807173219022,2289200000,190500000,159000000.0,2.18473547267996,GBp
33,PERP.PA,Pernod Ricard SA,21907056893.8,Consumer Non-Cyclicals,60.4814317194,11.5461496768503,10959000000,1626000000,198000000.0,5.5992375506314,EUR
34,AMBUb.CO,Ambu A/S,19138663984.05,Healthcare,22.6474429217,17.4913874391605,6037000000,609000000,493000000.0,0.511860174781523,DKK
35,UNPI.MI,Unipol Assicurazioni SpA,13963107315.7568,Financials,14.5274105156,2.6388466740265,,1482000000,,4.3713036770378,EUR
36,BARC.L,Barclays PLC,65416568916.328,Financials,5.5119047619,4.93946303232608,,7172000000,4859000000.0,1.83780318410087,GBp
37,BAB.L,Babcock International Group PLC,7091143786.6,Industrials,1.20025972,14.0769476009797,4831300000,247100000,213400000.0,0.501073729420186,GBp
38,KNIN.S,Kuehne und Nagel International AG,21578701022.1,Industrials,27.5392672985,10.3656841974786,24802000000,1181000000,568000000.0,4.67952353942144,CHF
39,NEXII.MI,Nexi SpA,3722469170.87317,Industrials,8.5356397321,4.80163716572867,5882306000,167361000,814766000.0,7.88146279949559,EUR
40,DNP.WA,Dino Polska SA,38620346758.1579,Consumer Non-Cyclicals,7.2267962056,15.1814524951215,29273792000,1504980000,352994000.0,,PLN
41,DTEGn.DE,Deutsche Telekom AG,160497823769.36,Technology,12.818144998,6.18646610165962,115769000000,11209000000,16801000000.0,2.75819797732148,EUR
42,FBK.MI,FinecoBank Banca Fineco SpA,12006226246.5324,Financials,4.1755528316,10.8898560761773,,647041000,,4.02752995156768,EUR
43,KINVb.ST,Kinnevik AB,18071324608.5,Financials,129.5145881908,,0,-3346000000,,,SEK
44,ISS.CO,ISS A/S,41215720000.0,Industrials,58.4391906029,9.79534867256639,84684000000,2603000000,3063000000.0,1.31147540983607,DKK
45,IHG.L,InterContinental Hotels Group PLC,21517329795.5,Consumer Cyclicals,-17.7525906736,19.1844434347659,5189000000,758000000,359000000.0,1.29374230498946,USD
46,BESI.AS,BE Semiconductor Industries NV,14971573161.0,Technology,5.2625266477,72.2844397206679,591331000,131641000,-23242000.0,0.913294797687861,EUR
47,VAR.OL,Var Energi ASA,85751554550.1,Energy,0.333536859,2.53189153877486,7406799000,327108000,-1778255000.0,13.9469178082192,NOK
48,TRYG.CO,Tryg A/S,95313256799.8,Financials,65.5133755097,12.4145457227603,,5405000000,1355000000.0,5.30401034928849,DKK
49,CAPP.PA,Capgemini SE,17757546119.5,Technology,,6.81922099031746,22465000000,,,3.27080327080327,EUR
0,SYENS.BR,Syensqo NV,8099624017.62,Basic Materials,70.9368106879,7.51128396421297,6846000000,-5000000,-133000000.0,2.06843718079673,EUR
1,BOUY.PA,Bouygues SA,19749042744.34,Industrials,33.6515257324,5.76084294940644,56752000000,1058000000,794000000.0,3.92618767177071,EUR
2,SSABb.ST,SSAB AB,77061982162.96,Basic Materials,68.0152518563,6.47117766902748,96220000000,4902000000,-7145000000.0,2.61233019853709,SEK
3,WBSV.VI,Wienerberger AG,3364430946.90676,Basic Materials,25.5985503002,6.62593284490065,4566000000,166000000,160000000.0,3.09446254071661,EUR
4,ENR1n.DE,Siemens Energy AG,142297587038.5,Energy,11.863434591,33.072088077028,39077000000,1415000000,1655000000.0,0.426309378806334,EUR
5,KOG.OL,Kongsberg Gruppen ASA,349732635812.0,Industrials,25.671491006,37.7022809965566,31562000000,7953000000,-333000000.0,1.45056622980023,NOK
6,AMA.MC,Amadeus IT Group SA,21615252701.7903,Technology,11.6119115519,9.34579261293847,6141700000,1253000000,1113400000.0,4.00500625782228,EUR
7,SHEL.AS,Shell PLC,190776881335.058,Energy,29.6039587153,4.89942900861336,266886000000,17837000000,16000000000.0,3.59534802003822,EUR
8,LAGRb.ST,Lagercrantz Group AB,42760546396.8,Consumer Non-Cyclicals,18.6215130161,21.3862200890498,9389000000,1019000000,987000000.0,1.03189493433396,SEK
9,WRT1V.HE,Wartsila Oyj Abp,21621572670.6,Industrials,4.88866399,19.918347888934,6914000000,626000000,381000000.0,2.90809327846365,EUR
10,CCL.L,Carnival PLC,32404199053.1563,Consumer Cyclicals,9.362804878,9.39436776062271,26622000000,2760000000,,0.463676729559748,GBp
11,TRELb.ST,Trelleborg AB,81212480549.2,Industrials,159.9689170685,11.4111731975711,34329000000,3596000000,2198000000.0,2.02071230108613,SEK
12,SIEGn.DE,Siemens AG,196120000000.0,Industrials,79.2823270619,16.381849072632,78914000000,9621000000,5180000000.0,2.22406983995011,EUR
13,JMT.LS,Jeronimo Martins SGPS SA,13353602128.4,Consumer Non-Cyclicals,4.7833168601,7.16093577979965,33464000000,599000000,214000000.0,2.79620853080569,EUR
14,EQTAB.ST,EQT AB,365321661210.0,Financials,6.3864982797,22.4316697482476,2632000000,728000000,635000000.0,1.58163265306123,SEK
15,RILBA.CO,Ringkjoebing Landbobank A/S,42353350596.0,Financials,475.0369789378,13.699623652774,,2313411000,,0.725513905683192,DKK
16,PHNX.L,Phoenix Group Holdings PLC,7723209906.175,Financials,1.7052947053,14.3502673497864,,-1090000000,-1346000000.0,7.18791064388962,GBp
17,CWK.L,Cranswick PLC,2936615084.0,Consumer Non-Cyclicals,18.4375058323,10.2902469058296,2723300000,134300000,37100000.0,1.95445920303605,GBp
18,ACS.MC,ACS Actividades de Construccion y Servicios SA,28440222104.0092,Industrials,17.6312093162,17.4749675570796,41633120000,827580000,915471000.0,1.92122660803059,EUR
19,BKT.MC,Bankinter SA,12599299493.2507,Financials,6.5389780012,-5.87702389385213,,952971000,426975000.0,4.10554623348804,EUR
20,ACPP.WA,Asseco Poland SA,14805037186.1055,Technology,80.5761075842,7.35537921115697,17132000000,519900000,1530500000.0,2.21348314606742,PLN
21,GETP.PA,Getlink SE,9861500000.0,Industrials,,17.6332470892626,1595000000,,,3.25659741718136,EUR
22,STLAM.MI,Stellantis NV,18644762330.195,Consumer Cyclicals,27.7630403638,3.35472958346044,156878000000,5473000000,-2373000000.0,0.0,EUR
23,KCRA.HE,Konecranes Abp,7938034981.2,Industrials,26.3513226915,11.2647182112125,4187800000,399700000,356000000.0,2.27387569479535,EUR
24,MBK.WA,mBank SA,44511392172.1397,Financials,503.5784699527,0.921080289181233,,3543540000,,0.0,PLN
25,ELISA.HE,Elisa Oyj,7111740602.5,Technology,7.8035924562,10.6450402301333,2257100000,342000000,-20200000.0,4.17452830188679,EUR
26,SBRY.L,J Sainsbury PLC,8040378794.112,Consumer Non-Cyclicals,2.853771561,5.82166021052932,32812000000,242000000,502000000.0,4.07501410039481,GBp
27,SWECb.ST,Sweco AB (publ),52356941032.9,Industrials,34.4580519557,12.0754394772804,31586000000,2226000000,2102000000.0,2.60380014074595,SEK
28,SGSN.S,SGS SA,18277900142.88,Industrials,4.6927083333,13.4924627309162,6945000000,668000000,706000000.0,3.41224141608019,CHF
29,RBREW.CO,Royal Unibrew A/S,32379000000.0,Consumer Non-Cyclicals,128.4338723895,17.7526583448914,15036000000,1464000000,585000000.0,2.34009360374415,DKK
30,SY1G.DE,Symrise AG,10597517134.28,Basic Materials,28.4833770414,12.0532395601079,4998513000,478224000,368404000.0,1.60128102481986,EUR
31,CMBN.S,Cembra Money Bank Ltd,2893500000.0,Financials,45.8927522208,18.2603008016173,,179600000,,6.02474448628295,CHF
32,ORNBV.HE,Orion Oyj,9768820040.5,Healthcare,9.1401557676,14.4026151975883,1889500000,500300000,228300000.0,2.58806613946801,EUR
33,BBOXT.L,Tritax Big Box Reit PLC,4674671345.45,Real Estate,2.0167623445,23.6877491112081,294200000,445500000,263900000.0,4.65648854961832,GBp
34,SPL1.WA,Santander Bank Polska SA,61606017339.0211,Financials,346.6664579042,4.9723373547846,,6478814000,1696364000.0,7.70777925531915,PLN
35,LTEN.PA,Alten SA,2108229395.9,Technology,,5.05357210918829,4099000000,,,2.48344370860927,EUR
36,EDEN.PA,Edenred SE,4288055079.385,Industrials,-3.7018011627,4.94936087699319,2856000000,507000000,246000000.0,6.79393599101628,EUR
37,HOTG.DE,Hochtief AG,31441991980.0,Industrials,16.8524681677,15.4833578491406,38236464000,902333000,1263987000.0,1.6793893129771,EUR
38,TEGG.DE,TAG Immobilien AG,3062366044.2,Real Estate,17.2084048076,25.7629568267529,473015000,121124000,-83643000.0,2.44349419670128,EUR
39,AG1G.DE,AUTO1 Group SE,4315110350.64,Technology,2.8348906055,30.145778428969,6271911000,20894000,49938000.0,0.0,EUR
40,ASSAb.ST,Assa Abloy AB,403767774685.5,Consumer Cyclicals,91.4648858096,14.7981899315357,152409000000,14701000000,11628000000.0,1.6953642384106,SEK
41,GIVN.S,Givaudan SA,27977765580.0,Basic Materials,491.741090783,18.2294393440736,7472000000,1071000000,490000000.0,2.40802675585284,CHF
42,AZMT.MI,Azimut Holding SpA,5022502664.82,Financials,13.6884935942,6.35200400882571,1381171000,576165000,355561000.0,4.99144324015973,EUR
43,AHT.L,Ashtead Group PLC,21502966665.0,Industrials,17.5914200505,7.37118254759703,10791700000,1510500000,2959800000.0,1.58656482569526,GBp
44,RBIV.VI,Raiffeisen Bank International AG,14064221264.7177,Financials,,-1.74167809041757,,1443000000,,3.74531835205992,EUR
45,SB1NO.OL,Sparebank 1 Sor-Norge ASA,79972193391.0,Financials,148.0474587396,32.3724232797578,,6694000000,3532000000.0,5.72792362768496,NOK
46,ACKB.BR,Ackermans & Van Haaren NV,9582589750.0,Industrials,161.4855729914,17.2974434749351,6043335000,459870000,622077000.0,1.32219902574809,EUR
47,SIGNC.S,SIG Group AG,4617832133.76,Basic Materials,8.1946550421,9.11962751925751,3328500000,194500000,116200000.0,4.05965202982602,CHF
48,KBCA.BR,Kbc Ancora NV,5976119094.4,Financials,45.8204077451,19.1447258426834,322919400,315434750,,4.55844155844156,EUR
49,SDZ.S,Sandoz Group AG,29497600000.0,Healthcare,18.9748953975,18.7048209072136,10384000000,0,-318000000.0,0.892591490627789,CHF
0,SRG.MI,Snam SpA,21238457653.4114,Energy,2.6622400751,14.253961028932,3568000000,1259000000,-1520000000.0,4.67374089325309,EUR
1,AV.L,Aviva PLC,20040409340.086,Financials,3.0931098696,3.54180085798281,,684000000,-179000000.0,5.74051026757934,GBp
2,DIOR.PA,Christian Dior SE,94946953416.0,Consumer Cyclicals,135.9510068645,6.87152157037633,80807000000,4531000000,7721000000.0,2.84577114427861,EUR
3,BAYGn.DE,Bayer AG,42912283901.76,Healthcare,32.4789804768,8.74768455314391,46606000000,-2552000000,-1405000000.0,0.241360394953374,EUR
4,QLT.L,Quilter PLC,2642526547.236,Financials,1.0587797619,0.189301397288665,1223000000,-34000000,-64000000.0,3.32618025751073,GBp
5,SAPG.DE,SAP SE,213514035521.6,Technology,38.3799313894,18.1811283310439,36800000000,7326000000,5320000000.0,1.37636171957362,EUR
6,AAF.L,Airtel Africa PLC,12913822209.596,Technology,0.6713344194,7.56420374043001,4977000000,220000000,71000000.0,1.46180566399811,GBp
7,LUNDb.ST,L E Lundbergforetagen AB (publ),85500000000.0,Financials,515.2104342743,19.8957634488756,28781000000,12079000000,6915000000.0,0.890099909173479,SEK
8,PEO.WA,Bank Polska Kasa Opieki SA,61073353198.1613,Financials,134.6744235904,6.75171146075002,,7015000000,2000000000.0,7.90697674418605,PLN
9,STMMI.MI,STMicroelectronics NV,26021655225.6,Technology,20.4558300153,9.49486908434798,13269000000,1987000000,228000000.0,1.17533431650049,EUR
10,PUIGb.MC,Puig Brands SA,2858976770.97683,Consumer Cyclicals,6.9221826878,3.03926267306444,5042026000,593696000,440477000.0,2.30608935128519,EUR
11,SCHN.PA,Schneider Electric SE,151148385892.8,Industrials,54.3751203818,19.5424453884463,38153000000,4269000000,2587000000.0,0.975515712357817,EUR
12,DSV.CO,DSV A/S,403946798640.0,Industrials,497.9663849152,17.3126610480102,247331000000,8095000000,12868000000.0,0.419287211740042,DKK
13,JD.L,JD Sports Fashion PLC,3867044005.6344,Consumer Cyclicals,0.5662790698,3.67701950274296,11458000000,490000000,743000000.0,1.13278925439939,GBp
14,GMAB.CO,Genmab A/S,119065889228.0,Healthcare,94.0771915666,16.7975535480831,3720000000,963000000,979000000.0,0.0,DKK
15,EMII.MI,BPER Banca SpA,23445178487.3311,Financials,8.4429986169,5.40962647631134,,1818447000,,3.35429769392033,EUR
16,FTKn.DE,flatexDEGIRO SE,3414170988.0,Financials,6.8791693486,19.2319587991649,480024000,111535000,106908000.0,0.988142292490119,EUR
17,ENI.MI,Eni SpA,58699160859.1211,Energy,16.6671592454,5.30398017971895,88797000000,2624000000,-902000000.0,5.63365167936474,EUR
18,HUBN.S,Huber+Suhner AG,3492580000.0,Technology,,25.9994432726161,864100000,,,1.04625550660793,CHF
19,INDT.ST,Indutrade AB,83940019200.0,Industrials,46.9747998342,16.6820454329991,32229000000,2560000000,2705000000.0,1.35845749342682,SEK
20,EPIRa.ST,Epiroc AB,300796032963.0,Industrials,34.9553349876,20.4358136437915,61998000000,8602000000,5098000000.0,1.46888287591805,SEK
21,NAFG.DE,Aurubis AG,7615668876.2,Basic Materials,114.8445910351,7.57165765128693,18171000000,539000000,-60000000.0,0.955223880597015,EUR
22,BMWG.DE,Bayerische Motoren Werke AG,55629839718.82,Consumer Cyclicals,147.1530026513,7.79020150839159,142380000000,7290000000,-671000000.0,4.77353463587922,EUR
23,EVOG.ST,Evolution AB (publ),108814762616.4,Consumer Cyclicals,20.1022042085,6.7005532817127,2118207000,1062096000,514806000.0,5.65896795317726,SEK
24,DPLM.L,Diploma PLC,7568785377.3,Industrials,7.3812670944,21.3196285565381,1524500000,184900000,182600000.0,1.10755555555556,GBp
25,BWY.L,Bellway PLC,3325596015.04,Consumer Cyclicals,29.973687684,11.1499579558006,2782800000,157500000,81100000.0,2.48579545454546,GBp
26,AXAF.PA,AXA SA,83206750585.2,Financials,22.7946143314,9.05496684754833,,7886000000,,5.4959100204499,EUR
27,UNI.MC,Unicaja Banco SA,6933321051.79511,Financials,2.7509941923,3.94582378555462,,633000000,,5.17928730512249,EUR
28,NWG.L,NatWest Group PLC,49124966565.672,Financials,5.2904868356,7.69643079431196,,5831000000,3947000000.0,5.26571613739469,GBp
29,DEMANT.CO,Demant A/S,38932008132.3,Healthcare,46.5761203918,14.837381925215,22971000000,1545000000,3234000000.0,0.0,DKK
30,CRDI.MI,UniCredit SpA,113865406128.875,Financials,,6.18763280977725,,11022000000,,4.32216884008236,EUR
31,WDPP.BR,Warehouses de Pauw NV,6028979061.96,Real Estate,21.7681322624,22.5443907394131,496794000,353918000,173460000.0,4.85398579321231,EUR
32,ELIS.PA,Elis SA,6412650113.52,Industrials,,6.2465532659346,4796800000,,,1.6257225433526,EUR
33,TOM.OL,Tomra Systems ASA,35436006673.2,Industrials,1.7576698739,14.6054244511413,1318000000,103000000,152000000.0,1.79166666666667,NOK
34,MAERSKb.CO,AP Moeller - Maersk A/S,252671204395.0,Industrials,3650.8058493291,5.19785797841972,53988000000,2725000000,2282000000.0,3.0379746835443,DKK
35,RKT.L,Reckitt Benckiser Group PLC,41367378528.96,Consumer Non-Cyclicals,9.9632876868,13.2955557564064,14169000000,1426000000,47000000.0,3.32539604553903,GBp
36,VALMT.HE,Valmet Oyj,5242486078.05,Industrials,14.0279484071,8.35497411497948,5197000000,280000000,137000000.0,4.80940505878162,EUR
37,SGEF.PA,Vinci SA,81574248430.5,Industrials,54.9136041972,7.74613514905239,75372000000,4903000000,2944000000.0,3.58551452133381,EUR
38,ENX.PA,Euronext NV,13210097464.2,Financials,44.7713201496,13.4784249303443,1818800000,642900000,439000000.0,2.36734693877551,EUR
39,ALVG.DE,Allianz SE,144254845742.4,Financials,155.1939212235,,,9931000000,4747000000.0,4.12426352437065,EUR
40,LSEG.L,London Stock Exchange Group PLC,39944216453.44,Financials,43.257518797,11.2454562580693,8858000000,685000000,1487000000.0,1.74852147081512,GBp
41,QIA.DE,Qiagen NV,8445971497.53,Healthcare,17.2903485392,14.3677571423879,2089999000,424880000,357256000.0,0.513627101171802,EUR
42,HOLN.S,Holcim AG,41812737838.88,Basic Materials,48.8501440057,8.64940396596724,26407000000,2926000000,1836000000.0,4.23381589729582,CHF
43,GASI.MI,Assicurazioni Generali SpA,55001992360.8331,Financials,19.7492582492,10.7755308716372,,3725000000,2266000000.0,4.03271291596165,EUR
44,ICGIN.L,ICG PLC,5051328257.58,Financials,8.6727351906,14.0090518206691,960700000,451200000,233600000.0,4.88425925925926,GBp
45,HUH1V.HE,Huhtamaki Oyj,3385831296.7,Basic Materials,17.6127583467,6.77795370012619,3960200000,191800000,127400000.0,3.65384615384615,EUR
46,ENT.L,Entain PLC,3718656249.012,Consumer Cyclicals,2.4185573463,6.60266973733063,5089200000,-452700000,-243800000.0,3.27953296703297,GBp
47,PHP.L,Primary Health Properties PLC,2781936213.072,Real Estate,1.0295548073,28.7873960820457,181700000,41400000,-49800000.0,6.63881151346332,GBp
48,LTMC.MI,Lottomatica Group SpA,5103064755.36,Consumer Cyclicals,2.0584515202,8.31967710076795,2004725000,98597000,99396000.0,1.4792899408284,EUR
49,SOBIV.ST,Swedish Orphan Biovitrum AB (publ),143822925608.8,Healthcare,109.2159630494,13.4217421147281,28238000000,478000000,808000000.0,0.0,SEK
0,SN.L,Smith & Nephew PLC,11357739224.37,Healthcare,6.0309278351,11.7629056035859,5810000000,412000000,259000000.0,2.18140417457305,GBp
1,SIKA.S,Sika AG,25379800187.95,Basic Materials,,13.6776027093239,11200000000,,,2.35679214402619,CHF
2,HPOLb.ST,Hexpol AB,25549520015.0,Basic Materials,40.7070088289,8.5429607654578,19324000000,1943000000,1067000000.0,5.53359683794466,SEK
3,SAVE.ST,Nordnet AB (publ),74011088024.4,Financials,33.5451990831,36.2937390927075,6569000000,3016000000,2966000000.0,2.93916609706083,SEK
4,ABNd.AS,ABN Amro Bank NV,17868482240.0,Financials,32.5936373676,17.7472105041032,,2252000000,,5.34351145038168,EUR
5,BC8G.DE,Bechtle AG,4158000000.0,Technology,15.1702063492,8.99010529963231,6305762000,245498000,208305000.0,2.13284582571603,EUR
6,ANA.MC,Acciona SA,10804947446.84,Industrials,88.3306606517,7.46985497787676,19190000000,422000000,-1327000000.0,2.68498239329268,EUR
7,SUN.S,Sulzer AG,6146669178.0,Industrials,36.1414324484,11.8270760281325,3530600000,261800000,202100000.0,2.39301801801802,CHF
8,LEGD.PA,Legrand SA,40385842882.0,Industrials,27.8373342839,20.3146068259169,9480600000,1244600000,844800000.0,1.57251404030393,EUR
9,SOPR.PA,Sopra Steria Group SA,2492436131.3,Technology,95.707465073,5.32159857884146,5776800000,250900000,361800000.0,3.84615384615385,EUR
10,SKAb.ST,Skanska AB,110865490316.1,Industrials,149.6695874035,10.8615961803389,176658000000,5702000000,2018000000.0,5.17560073937153,SEK
11,SPX.L,Spirax Group PLC,5824618989.6,Industrials,16.4016282225,16.265080399901,1665200000,191200000,81200000.0,2.1319666880205,GBp
12,LONN.S,Lonza Group AG,37670846864.4,Healthcare,130.4169659137,19.7648017583493,6531000000,949000000,-99000000.0,0.929022668153103,CHF
13,CABK.MC,CaixaBank SA,75226132087.9266,Financials,5.4950613653,4.68880878354652,,5892000000,,4.24579439252337,EUR
14,BEIG.DE,Beiersdorf AG,25836900000.0,Consumer Non-Cyclicals,37.6734612847,14.8606191950464,9850000000,912000000,573000000.0,0.938526513374003,EUR
15,SQN.S,Swissquote Group Holding SA,6330534210.0,Financials,75.8687186582,28.5101076841492,735035750,294172670,217253960.0,1.47783251231527,CHF
16,HMb.ST,H & M Hennes & Mauritz AB,257976217056.25,Consumer Cyclicals,26.7581776684,9.37855724630391,228285000000,12158000000,10926000000.0,3.84823848238482,SEK
17,RYA.I,Ryanair Holdings PLC,28049323309.5,Industrials,6.3884702678,7.16651424820278,13948500000,1611600000,835800000.0,1.57835400225479,EUR
18,BIOX.PA,Biomerieux SA,11273906205.0,Healthcare,35.5873843873,11.4830391753096,3979900000,432200000,304400000.0,0.95440084835631,EUR
19,INGA.AS,ING Groep NV,73329973408.89,Financials,16.6524039956,5.07934956657565,,6328000000,,5.11382113821138,EUR
20,HRA.MI,Hera SpA,6303112251.87588,Utilities,2.5531873798,7.75326405758329,12889700000,494500000,-57600000.0,3.54777672658467,EUR
21,GFTU_u.L,Grafton Group PLC,1889374625.5,Consumer Cyclicals,7.9663501024,6.81490094372773,2282252000,122013000,136715000.0,3.82365017450216,GBp
22,IDR.MC,Indra Sistemas SA,9459843227.1,Technology,7.3839443638,15.8405356857479,4877046000,277541000,231697000.0,0.466853408029879,EUR
23,EXOR.AS,Exor NV,15219866834.0,Industrials,177.8270035322,,15395000000,14671000000,14572000000.0,0.674002751031637,EUR
24,SAF.PA,Safran SA,144914578446.4,Industrials,35.5099317371,23.741099116276,31189000000,7177000000,5962000000.0,0.979245834551301,EUR
25,ENEI.MI,Enel SpA,91140201555.4253,Utilities,3.3212385348,7.68139647898353,61989000000,7016000000,-428000000.0,5.41475940605113,EUR
26,SHLG.DE,Siemens Healthineers AG,47770800000.0,Healthcare,16.109616834,12.2438765078716,23375000000,2144000000,1682000000.0,2.41254523522316,EUR
27,GL9.I,Glanbia PLC,4022597766.0,Consumer Non-Cyclicals,7.9553471981,10.3872271996266,3839700000,164700000,129400000.0,2.5861310951259,EUR
28,BMPS.MI,Banca Monte dei Paschi di Siena SpA,25921447281.9022,Financials,9.2025515724,16.4845919721921,,2715700000,,10.0891600187705,EUR
29,MWDP.PA,Wendel SE,3862683037.4,Financials,75.1547622851,4.98345359240033,8063500000,293700000,241800000.0,4.29208472686734,EUR
30,ADSGn.DE,Adidas AG,28566000000.0,Consumer Cyclicals,30.6613802527,10.5887880751782,23683000000,764000000,1330000000.0,1.28824476650564,EUR
31,UBSG.S,UBS Group AG,109603880219.2,Financials,28.6241044735,6.77475014543025,,7767000000,,3.36288596759401,CHF
32,ELI.BR,Elia Group SA,14724801945.0,Utilities,71.6168138264,15.3557236676301,3767000000,450500000,-3690600000.0,1.43960908080059,EUR
33,HNRGn.DE,Hannover Rueck SE,30294000060.8,Financials,97.8009322122,10.1280864377968,,2328700000,1526300000.0,3.6144578313253,EUR
34,HIAB.HE,Hiab Oyj,2752482100.52,Industrials,15.6929770044,10.0219940918834,1556300000,164000000,1300000.0,2.41336633663366,EUR
35,LIGHT.AS,Signify NV,2485944789.12,Consumer Cyclicals,21.7158176944,5.0084203811898,5765000000,253000000,172000000.0,7.77227722772277,EUR
36,DGE.L,Diageo PLC,41211380059.35,Consumer Non-Cyclicals,4.9909990999,14.2177603307588,20245000000,2354000000,-498000000.0,4.45635700252596,GBp
37,MNG.L,M&G PLC,7767602447.28,Financials,1.3739530988,4.99494211371368,,-360000000,-914000000.0,6.33824913711955,GBp
38,BAMI.MI,Banco BPM SpA,18804196560.9519,Financials,10.3132554676,10.4453275115355,,1989446000,,8.06451612903226,EUR
39,HAGG.DE,Hensoldt AG,9719325000.0,Industrials,7.5172413793,24.6377283105023,2240000000,107000000,13000000.0,0.598086124401914,EUR
40,A2.MI,A2A SpA,7506537679.2857,Utilities,1.7380033909,5.96937933775982,12570000000,864000000,264000000.0,4.17710944026734,EUR
41,HSX.L,Hiscox Ltd,4755903888.72,Financials,10.7773619304,7.47988996367658,,626800000,523700000.0,2.26946933149552,GBp
42,YAR.OL,Yara International ASA,119160648310.6,Basic Materials,34.2446890798,5.75521514861332,15623000000,1369000000,1382000000.0,4.78260869565217,NOK
43,ACCP.PA,Accor SA,11378610679.68,Consumer Cyclicals,17.899559203,12.2671755664,5639000000,449000000,305000000.0,2.60707635009311,EUR
44,ADDTb.ST,Addtech AB,84789035520.0,Industrials,24.5599991105,25.5913589982926,21796000000,1892000000,1887000000.0,0.985221674876847,SEK
45,BOL.ST,Boliden AB,187702489821.6,Basic Materials,271.6753527647,9.20018601089733,93509000000,9404000000,2694000000.0,1.69126691266913,SEK
46,HSBA.L,HSBC Holdings PLC,221560594219.8,Financials,10.0764286103,9.09372706238797,,23979000000,8093000000.0,3.86630774032459,GBp
47,CBKG.DE,Commerzbank AG,38887343765.55,Financials,,-4.51947753663281,,2625000000,,3.22486074464966,EUR
48,FER.MC,Ferrovial SE,44723609318.9254,Industrials,8.2166576957,44.4107188999194,9147000000,3239000000,3408000000.0,1.4320197044335,EUR
49,INVEb.ST,Investor AB,1124045237980.8,Financials,311.3738366549,51.8097224200204,81011000000,157494000000,,1.53193817535221,SEK
0,TLXGn.DE,Talanx AG,28069491321.7,Financials,45.1575944281,6.10721216931331,,1977000000,2579000000.0,2.52100840336134,EUR
1,PRY.MI,Prysmian SpA,29095946255.2447,Industrials,18.0684805001,15.2892918488889,17026000000,729000000,218000000.0,0.815660685154976,EUR
2,SOON.S,Sonova Holding AG,11686854564.0,Healthcare,44.7085487859,12.7845280935786,3865400000,540600000,401600000.0,2.24260958205912,CHF
3,BT.L,BT Group PLC,20244257118.99,Technology,1.3199713672,5.13412862598927,20370000000,1054000000,212000000.0,4.04234367306745,GBp
4,FPE3_p.DE,Fuchs Se,4412080000.0,Basic Materials,14.417732245,8.49821705426356,3525000000,302000000,170000000.0,3.16558441558442,EUR
5,EUFI.PA,Eurofins Scientific SE,12303289020.0,Healthcare,25.2444444444,10.9433486438356,7296000000,475000000,456000000.0,0.889943636902996,EUR
6,AKE.PA,Arkema SA,4597877233.95,Basic Materials,100.5216547633,5.46785886791506,9544000000,354000000,104000000.0,6.0,EUR
7,AZN.L,AstraZeneca PLC,236829242252.4,Healthcare,31.3980645161,17.4097473725425,58739000000,10225000000,5090000000.0,1.54480052321779,GBp
8,CNA.L,Centrica PLC,8668653597.8925,Utilities,0.644723093,7.0252544272991,22365000000,-72000000,-414000000.0,2.95857988165681,GBp
9,RXL.PA,Rexel SA,10967395988.16,Industrials,18.2781124838,9.55902853847035,19414600000,588900000,526000000.0,3.27689787001639,EUR
10,ASML.AS,ASML Holding NV,487358219474.4,Technology,55.9926264938,36.271181430632,28262900000,8349000000,3675500000.0,0.605717977709578,EUR
11,COLOb.CO,Coloplast A/S,101526600000.0,Healthcare,71.5261756877,13.8243666005728,27874000000,3636000000,-1296000000.0,4.7946633312487,DKK
12,ESLX.PA,Essilorluxottica SA,110355581290.8,Healthcare,84.7220053345,18.8070991648603,28491000000,2315000000,3484000000.0,1.71673819742489,EUR
13,GSK.L,GSK plc,90189077241.75,Healthcare,4.0427055048,8.16073994368435,32667000000,5716000000,4518000000.0,2.96495956873315,GBp
14,PUBP.PA,Publicis Groupe SA,18844508826.0,Consumer Cyclicals,41.599062052,6.33828400812499,17399000000,1653000000,1274000000.0,4.93962678375412,EUR
15,REL.L,Relx PLC,41991959454.66,Technology,1.2897950283,12.9722775018897,9590000000,2065000000,1124000000.0,2.94374182293938,GBp
16,ELE.MC,Endesa SA,33304807770.0427,Utilities,7.6620848627,7.6112601916841,10499000000,1888000000,892000000.0,4.19249125039771,EUR
17,ORAN.PA,Orange SA,47216004632.25,Technology,,7.00876629703077,40396000000,,,4.13450937155458,EUR
18,SCTS.L,Softcat PLC,2230202309.83,Technology,1.6965396364,10.8542250547372,1458411000,133008000,32563000.0,2.59062776304156,GBp
19,VSURE.ST,Verisure PLC,10083199998.528,Industrials,8.4766149975,9.47160356256373,3745400000,-255900000,-90700000.0,,EUR
20,SALM.OL,SalMar ASA,80476770239.5,Consumer Non-Cyclicals,133.2882354147,21.0520707347244,27394000000,1104000000,-1885000000.0,1.72413793103448,NOK
21,CARR.PA,Carrefour SA,11272979419.59,Consumer Non-Cyclicals,16.0783116906,6.30160497622869,84025000000,319000000,766000000.0,6.396307286515,EUR
22,DHLn.DE,Deutsche Post AG,57442500000.0,Industrials,20.402823405,7.28636155606407,84186000000,3332000000,3181000000.0,3.70592948717949,EUR
23,BAER.S,Julius Baer Group Ltd,13583757373.2,Financials,35.1716140424,18.1925047377342,,763700000,225600000.0,3.97189123128628,CHF
24,STAN.L,Standard Chartered PLC,40614245219.74,Financials,20.0117970901,1.12834669782764,,4050000000,2522000000.0,1.68065516692617,GBp
25,AMPF.MI,Amplifon SpA,2976137059.73189,Healthcare,5.0931930921,8.48033208954951,2409241000,145374000,234914000.0,2.20784164446136,EUR
26,NESN.S,Nestle SA,208466233200.0,Consumer Non-Cyclicals,,14.4666684536304,89490000000,,,3.80695075524991,CHF
27,SPMI.MI,Saipem SpA,6984644717.70551,Energy,1.2827689921,4.75260630912393,14549000000,306000000,644000000.0,4.86130969402345,EUR
28,LVMH.PA,LVMH Moet Hennessy Louis Vuitton SE,276066945618.0,Consumer Cyclicals,135.5811664031,12.5685831974123,80807000000,10878000000,6443000000.0,2.44590780809031,EUR
29,DNB.OL,DNB Bank ASA,450817280923.5,Financials,201.0054891831,19.4238701278544,,41944000000,19758000000.0,6.02813127930342,NOK
30,VOES.VI,voestalpine AG,8513297888.65459,Basic Materials,42.1392468572,8.64588456897308,15743700000,153500000,-286700000.0,1.25944584382872,EUR
31,GALE.S,Galenica AG,5065000000.0,Healthcare,,18.0043051431414,4135600000,,,2.23735408560311,CHF
32,SATG_p.DE,Sartorius AG,16331328000.0,Healthcare,39.2018334646,20.1851131824234,3538100000,155000000,157900000.0,0.319654427645788,EUR
33,SAABb.ST,Saab AB,357357701254.4,Industrials,80.7611766994,32.8320644831632,79146000000,6314000000,1339000000.0,0.505275672462476,SEK
34,BARN.S,Barry Callebaut Ltd,7975310674.0,Consumer Non-Cyclicals,478.2448518804,12.9076908290868,14788581000,185867000,-22673000.0,1.98630136986301,CHF
35,REDE.MC,Redeia Corporacion SA,8615885515.30604,Utilities,9.5438651758,7.26785433671182,1594204000,368438000,-545351000.0,5.02828409805154,EUR
36,EMG.L,Man Group PLC,3145426863.868,Financials,1.4447570671,13.6053872762502,1434000000,298000000,140000000.0,4.73607038123167,GBp
37,ARDS.AS,Arcadis NV,2669850526.32,Industrials,13.6960083744,7.2264545083721,3880000000,243000000,261000000.0,3.14267756128221,EUR
38,ROR.L,Rotork PLC,3180191335.952,Industrials,0.6979239638,16.9706127734116,754428000,103585000,46425000.0,2.09541381128097,GBp
39,UTG.L,Unite Group PLC,3147617198.925,Real Estate,10.4832788271,24.1858476653425,299300000,441900000,315700000.0,6.50560828300259,GBp
40,BVI.PA,Bureau Veritas SA,12554086243.2,Industrials,4.3814581898,11.7064152625461,6240900000,569400000,320100000.0,3.26797385620915,EUR
41,CFR.S,Compagnie Financiere Richemont SA,87249573044.7,Consumer Cyclicals,37.6666098517,19.9154283438845,21399000000,2751000000,2431000000.0,1.89035916824197,CHF
42,KGX.DE,Kion Group AG,8600071310.85,Industrials,47.2084335402,7.40444454451403,11503200000,360400000,925400000.0,1.26153846153846,EUR
43,BEIJb.ST,Beijer Ref AB (publ),65314147654.5,Industrials,43.1754445857,13.3981300312298,37067000000,2325000000,3372000000.0,1.03512014787431,SEK
44,FNTGn.DE,freenet AG,3655004382.52,Technology,12.5247475622,7.22557402275868,2477700000,246800000,398156000.0,6.01430429128739,EUR
45,CLNX.MC,Cellnex Telecom S.a,20489695936.449,Technology,25.7893745827,12.5989028928633,4353201000,-28043000,490565000.0,1.29453193333333,EUR
46,VWS.CO,Vestas Wind Systems A/S,161225308059.0,Energy,3.8725870588,9.74285946307956,18822000000,778000000,459000000.0,0.463223787167449,DKK
47,KPN.AS,Koninklijke KPN NV,17751784084.59,Technology,,9.27765352757979,5829000000,855000000,,3.91819160387514,EUR
48,ITRK.L,Intertek Group PLC,6997739355.24,Industrials,8.7020484171,10.5019655807769,3393200000,345400000,220100000.0,3.56124721603564,GBp
49,TTEF.PA,TotalEnergies SE,143208927084.0,Energy,52.0211460255,5.75041723341692,182344000000,13127000000,2130000000.0,5.11047647677739,EUR
0,MTXGn.DE,MTU Aero Engines AG,21637444578.0,Industrials,62.5533674687,15.2186033111573,7488000000,633000000,183000000.0,0.551931761164074,EUR
1,DSFIR.AS,DSM-Firmenich AG,16243454362.32,Consumer Non-Cyclicals,,9.35118297700519,9034000000,,,4.11997363216875,EUR
2,AGES.BR,Ageas SA,12652474989.6,Financials,42.2634267614,9.35062233734061,,1118000000,563000000.0,5.59105431309904,EUR
3,SCMN.S,Swisscom AG,36442666900.5,Technology,236.2672895573,7.81887578108887,15048000000,1271000000,1766000000.0,3.68011323425336,CHF
4,VID.MC,Vidrala SA,3012688575.63326,Basic Materials,37.025122969,7.32295299100826,1591177000,298315000,8464000.0,1.91533280011696,EUR
5,TEF.MC,Telefonica SA,20395847887.1085,Technology,3.4329395044,4.55318725604834,41315000000,-49000000,1600000000.0,8.34724540901503,EUR
6,ULVR.L,Unilever PLC,117321140023.0,Consumer Non-Cyclicals,7.1108058608,13.8346401857007,50503000000,9468000000,1521000000.0,3.24236372180451,GBp
7,AM.PA,Dassault Aviation SA,27705511815.6,Industrials,80.7155162798,24.8121465074521,6239708000,923824000,499291000.0,1.34934248141795,EUR
8,GAW.L,Games Workshop Group PLC,5733072060.5,Consumer Cyclicals,8.5186421139,17.1876632787137,617500000,196100000,27700000.0,2.47800586510264,GBp
9,GALP.LS,Galp Energia SGPS SA,12680904286.575,Energy,6.2484397227,5.23619408992907,21933000000,1040000000,375000000.0,3.47686547205135,EUR
10,P911_p.DE,Dr Ing hc F Porsche AG,19285870000.0,Consumer Cyclicals,25.2941822173,2.67948691860465,40083000000,3592000000,1596000000.0,5.53956834532374,EUR
11,VEND.OL,Vend Marketplaces ASA,51366796661.4,Consumer Cyclicals,113.3882113162,24.4682403881853,6317000000,-166000000,-1581000000.0,1.07204116638079,NOK
12,EXHO.PA,Sodexo SA,7045394500.86,Consumer Cyclicals,25.9289228368,6.54908286128545,24074000000,695000000,475000000.0,5.68181818181818,EUR
13,HLMA.L,Halma PLC,14935247360.88,Technology,5.030190678,25.571905041668,2248100000,296400000,273400000.0,0.605249745158002,GBp
14,INWT.MI,Infrastrutture Wireless Italiane SpA,8184271722.67864,Technology,4.3476311032,13.4539283555982,1036036000,353938000,-185933000.0,5.87578347578348,EUR
15,GFCP.PA,Gecina SA,5828538378.3,Real Estate,142.7264618956,21.5994046404754,712614000,448202000,-914507000.0,7.31382978723404,EUR
16,WISEa.L,Wise PLC,8846423173.5,Industrials,1.3429567913,5.18767546001146,1645000000,416700000,400600000.0,,GBp
17,KYGa.I,Kerry Group PLC,11648037291.0,Consumer Non-Cyclicals,36.1701610453,11.285851577684,6757600000,658500000,491000000.0,1.89959294436906,EUR
18,WALLb.ST,Wallenstam AB,26524080000.0,Real Estate,50.0183430002,29.5721687929343,3256000000,2565000000,2311000000.0,1.26553152323976,SEK
19,NG.L,National Grid PLC,66913581247.96,Utilities,8.0312300829,14.7241279263716,5917000000,2902000000,-5831000000.0,3.51806331471136,GBp
20,PLUSP.L,Plus500 Ltd,3050157479.68,Technology,7.944991564,9.55740090308839,792400000,281300000,117800000.0,1.55572192131573,GBp
21,INDUc.ST,Industrivarden AB,211088873303.9,Financials,,6.08694077419436,35776000000,,,1.80710450227179,SEK
22,DANSKE.CO,Danske Bank A/S,287321822512.5,Financials,219.7185627426,25.111109993814,,23037000000,10344000000.0,6.76190476190476,DKK
23,ALLFG.AS,Allfunds Group PLC,4917660900.45,Technology,3.3542351728,3.47998740733369,658485000,-168514000,-154898000.0,1.60342717258262,EUR
24,EDPR.LS,EDP Renovaveis SA,13810575144.24,Utilities,10.3457180502,14.6323213284002,2016722000,-556174000,-3765147000.0,0.638297872340426,EUR
25,HWDN.L,Howden Joinery Group PLC,4662674478.8,Consumer Cyclicals,2.0645692336,9.95886723049575,2322100000,249300000,165600000.0,2.45674740484429,GBp
26,ITV.L,ITV PLC,3059207105.1235,Consumer Cyclicals,0.4594663278,7.05618084883072,3488000000,408000000,253000000.0,6.25,GBp
27,PST.MI,Poste Italiane SpA,30013724852.5856,Industrials,8.9462724663,22.7836083930943,12927000000,1994000000,806000000.0,5.00871080139373,EUR
28,ENAG.MC,Enagas SA,3896475102.52629,Energy,8.7722746611,12.1992783765698,960401000,339112000,244093000.0,10.7611036339166,EUR
29,MRCG.DE,Merck KGaA,55716784937.55,Healthcare,68.8006482759,10.7811887374278,21156000000,2776000000,2123000000.0,1.72009382329945,EUR
30,SHCS.L,Shaftesbury Capital PLC,2900469534.93,Real Estate,2.0169621782,31.5234831140044,227100000,252100000,189400000.0,2.51188051595383,GBp
31,MUVGn.DE,Muenchener Rueckversicherungs-Gesellschaft in Muenchen AG,70809628482.0,Financials,245.6387495466,7.38064021062215,,5685000000,3818000000.0,3.73273609555804,EUR
32,KESKOB.HE,Kesko Oyj,8360035632.4,Consumer Non-Cyclicals,7.0600049446,9.6676793970986,12474700000,404100000,-40100000.0,4.27756653992395,EUR
33,SGOB.PA,Compagnie de Saint Gobain SA,44653036786.56,Consumer Cyclicals,50.29865917,7.73990323609313,46571000000,2844000000,2176000000.0,2.51313685172493,EUR
34,LMPL.L,LondonMetric Property PLC,5007651957.192,Real Estate,2.007255969,19.7392186806025,396700000,347900000,169800000.0,5.81068416119963,GBp
35,BASFn.DE,BASF SE,43635408597.96,Basic Materials,,7.77915534738363,59700000000,,,4.62107208872458,EUR
36,PZU.WA,Powszechny Zaklad Ubezpieczen SA,59708041045.3821,Financials,37.1931286011,15.7727858455682,,5342000000,8582000000.0,6.47826086956522,PLN
37,IGG.L,IG Group Holdings PLC,4573407063.36,Financials,5.1492301336,6.79003345125281,1089900000,380400000,266000000.0,3.49888806523351,GBp
38,HIK.L,Hikma Pharmaceuticals PLC,3623405777.49,Healthcare,10.4367509175,7.7082380301589,3156000000,359000000,149000000.0,3.88982926829268,GBp
39,EONGn.DE,E.ON SE,49207769244.0,Utilities,6.8303981623,8.61750754130187,80119000000,4531000000,885000000.0,2.95698924731183,EUR
40,MTO.L,Mitie Group PLC,2411820361.92,Industrials,0.3315827745,7.98030483241951,5082600000,101400000,128300000.0,2.42557883131202,GBp
41,BAES.L,BAE Systems PLC,64923627117.45,Industrials,3.9319319319,18.1811828564853,28336000000,2062000000,1194000000.0,1.67822468793343,GBp
42,BP.L,BP PLC,73439162615.588,Energy,3.4036531723,4.36517603794098,189335000000,55000000,1179000000.0,5.08043360038454,GBp
43,HOLMb.ST,Holmen AB,58276544425.6,Basic Materials,340.9279985665,16.0705645345853,22056000000,2879000000,316000000.0,2.65957446808511,SEK
44,GTT.PA,Gaztransport et Technigaz SA,6952158695.6,Energy,15.8784696534,11.7357002270316,803300000,413500000,115900000.0,4.81162540365985,EUR
45,TEL.OL,Telenor ASA,238366568083.8,Technology,52.315868597,9.03511446577657,76548000000,8185000000,5060000000.0,5.51136363636364,NOK
46,SHBa.ST,Svenska Handelsbanken AB,288101054215.5,Financials,100.6813795896,17.1392181387747,,23726000000,-4215000000.0,12.3718628490633,SEK
47,CVO.PA,Covivio SA,6624852825.8,Real Estate,77.7488117673,21.3667193126263,888600000,738700000,,6.38297872340426,EUR
48,LDOF.MI,Leonardo SpA,34255537943.5717,Industrials,15.6136837699,16.0870597633035,17763000000,1074000000,748000000.0,0.878378378378378,EUR
49,ADP.PA,Aeroports de Paris SA,11736727397.2,Industrials,43.925183499,9.25443512454467,6704000000,381000000,-133000000.0,2.49169435215947,EUR
0,IBE.MC,Iberdrola SA,132025048927.842,Utilities,7.0245861005,11.5351538347991,44739000000,5612000000,1429000000.0,3.3800796977459,EUR
1,DCC.L,DCC PLC,4424916424.6,Consumer Non-Cyclicals,31.0745361711,6.45293060976817,18011111000,206490000,172722000.0,4.03288461538462,GBp
2,WEIR.L,Weir Group PLC,9003345963.36,Industrials,7.1543832428,17.6098287266866,2505600000,312200000,253600000.0,1.20520231213873,GBp
3,NKT.CO,Nkt A/S,43244636225.0,Industrials,34.4936387811,13.0360417110893,3252000000,337000000,-125000000.0,0.0,DKK
4,UU.L,United Utilities Group PLC,9144123685.38,Utilities,2.9328347265,13.9977584616509,2011400000,264700000,-612500000.0,3.9273680269562,GBp
5,ALKb.CO,ALK-Abello A/S,43470921120.0,Healthcare,24.252537297,23.9451694078583,5537000000,815000000,-222000000.0,0.0,DKK
6,CONG.DE,Continental AG,14684439198.44,Consumer Cyclicals,71.755,5.08932282360735,39719000000,1167000000,978000000.0,3.42090859332239,EUR
7,TBCG.L,TBC Bank Group PLC,2599654893.45,Financials,101.3012252242,3.44232796618672,,1284051000,837377000.0,4.95062790697674,GBp
8,ABF.L,Associated British Foods PLC,13865231632.975,Consumer Non-Cyclicals,15.2748618785,6.44733577694919,19459000000,1025000000,151000000.0,3.18745256767012,GBp
9,SVT.L,Severn Trent PLC,9460182980.54,Utilities,5.9125208681,14.9918335708896,2426700000,229400000,-1265000000.0,3.94471077021413,GBp
10,ALFA.ST,Alfa Laval AB,215839001693.0,Industrials,105.0235562061,15.9990933100586,69674000000,8273000000,4653000000.0,1.7274472168906,SEK
11,GEBN.S,Geberit AG,22002071234.4,Consumer Cyclicals,,24.329592811509,3163000000,,,2.00312989045383,CHF
12,RAAG.DE,Rational AG,8425170000.0,Consumer Cyclicals,,22.0629756806532,1260000000,,,2.04220558202859,EUR
13,BRBY.L,Burberry Group PLC,4380661619.655,Consumer Cyclicals,2.5566433566,10.5581148740944,2461000000,-75000000,35000000.0,3.63558961260111,GBp
14,TLIT.MI,Telecom Italia SpA,14466975278.017,Technology,0.5624341199,6.03071808785093,14442000000,-610000000,1159000000.0,,EUR
15,KNEBV.HE,Kone Oyj,28650491496.56,Industrials,5.4023676638,16.4727168618698,11245200000,980100000,226800000.0,2.86715514495062,EUR
16,SAN.MC,Banco Santander SA,155603645285.726,Financials,7.0288867693,13.5790750547818,,14101000000,,2.12585034013606,EUR
17,PRTP.PA,Kering SA,34310976284.0,Consumer Cyclicals,119.9463544701,13.3481034223552,14675000000,72000000,577000000.0,1.08892921960073,EUR
18,AZE.BR,Azelis Group NV,2166024864.72,Industrials,11.0654752127,8.5882582660115,4110780000,111193000,160803000.0,2.49723756906077,EUR
19,NDXG.DE,Nordex SE,8034583368.72,Industrials,4.1896827732,13.991596193297,7298825000,8837000,25588000.0,0.0,EUR
20,PNDORA.CO,Pandora A/S,43244600000.0,Consumer Cyclicals,68.6347951904,5.51865917457857,32549000000,5242000000,4303000000.0,4.18250950570342,DKK
21,AYV.PA,Ayvens SA,8622483001.0,Industrials,13.5371576388,5.89752784364385,25150500000,995800000,,9.38661710037175,EUR
22,ZURN.S,Zurich Insurance Group Ltd,83100797121.2,Financials,199.9880771618,10.3600701115704,,6797000000,2887000000.0,5.36864710093057,CHF
23,ABI.BR,Anheuser-Busch Inbev SA,120268844769.08,Consumer Non-Cyclicals,43.9954637097,9.9714276992708,59320000000,6838000000,5364000000.0,1.72517251725172,EUR
24,HEXAb.ST,Hexagon AB,258588506760.32,Technology,3.8082192597,12.2043049614361,5424600000,617400000,229200000.0,1.4964239854251,SEK
25,ASMI.AS,ASM International NV,34993671951.2,Technology,76.2159056239,27.5127081736843,2932724000,685734000,380869000.0,0.42747221430607,EUR
26,HEIN.AS,Heineken NV,44548042089.42,Consumer Non-Cyclicals,32.2895285533,9.83892218332058,28746000000,1885000000,693000000.0,2.47074122236671,EUR
27,KGF.L,Kingfisher PLC,6012718394.319,Consumer Cyclicals,3.451577802,5.85455249192059,12784000000,185000000,291000000.0,3.4724166900028,GBp
28,AVOL.S,Avolta AG,7559899539.6,Consumer Cyclicals,15.9226170302,6.26491598834491,13725000000,103000000,1461000000.0,1.92307692307692,CHF
29,GETIb.ST,Getinge AB,51745423142.8,Healthcare,108.0515475273,8.947098708737,34969000000,2259000000,1779000000.0,2.37025948103792,SEK
30,STDM.PA,Sartorius Stedim Biotech SA,17787131513.75,Healthcare,42.0426568624,21.8586314039072,2967500000,265600000,123600000.0,0.392156862745098,EUR
31,BEAN.S,Belimo Holding AG,11266800000.0,Industrials,,44.2228784324548,1120813000,,,1.06204583566238,CHF
32,INVP.L,Investec PLC,5970348240.12579,Financials,6.6114942654,12.2986118613769,,693482000,244041000.0,5.89159465828751,GBp
33,PKN.WA,Orlen SA,129716502766.963,Energy,131.2313564661,3.49632041999761,267329000000,11110000000,-11437000000.0,5.38116591928251,PLN
34,TW.L,Taylor Wimpey PLC,4076452209.643,Consumer Cyclicals,1.2449342942,9.25776633987533,3401200000,219600000,-108900000.0,8.13071895424837,GBp
35,NN.AS,NN Group NV,18504680000.0,Financials,,20.3121966693101,,,,5.6231884057971,EUR
36,AKRBP.OL,Aker BP ASA,178167060999.0,Energy,17.7818239797,2.75333182270222,10943100000,132300000,-6061700000.0,8.45177688679245,NOK
37,IMCD.AS,IMCD NV,5043094474.68,Basic Materials,34.5606904006,12.8484649953835,4778874000,217578000,213092000.0,2.13493748525596,EUR
38,THULE.ST,Thule Group AB,24996885951.6,Consumer Cyclicals,67.0500927644,14.2472453148185,10429000000,1114000000,238000000.0,3.70205173951829,SEK
39,IFXGn.DE,Infineon Technologies AG,59027635392.4,Technology,13.1080873309,16.5420008707392,14662000000,1015000000,373000000.0,0.763608596051053,EUR
40,CAGR.PA,Credit Agricole SA,56175877127.75,Financials,25.6544635772,-11.6850689609712,,7074000000,8255000000.0,6.19008490824432,EUR
41,HBANC.S,Helvetia Baloise Holding AG,19734491262.0,Financials,78.1985699839,21.5830616156272,,481900000,150400000.0,3.45538937596699,CHF
42,TCFP.PA,Thales SA,54451041797.2,Industrials,36.5662237317,18.6003603357317,20576600000,1419500000,756200000.0,1.44322066084315,EUR
43,AMRZ.S,Amrize AG,27398602123.45,Basic Materials,23.9703489423,13.0664557589316,11815000000,1185000000,1297000000.0,,CHF
44,ABDN.L,Aberdeen Group PLC,3979689481.442,Financials,2.8028953229,11.0232223732327,1370000000,248000000,107000000.0,6.84161199625117,GBp
45,VOPA.AS,Koninklijke Vopak NV,5101593447.74,Energy,25.6925178858,11.2427187909348,1315600000,375700000,208000000.0,3.53200883002207,EUR
46,SECTb.ST,Sectra AB,34219277780.0,Healthcare,9.94887617,,2067353000,563371000,564909000.0,1.11169931180519,SEK
47,BALDb.ST,Fastighets AB Balder,72838867523.52,Real Estate,78.8844714339,24.2492158667019,13721000000,7621000000,8033000000.0,0.0,SEK
48,SEBa.ST,Skandinaviska Enskilda Banken AB,400465314936.0,Financials,115.6519337017,22.3992969697614,,31063000000,33535000000.0,5.69948186528497,SEK
49,SWEDa.ST,Swedbank AB,394730395261.4,Financials,194.5124529588,15.6423974170445,,34870000000,19549000000.0,5.88828102505039,SEK
0,MOWI.OL,Mowi ASA,122647792629.6,Consumer Non-Cyclicals,8.4024488301,12.8086000440516,5720200000,718000000,534500000.0,2.67857142857143,NOK
1,RECI.MI,Recordati Industria Chimica e Farmaceutica SpA,9966987821.2074,Healthcare,,12.6686655812961,2618400000,,,2.72994540109198,EUR
2,SDFGn.DE,K+S AG,2595159000.0,Basic Materials,34.6862088219,4.66156523357527,3653100000,-66800000,-205000000.0,1.03734439834025,EUR
3,BALF.L,Balfour Beatty PLC,3804328046.475,Industrials,2.1516314779,12.597507877952,8234000000,178000000,190000000.0,1.75986129171652,GBp
4,ALLN.S,Allreal Holding AG,3857830882.5,Real Estate,,33.8619799513818,450200000,,,3.08370044052863,CHF
5,BOLL.PA,Bollore SE,13708275273.76,Consumer Cyclicals,8.9764033789,120.421677736195,3130300000,1822200000,1328300000.0,1.65016501650165,EUR
6,BUCN.S,Bucher Industries AG,3951375000.0,Industrials,,9.68815121560247,2914000000,,,2.86085825747724,CHF
7,FMEG.DE,Fresenius Medical Care AG,12079831695.33,Healthcare,49.6792597613,6.54593468092166,19335909000,537913000,1204819000.0,3.53895305971983,EUR
8,AXFO.ST,Axfood AB,71059529748.0,Consumer Non-Cyclicals,,11.5962477941452,81111000000,2357000000,,2.6841634357292,SEK
9,QQ.L,QinetiQ Group PLC,2725167822.84,Industrials,1.11199858,9.74227076328309,1931600000,-185700000,-238400000.0,1.74541947926712,GBp
10,INCH.L,Inchcape PLC,3171546410.1,Consumer Cyclicals,3.3770759773,5.78367268847859,9263000000,421000000,205000000.0,3.01524562394128,GBp
11,AKZO.AS,Akzo Nobel NV,10317875218.56,Basic Materials,27.2456140351,9.20005155487319,10158000000,635000000,359000000.0,3.27272727272727,EUR
12,WIHL.ST,Wihlborgs Fastigheter AB,28467732051.2,Real Estate,79.0789358124,20.4025602818543,4354000000,2220000000,,3.68098159509202,SEK
13,NEKG.DE,Nemetschek SE,7807800000.0,Technology,,22.3428716912777,1191200000,,,0.834597875569044,EUR
14,ESSITYb.ST,Essity AB (publ),197994227375.7,Consumer Non-Cyclicals,124.2797273153,8.83633571945029,138494000000,12656000000,6994000000.0,3.10173697270471,SEK
15,ACLN.S,Accelleron Industries AG,7063875000.0,Industrials,3.5380283084,28.6722678532653,1022526000,170098000,88907000.0,1.69491525423729,CHF
16,SAND.ST,Sandvik AB,476164896370.8,Basic Materials,74.2721937267,17.7059621777901,120680000000,14690000000,11096000000.0,1.58940397350993,SEK
17,METSO.HE,Metso Oyj,14017923960.4,Industrials,3.2095035256,16.3336111883369,5240000000,423000000,205000000.0,2.38166120869306,EUR
18,GBFG.DE,Bilfinger SE,4576695472.4,Industrials,34.6861713389,12.2221190307986,5037500000,179600000,181200000.0,1.95280716029292,EUR
19,ZALG.DE,Zalando SE,5465925104.13,Technology,10.286761868,6.75493999034119,10572500000,251100000,385100000.0,0.0,EUR
20,ANDR.VI,Andritz AG,7582827108.10015,Industrials,23.0052185501,8.73856523832451,8313700000,496500000,292200000.0,3.56897735072066,EUR
21,IPN.PA,Ipsen SA,13217550750.2,Healthcare,52.459860524,9.21960680981415,3929200000,443600000,383400000.0,0.884955752212389,EUR
22,FRES.L,Fresnillo PLC,28399878920.06,Basic Materials,5.2318800262,17.6710593387495,3496385000,140920000,398860000.0,0.906368339368857,GBp
23,IMB.L,Imperial Brands PLC,25558001167.8,Consumer Non-Cyclicals,5.8486905917,8.08639989934793,32171000000,2071000000,953000000.0,5.01,GBp
24,RWEG.DE,RWE AG,38560728689.28,Utilities,42.4300050837,7.63851530253586,24224000000,5135000000,-3219000000.0,2.13758258841819,EUR
25,TUB.BR,Financiere de Tubize SA,10972355407.0,Healthcare,41.3457207622,,,90104330,46928790.0,0.42020202020202,EUR
26,VLOF.PA,Valeo SE,3197811264.48,Consumer Cyclicals,15.3059754627,2.76464133532148,21492000000,162000000,-81000000.0,3.22704571648098,EUR
27,JDEP.AS,JDE Peets NV,15485026524.24,Consumer Non-Cyclicals,22.7697784419,13.6375273087754,8837000000,561000000,269000000.0,2.30283911671924,EUR
28,WLSNc.AS,Wolters Kluwer NV,14499707301.08,Industrials,6.5052631579,9.20888483860648,5916000000,1079000000,698000000.0,3.8992297817715,EUR
29,LLOY.L,Lloyds Banking Group PLC,61319844489.2175,Financials,0.7972570664,12.519721571997,,4659000000,-89000000.0,3.57843137254902,GBp
30,HEIO.AS,Heineken Holding NV,20680566062.4,Consumer Non-Cyclicals,30.6996136011,7.42567222418767,28746000000,952000000,693000000.0,2.67983074753174,EUR
31,SRENH.S,Swiss Re Ltd,38600012932.0,Financials,79.0983784456,11.8715800337547,,3241000000,1305000000.0,4.70071987480438,CHF
32,BEZG.L,Beazley PLC,7308025754.14,Financials,7.1367931836,8.18614332838141,,1130300000,1019600000.0,2.04918032786885,GBp
33,NHY.OL,Norsk Hydro ASA,168883832648.96,Basic Materials,50.679485491,7.7835640554206,207971000000,6717000000,3974000000.0,3.584229390681,NOK
34,CPRI.MI,Davide Campari Milano NV,8022352618.7294,Consumer Non-Cyclicals,3.2107383619,12.9751397879033,3069700000,201600000,-217900000.0,0.998463901689708,EUR
35,AEGN.AS,Aegon Ltd,10049089729.56,Financials,,8.03937793392423,,,,6.4143681847338,EUR
36,MT.AS,ArcelorMittal SA,42454500000.0,Basic Materials,71.3840104849,10.1388832171081,61352000000,3152000000,1634000000.0,0.935304956180963,EUR
37,NOVOb.CO,Novo Nordisk A/S,1020428528000.0,Healthcare,43.6747693,7.03484238953765,309064000000,102434000000,-24775999999.9999,3.80611581001952,DKK
38,IVG.MI,Iveco Group NV,5184282371.0,Industrials,10.3432835821,6.47386230310077,13428000000,286000000,,1.72639288516872,EUR
39,VTYV.L,Vistry Group PLC,2285078944.64,Consumer Cyclicals,9.5708370305,10.9198158751124,3779300000,74500000,141500000.0,0.0,GBp
40,BBVA.MC,Banco Bilbao Vizcaya Argentaria SA,113094669947.0,Financials,9.9543561263,4.56891310712891,,10512000000,,3.68500757193337,EUR
41,CVC.AS,CVC Capital Partners PLC,13542422428.08,Financials,1.0414179053,12.4368670300999,1565665000,225295000,416379000.0,3.58918875502008,EUR
42,KBC.BR,Kbc Groep NV,48720363636.95,Financials,70.2846347607,3.74421829322817,,3569000000,,4.37768240343348,EUR
43,AIBG.I,AIB Group PLC,19017223790.2,Financials,6.2763275596,-2.16606287343705,,2354000000,1533000000.0,3.48445449406444,EUR
44,PUMG.DE,Puma SE,3441184279.5,Consumer Cyclicals,18.9371818912,27.9429994283681,8817200000,281600000,326700000.0,2.66143106457243,EUR
45,TEMN.S,Temenos AG,4706322771.15,Technology,8.8789550476,16.0280242075536,1044105000,177179000,131768000.0,2.03602192638998,CHF
46,ORK.OL,Orkla ASA,130286169197.0,Consumer Non-Cyclicals,48.828111282,14.2359928274043,71547000000,11473000000,-3997000000.0,4.71327572663001,NOK
47,NOVN.S,Novartis,267136869300.82,Healthcare,23.7906137184,15.7727326691152,56330000000,13984000000,6993000000.0,2.92536369386464,CHF
48,UMG.AS,Universal Music Group N.v,36005007539.54,Consumer Cyclicals,2.4772851669,16.5940835262325,11834000000,2086000000,1478000000.0,2.67765190525232,EUR
49,WTB.L,Whitbread PLC,4586768413.5,Consumer Cyclicals,18.5973229225,9.81202695140904,2921900000,253700000,-20800000.0,3.54402630617464,GBp
0,BAKKA.OL,P/F Bakkafrost,27936934166.4,Consumer Non-Cyclicals,188.4645049678,15.5565736005758,7007147000,517350000,-326717000.0,1.14622832129045,NOK
1,MYCR.ST,Mycronic AB (publ),38755354262.2,Technology,36.418870805,14.9149855077859,7938000000,1560000000,1890000000.0,1.64307381193124,SEK
2,NOD.OL,Nordic Semiconductor ASA,28868441200.0,Technology,3.5136936369,45.0439648251455,667619000,16385000,274000.0,,NOK
3,SCOR.PA,Scor SE,5337863563.2,Financials,25.2594904551,5.15767039878049,,4000000,-241000000.0,6.12244897959184,EUR
4,DB1Gn.DE,Deutsche Boerse AG,40967370000.0,Financials,,14.0347516105941,7415000000,1995000000,,1.84842883548983,EUR
5,DANO.PA,Danone SA,50150633948.8,Consumer Non-Cyclicals,,12.66860093805,27283000000,,,2.90070156502968,EUR
6,WPP.L,WPP PLC,2993676543.45,Consumer Cyclicals,3.2265552461,3.91339274631748,14741000000,542000000,462000000.0,11.5705476967719,GBp
7,HRMS.PA,Hermes International SCA,222962598144.0,Consumer Cyclicals,179.6962846649,28.4290324408272,16002000000,4523000000,1481000000.0,1.10348209906817,EUR
8,VIS.MC,Viscofan SA,2694633937.55523,Basic Materials,19.2043638271,9.67845821301428,1203994000,157019000,106037000.0,5.42144348186528,EUR
9,VOD.L,Vodafone Group PLC,26793131231.79,Technology,2.017094344,4.47292630352156,37448000000,-4169000000,-1406000000.0,3.38272845387614,GBp
10,TRN.MI,Terna Rete Elettrica Nazionale SpA,19705961568.0,Utilities,3.7507277933,11.7178382195802,3616200000,1061900000,-1394600000.0,4.04120767033864,EUR
11,GF.S,Georg Fischer AG,4457676126.0,Industrials,1.3175817251,10.6474187845884,3892000000,214000000,-4000000.0,2.53045923149016,CHF
12,SMIN.L,Smiths Group PLC,8505434812.16,Consumer Non-Cyclicals,6.0167209285,14.7273892179378,2915000000,290000000,200000000.0,1.73192771084337,GBp
13,MNDI.L,Mondi PLC,4089245677.92,Basic Materials,10.7236842105,7.71614563579123,7663000000,165000000,-344000000.0,2.64548351385654,GBp
14,VERB.VI,Verbund AG,10086383301.7827,Utilities,28.7194311806,4.37193495988836,7939495000,1875277000,-353957000.0,1.94256756756757,EUR
15,BAVA.CO,Bavarian Nordic A/S,15625482761.6,Healthcare,,3.9490900995333,6244000000,,,0.0,DKK
16,STB.OL,Storebrand ASA,79475905007.5,Financials,77.4125874126,,,5046000000,3306000000.0,3.01339285714286,NOK
17,AUTOA.L,Autotrader Group PLC,4010797672.7,Technology,0.63804165,9.81088324014855,601100000,282600000,210900000.0,2.30297908303402,GBp
18,VZN.S,Vz Holding Ltd,5880000000.0,Financials,26.7253040025,14.9310976008368,557901000,218225000,133157000.0,1.86986301369863,CHF
19,FRO.OL,Frontline Plc,71871341066.4639,Energy,,13.5522881487936,1850344000,,,2.90192108508015,NOK
20,RTO.L,Rentokil Initial PLC,11670304268.7,Industrials,2.0987225385,13.9879063139675,6944984676,392220437,434380952.1649,1.94852941176471,GBp
21,LOIM.PA,Klepierre SA,9753279848.0,Real Estate,,19.0267376066351,1120400000,,,5.46605293440737,EUR
22,SUNN.S,Sunrise Communications AG,3414764919.84,Technology,56.1865880346,7.3392771529132,2983400000,-112200000,458300000.0,7.08955223880597,CHF
23,SLHN.S,Swiss Life Holding AG,24823694340.0,Financials,262.7591563059,6.92645784847791,,1225000000,272000000.0,4.09356725146199,CHF
24,STERV.HE,Stora Enso Oyj,8914052186.61,Basic Materials,13.6897366753,12.7834068160192,9326000000,695000000,183000000.0,2.21533008418254,EUR
25,IMI.L,IMI PLC,7173115311.12,Industrials,4.192812983,15.1449929358866,2210000000,248500000,200000000.0,1.1130374479889,GBp
26,PRX.AS,Prosus NV,105006757481.04,Technology,21.2257173579,250.021884655815,6170000000,12367000000,12266000000.0,0.456412596987677,EUR
27,ROG.S,Roche Holding AG,298497038860.0,Healthcare,42.4648241206,13.0152502133303,61516000000,12880000000,854000000.0,2.66159695817491,CHF
28,PNN.L,Pennon Group PLC,2753977865.235,Utilities,4.0171983356,16.7739223100469,1047800000,-57900000,-665300000.0,4.93379191745486,GBp
29,G24n.DE,Scout24 SE,5196450000.0,Technology,19.5842120462,16.2717142750037,566340000,162104000,96137000.0,1.89655172413793,EUR
30,BGEO.L,Lion Finance Group PLC,4445005467.5,Financials,160.5530668128,3.73130309494006,,2476943000,2053977000.0,2.87476932067932,GBp
31,ZELA.CO,Zealand Pharma A/S,28098261180.5,Healthcare,210.361275948,1.91721656226036,9214860000,6455008000,6413307000.0,0.0,DKK
32,ALSYDB.CO,AL Sydbank A/S,47140734592.0,Financials,295.4086123001,12.5246026550976,,2753000000,1140000000.0,4.95027624309392,DKK
33,NOKIA.HE,Nokia Oyj,36888147807.104,Technology,3.8713958739,14.0998158823713,19889000000,651000000,392000000.0,0.0,EUR
34,CAMX.ST,Camurus AB,31886197980.0,Healthcare,71.5027562582,31.4442005530996,2265378000,735568000,622050000.0,0.0,SEK
35,SPIE.PA,Spie SA,8806576794.75,Industrials,12.4100249309,11.9792914676854,9919712000,273175000,416533000.0,2.04479065238559,EUR
36,NXT.L,Next PLC,15831130337.0,Consumer Cyclicals,13.6700083542,10.6549746328544,6118100000,736100000,645800000.0,1.8860662047729,GBp
37,FDJU.PA,FDJ United,4642866200.0,Consumer Cyclicals,5.2671609052,7.02433176227153,3677500000,175900000,30400000.0,8.49514563106796,EUR
38,SRP.L,Serco Group PLC,2996205089.832,Industrials,0.7956369818,8.66683120805321,4787300000,44200000,165600000.0,1.42428285523682,GBp
39,SGE.L,Sage Group PLC,7728547545.088,Technology,0.736196319,13.7404430586872,2513000000,369000000,193000000.0,2.70890156211257,GBp
40,ADYEN.AS,Adyen NV,31587150707.2,Technology,135.7989128446,17.4215532031784,2252704000,925163000,928378000.0,,EUR
41,HNKG_p.DE,Henkel AG & Co KGaA,34406480778.75,Basic Materials,51.8224638505,9.10591274646503,21586000000,2007000000,1345000000.0,2.48235580433195,EUR
42,AENA.MC,Aena SME SA,40590000000.0,Industrials,5.5175906667,12.4586910476997,5763531000,1934224000,808423000.0,3.60679970436068,EUR
43,OMVV.VI,OMV AG,18293687300.3263,Energy,49.9434802612,4.51605334138559,24308000000,1077000000,-2424000000.0,7.87824529991048,EUR
44,RHMG.DE,Rheinmetall AG,80044409160.0,Industrials,93.276536956,42.2767620112879,9751000000,718000000,302000000.0,0.464582735876111,EUR
45,FOUG.PA,Eiffage SA,13871900000.0,Industrials,71.4310849498,6.61807923771314,24017000000,1041000000,1072000000.0,3.32390381895332,EUR
46,BPTB.L,Bridgepoint Group PLC,2295726068.232,Financials,1.2214631723,16.9158096876483,428100000,64800000,22300000.0,3.57417371252882,GBp
47,PSN.L,Persimmon PLC,4928164722.25,Consumer Cyclicals,10.9718397997,12.0763124459663,3200700000,267100000,63100000.0,3.9190071848465,GBp
48,MRON.L,Melrose Industries PLC,8434602410.26,Industrials,2.1759755164,13.4816585030799,3468000000,-49000000,153000000.0,0.961827472197175,GBp
49,ALSO.PA,Alstom SA,13786974185.44,Industrials,23.3253802495,10.8842856464411,18489000000,149000000,396000000.0,0.0,EUR
