index,Instrument,Company Common Name,Company Market Cap,TRBC Economic Sector Name,Book Value Per Share,Enterprise Value To EBITDA (Daily Time Series Ratio),Revenue,Free Cash Flow,Dividend yield,Currency
0,LOGN.S,Logitech International SA,11573265430.8,Technology,14.0588942784,15.1509760001932,4554900000,447461000.0,1.75048624617949,CHF
1,TCAPI.L,TP ICAP Group PLC,1983680821.49798,Financials,2.7415852334,1.83406044345679,2353000000,82000000.0,6.31578947368421,GBp
2,LATOb.ST,Investment AB Latour,115260721206.725,Financials,66.6694560964,24.0446524150805,28145000000,2154000000.0,2.63022176379577,SEK
3,BGN.MI,Banca Generali SpA,5939516451.40807,Financials,13.7428755145,31.9933723810483,1601200000,,5.71428571428571,EUR
4,SBMO.AS,SBM Offshore NV,5935957683.6,Energy,25.4502355187,9.17214569946438,5903000000,654000000.0,2.86309922219627,EUR
5,AOO.BR,Aedifica NV,5705794706.25505,Real Estate,43.8925794501,29.0055074140998,360501000,-35477000.0,5.86080586080586,EUR
6,IETB.BR,D'Ieteren Group SA,8517840169.32647,Consumer Cyclicals,0.2707051585,18.8715659188165,8033500000,465000000.0,1.01010101010101,EUR
7,PSPN.S,PSP Swiss Property AG,7160255160.70436,Real Estate,123.1325444172,19.4029016535109,591542000,230669000.0,2.54019292604502,CHF
8,CDR.WA,CD Projekt SA,23575673389.2573,Technology,32.9280573185,40.0284364299707,866989000,412134000.0,0.425170068027211,PLN
9,VOLVb.ST,Volvo AB,612352425259.718,Industrials,87.7296306879,10.0988567184894,479183000000,-7036000000.0,4.33188937020993,SEK
10,STMN.S,Straumann Holding AG,13030243498.8661,Healthcare,13.5522355816,15.9053783480915,2605393000,141365000.0,1.22850122850123,CHF
11,GBLB.BR,Groep Brussel Lambert NV,10165750307.0539,Financials,,16.9995334167399,6330600000,,6.7257217847769,EUR
12,LGEN.L,Legal & General Group PLC,13684254560.694,Financials,0.3757406188,1.03508105480156,,-679000000.0,9.05652535328346,GBp
13,SAMPO.HE,Sampo Oyj,24126279152.5264,Financials,3.0137802607,9.23554568731887,,1121000000.0,3.96737932554552,EUR
14,TKAG.DE,thyssenkrupp AG,4702604771.514,Basic Materials,15.6891598812,1.12570487591779,32837000000,-558000000.0,1.98570293884035,EUR
15,SUBC.OL,Subsea 7 SA,84307440000.0,Energy,14.899099288,6.17169608935752,7086300000,426200000.0,4.61975835110163,NOK
16,EDP.LS,EDP SA,18229024115.0311,Utilities,2.7397510442,9.12952336772755,13847573000,-1710477000.0,4.59770114942529,EUR
17,RR.L,Rolls-Royce Holdings PLC,93157690906.74,Industrials,0.3239453357,17.8804402321025,21207000000,4868000000.0,0.85701398285972,GBp
18,ASRNL.AS,ASR Nederland NV,12147598847.0023,Financials,48.9770761514,2.72892856909118,,7000000.0,5.87931034482759,EUR
19,MBGn.DE,Mercedes-Benz Group AG,49714718185.89,Consumer Cyclicals,96.9004571904,6.25955839345301,132214000000,6570000000.0,6.77900445477436,EUR
20,BYG.L,Big Yellow Group PLC,1711875325.97832,Real Estate,13.1162883436,16.0024220610263,204495000,57629000.0,5.50289017341041,GBp
21,INPST.AS,InPost SA,7531787920.70078,Industrials,6.7082976076,10.3644101434237,14711200000,859300000.0,,EUR
22,BKWB.S,BKW AG,7951680000.0,Utilities,103.6925252118,11.2063871763255,2309000000,69100000.0,2.52324037184595,CHF
23,TUI1n.DE,TUI AG,3363252886.724,Consumer Cyclicals,3.4733784412,4.35346589684983,24178700000,993300000.0,1.50875075437538,EUR
24,BAB.L,Babcock International Group PLC,5723357050.95,Industrials,1.20025972,11.5001074810663,4831300000,213400000.0,0.606060606060606,GBp
25,KNIN.S,Kuehne und Nagel International AG,20777863876.4781,Industrials,18.3652779652,11.1176026039015,24476000000,616000000.0,3.50058343057176,CHF
26,NEXII.MI,Nexi SpA,3517278369.67908,Industrials,6.2102714317,4.25638304280834,6273000000,,10.016694490818,EUR
27,DNP.WA,Dino Polska SA,32232601356.0346,Consumer Non-Cyclicals,8.8263902489,12.5909157106902,33634155000,-23215000.0,,PLN
28,DTEGn.DE,Deutsche Telekom AG,155445477849.97,Technology,12.7632929583,6.12032048135991,119081000000,13170000000.0,3.15556958030925,EUR
29,FBK.MI,FinecoBank Banca Fineco SpA,11417633599.6427,Financials,4.1755528316,10.2917618564829,,,4.2381974248927,EUR
30,ISS.CO,ISS A/S,40514766570.5998,Industrials,58.4391906029,9.65968849557522,84684000000,3063000000.0,1.37812230835487,DKK
31,IHG.L,InterContinental Hotels Group PLC,19573476371.1,Consumer Cyclicals,-17.7525906736,17.692614252571,5189000000,359000000.0,1.41451809450634,USD
32,BESI.AS,BE Semiconductor Industries NV,14188507139.3,Technology,5.2625266477,68.5115951779436,591331000,-49610000.0,0.903631684300829,EUR
33,SQN.S,Swissquote Group Holding SA,5873754744.0,Financials,93.7597241645,30.8301732131336,795522410,238505420.0,1.56576200417537,CHF
34,HMb.ST,H & M Hennes & Mauritz AB,241022556799.424,Consumer Cyclicals,26.7581776684,8.41418804994443,228285000000,10926000000.0,4.16911332941867,SEK
35,RYA.I,Ryanair Holdings PLC,25793650443.5327,Industrials,6.3884702678,6.57034317674509,13948500000,835800000.0,1.70662332385209,EUR
36,BIOX.PA,Biomerieux SA,10598080009.6465,Healthcare,34.7670507589,10.7765820489611,4069800000,404800000.0,1.09619686800895,EUR
37,INGA.AS,ING Groep NV,63529418159.0127,Financials,16.6230725491,5.51258480689976,,3033000000.0,5.79189686924494,EUR
38,HRA.MI,Hera SpA,5821291023.29529,Utilities,2.7865685973,6.88990108670081,12812200000,,4.10046130189646,EUR
39,IDR.MC,Indra Sistemas SA,7949448090.0,Technology,9.8721579346,13.8628892019946,5515367000,375851000.0,0.666666666666667,EUR
40,EXOR.AS,Exor NV,13266722795.9225,Industrials,161.9868621106,,-3518000000,,0.768627450980392,EUR
41,MAERSKb.CO,AP Moeller - Maersk A/S,253017885882.657,Industrials,3650.8058493291,5.11160378370619,53988000000,2282000000.0,2.98229263746505,DKK
42,RKT.L,Reckitt Benckiser Group PLC,33263611032.32,Consumer Non-Cyclicals,11.8760399009,10.2065417707075,14205000000,1662000000.0,4.17731786986832,GBp
43,VALMT.HE,Valmet Corp,4478161051.10441,Industrials,14.0279484071,6.85000298992297,5197000000,137000000.0,5.57160544779199,EUR
44,SGEF.PA,Vinci SA,73537739289.5667,Industrials,54.9136041972,7.14029328580452,75372000000,2944000000.0,3.96510705789056,EUR
45,ENX.PA,Euronext NV,13750067212.2979,Financials,44.7716753444,13.8905485110925,1818791000,439178000.0,2.19033232628399,EUR
46,ALVG.DE,Allianz SE,133488990957.3,Financials,163.8191204144,,,4887000000.0,4.8731832430892,EUR
47,LSEG.L,London Stock Exchange Group PLC,41116118617.0,Financials,37.7461832061,11.2305925816864,9346000000,2029000000.0,1.81906378850352,GBp
48,QIA.DE,Qiagen NV,6995207490.585,Healthcare,17.4225619898,11.7725296896556,2089999000,329652000.0,0.625295034789357,EUR
49,HOLN.S,Holcim AG,36812895814.22,Basic Materials,27.825127056,11.0935007651495,15724000000,-1199000000.0,2.61780104712042,CHF
50,GASI.MI,Assicurazioni Generali SpA,51948790618.96,Financials,21.1809849768,13.4993463694037,,-424000000.0,4.89260143198091,EUR
51,ICGIN.L,ICG PLC,4329032179.04806,Financials,8.6727351906,13.0409346439212,960700000,233600000.0,5.64926372155288,GBp
52,HUH1V.HE,Huhtamaki Oyj,3039289200.61403,Basic Materials,17.6127583467,6.2674484361949,3960200000,127300000.0,4.04829545454545,EUR
53,ENT.L,Entain PLC,3470346970.10607,Consumer Cyclicals,1.391555903,6.94175825100728,5259400000,-531100000.0,3.63232023721275,GBp
54,PHP.L,Primary Health Properties PLC,2335580775.9,Real Estate,1.4244283324,26.5263244146226,259000000,-24000000.0,9.04861111111111,GBp
55,LTMC.MI,Lottomatica Group SpA,6285727691.76,Consumer Cyclicals,1.3062889816,9.65396899697701,2247116000,133813000.0,1.76140912730184,EUR
56,SOBIV.ST,Swedish Orphan Biovitrum AB (publ),138325725607.127,Healthcare,109.2159630494,12.9435167992281,28238000000,808000000.0,0.0,SEK
57,SN.L,Smith & Nephew PLC,10139179408.65,Healthcare,6.1003460208,10.1398388619004,6164000000,436000000.0,2.45729530999503,GBp
58,ULVR.L,Unilever PLC,97874788931.97,Consumer Non-Cyclicals,7.1108058608,12.0665173883683,50503000000,1830000000.0,3.85073668936265,GBp
59,CSG.AS,CSG NV,23426664822.4988,Industrials,1.180578,16.7359515834301,4008614000,582874000.0,,EUR
60,AM.PA,Dassault Aviation SA,24128714853.4919,Industrials,85.2786302027,17.6230350826643,7425969000,619365000.0,1.54193548387097,EUR
61,GAW.L,Games Workshop Group PLC,5914287357.49088,Consumer Cyclicals,8.5186421139,17.6432773108729,617500000,27700000.0,2.21207865168539,GBp
62,GALP.LS,Galp Energia SGPS SA,13919756732.8311,Energy,5.863342241,6.03832714814762,20081000000,472000000.0,3.17537860283342,EUR
63,P911_p.DE,Dr Ing hc F Porsche AG,17145020000.0,Consumer Cyclicals,25.2371020856,3.43557997970916,36272000000,-944000000.0,6.13708820403826,EUR
64,VEND.OL,Vend Marketplaces ASA,49994193833.9808,Consumer Cyclicals,113.3882113162,23.7257465435728,6317000000,-1581000000.0,1.09553023663453,NOK
65,EXHO.PA,Sodexo SA,6291424827.89344,Consumer Cyclicals,25.9289228368,6.07399169999588,24074000000,475000000.0,6.33802816901408,EUR
66,HLMA.L,Halma PLC,14200739302.9094,Technology,5.030190678,24.2380665742899,2248100000,273400000.0,0.638440860215054,GBp
67,INWT.MI,Infrastrutture Wireless Italiane SpA,6346785353.8604,Technology,4.3476311032,11.5830559589435,1036036000,-185933000.0,7.58235294117647,EUR
68,GFCP.PA,Gecina SA,5026245746.39768,Real Estate,142.7264618956,18.0732120978695,712614000,-914507000.0,8.41622035195103,EUR
69,WISEa.L,Wise PLC,9297459347.24328,Industrials,1.3429567913,5.95120319102885,1645000000,400600000.0,,GBp
70,KYGa.I,Kerry Group PLC,10701523267.9835,Consumer Non-Cyclicals,36.1701610453,10.5830630835265,6757600000,491900000.0,2.09580838323353,EUR
71,WALLb.ST,Wallenstam AB,23240619350.1162,Real Estate,50.0183430002,27.9035703776361,3256000000,2320000000.0,1.4037774374681,SEK
72,NG.L,National Grid PLC,61809445153.359,Utilities,8.0312300829,13.9874459312451,5917000000,-5831000000.0,3.81965224423777,GBp
73,PLUSP.L,Plus500 Ltd,2835389509.68,Technology,7.944991564,8.55894657144248,792400000,117400000.0,1.692066528415,GBp
74,INDUc.ST,Industrivarden AB,196444419901.907,Financials,442.2745858402,5.65600681477493,35776000000,31844000000.0,1.9358407079646,SEK
75,DANSKE.CO,Danske Bank A/S,251991589840.482,Financials,219.7185627426,24.509544693686,,10344000000.0,7.54065715233986,DKK
76,SSE.L,SSE PLC,30252029085.9507,Utilities,10.9752547307,14.4517251891584,10131900000,-1444800000.0,2.59468170829976,GBp
77,AAK.ST,AAK AB (publ),60543613654.5997,Consumer Non-Cyclicals,76.3944081612,11.0204259780609,46021000000,1717000000.0,4.02323580034423,SEK
78,SDR.L,Schroders PLC,9272207481.02472,Financials,2.8108244496,14.0243409866964,3250700000,375900000.0,3.75545851528384,GBp
79,SASY.PA,Sanofi SA,99542639903.381,Healthcare,58.4857423795,8.43092664528985,46716000000,-8000000.0,5.02500304915234,EUR
80,NSISb.CO,Novozymes A/S,157869158222.466,Basic Materials,23.29794529,16.3581737222047,4157600000,284900000.0,1.70962651236192,DKK
81,CPG.L,Compass Group PLC,34846009696.5215,Consumer Cyclicals,4.5097230407,12.672256584534,46070000000,527000000.0,2.37733071638862,GBp
82,EMSN.S,Ems Chemie Holding AG,14827736596.4634,Basic Materials,79.3064526404,22.9129393558737,1949656000,94249000.0,2.73159144893112,CHF
83,KBX.DE,Knorr Bremse AG,15579980000.0,Industrials,19.2555831266,12.8399531615925,7817000000,337000000.0,1.96585618210036,EUR
84,AIR.PA,Airbus SE,127297380194.795,Industrials,33.0487340704,14.4210575354306,73420000000,1649000000.0,1.99476374516893,EUR
85,URW.PA,Unibail-Rodamco-Westfield SE,13312552718.2237,Real Estate,123.6831983533,20.246062649634,3058400000,1048700000.0,4.87963565387118,EUR
86,LPPP.WA,Lpp SA,40495519800.0,Consumer Cyclicals,3022.2696388256,10.9561175768295,23109000000,-824000000.0,1.83318056828598,PLN
87,FORTUM.HE,Fortum Oyj,18764249755.7557,Utilities,9.5167085718,16.7554521451984,4989000000,-677000000.0,3.54406130268199,EUR
88,RBREW.CO,Royal Unibrew A/S,26498256964.3298,Consumer Non-Cyclicals,135.8339624566,14.6359023452906,15723000000,704000000.0,3.03605313092979,DKK
89,SY1G.DE,Symrise AG,10116701268.52,Basic Materials,26.6121016326,12.9338030258022,4929283000,207321000.0,1.72699640784747,EUR
90,CMBN.S,Cembra Money Bank AG,2927364847.87528,Financials,45.9064006229,16.9052123935635,,61345000.0,5.76131687242798,CHF
91,ORNBV.HE,Orion Oyj,9506911126.3003,Healthcare,9.1321441521,14.1381044034625,1889500000,227900000.0,2.67459138187221,EUR
92,BBOXT.L,Tritax Big Box Reit PLC,3839167781.39076,Real Estate,2.0045147049,22.6290783953108,327700000,164400000.0,5.66171266808209,GBp
93,SPL1.WA,Santander Bank Polska SA,59504320543.2962,Financials,346.6671024592,6.06250462462573,,1710489000.0,8.61130254996554,PLN
94,EDEN.PA,Edenred SE,3731079918.02518,Industrials,-3.865941558,3.59123523384204,2961000000,299000000.0,8.46055979643766,EUR
95,HOTG.DE,Hochtief AG,29328244620.0,Industrials,16.8524681677,14.4877086308705,38236464000,1263987000.0,1.74880763116057,EUR
96,TEGG.DE,TAG Immobilien AG,2429098991.85,Real Estate,18.0719687107,24.1630779818341,489134000,-225944000.0,3.11284046692607,EUR
97,AG1G.DE,AUTO1 Group SE,3427354792.32,Technology,,24.8784185993747,8172600000,,0.0,EUR
98,ASSAb.ST,Assa Abloy AB,350083648407.054,Consumer Cyclicals,91.4648858096,13.2051987503445,152409000000,11294000000.0,1.93587416817907,SEK
99,GIVN.S,Givaudan SA,24496703658.0,Basic Materials,491.7389589051,16.2265268457998,7472000000,490000000.0,2.71390878251037,CHF
100,PZU.WA,Powszechny Zaklad Ubezpieczen SA,54816440040.0,Financials,41.0860224972,16.0878106687025,,10137000000.0,7.04158790170132,PLN
101,IGG.L,IG Group Holdings PLC,4703281980.32,Financials,,6.49718507362562,674100000,,1.98868458274399,GBp
102,HIK.L,Hikma Pharmaceuticals PLC,2719793234.84,Healthcare,11.7549629245,5.85390035819295,3349000000,117000000.0,5.01583690528464,GBp
103,EONGn.DE,E.ON SE,48983257146.0,Utilities,7.3708381171,10.4158209795683,78704000000,-3163000000.0,3.07360474521434,EUR
104,MTO.L,Mitie Group PLC,2173603779.124,Industrials,0.3315827745,7.36420116165188,5082600000,128300000.0,2.66021765417171,GBp
105,BAES.L,BAE Systems PLC,61955035286.82,Industrials,3.9319319319,17.2141488736141,28336000000,1181000000.0,1.75616835994195,GBp
106,BP.L,BP PLC,91736131060.233,Energy,3.4036531723,5.09838707372833,189335000000,62000000.0,4.20457113507961,GBp
107,HOLMb.ST,Holmen AB,54181244283.83,Basic Materials,340.9279985665,15.1565496252346,22056000000,316000000.0,2.8494301139772,SEK
108,GTT.PA,Gaztransport et Technigaz SA,7405450373.55729,Energy,15.8784696534,12.5053102080571,803300000,115900000.0,4.48795180722892,EUR
109,INGP.WA,ING Bank Slaski SA,51883592846.928,Financials,163.9298427589,3.7612892543202,,1368000000.0,6.71949685534591,PLN
110,TEL.OL,Telenor ASA,228463774343.681,Technology,51.5117916754,9.22018288613666,76548000000,4129000000.0,5.832832230908,NOK
111,SHBa.ST,Svenska Handelsbanken AB,239742885529.545,Financials,100.6828282828,14.1016246806038,,-4230000000.0,14.6935348446683,SEK
112,CVO.PA,Covivio SA,5623461660.08527,Real Estate,77.7506169405,20.2956795247505,1422500000,338100000.0,7.45526838966203,EUR
113,GETIb.ST,Getinge publ AB,47063727907.6444,Healthcare,108.0515475273,8.20512970203583,34969000000,1778000000.0,2.57452574525745,SEK
114,STDM.PA,Sartorius Stedim Biotech SA,16084690802.5035,Healthcare,42.0426568624,19.9678415508373,2967500000,123600000.0,0.418181818181818,EUR
115,BEAN.S,Belimo Holding AG,7705950000.0,Industrials,50.5553712719,28.1777613785215,1120813000,16305000.0,1.59616919393456,CHF
116,INVP.L,Investec PLC,5328356165.67388,Financials,6.6114942654,10.8046641049396,,244041000.0,6.57318141980719,GBp
117,PKN.WA,Orlen SA,151252148726.481,Energy,131.2313564661,4.01600114793025,267329000000,-11437000000.0,4.62036038811027,PLN
118,TW.L,Taylor Wimpey PLC,3078794921.15904,Consumer Cyclicals,1.182912358,6.38690677374261,3844600000,-221000000.0,8.79501385041551,GBp
119,PAFR.L,Pan African Resources PLC,2667944529.152,Basic Materials,0.2773331509,8.74252353998201,540033000,16505000.0,1.03829407294833,GBp
120,NN.AS,NN Group NV,17343063443.0613,Financials,79.479245283,22.1271684587813,,397000000.0,5.89307411907655,EUR
121,AKRBP.OL,Aker BP ASA,225008526935.89,Energy,17.7847976433,2.92361038751819,10943100000,-6061700000.0,6.82148489847716,NOK
122,IMCD.AS,IMCD NV,5032055531.27985,Basic Materials,34.5606904006,12.2163114345464,4778874000,213092000.0,2.12941176470588,EUR
123,THULE.ST,Thule Group AB,20488911007.9355,Consumer Cyclicals,67.0500927644,12.0352850873089,10429000000,238000000.0,4.38457474907554,SEK
124,IFXGn.DE,Infineon Technologies AG,48880628157.91,Technology,13.1080873309,13.9375328947408,14662000000,373000000.0,0.935078813785733,EUR
125,CAGR.PA,Credit Agricole SA,48096345370.1115,Financials,25.6544635772,-11.97526528257,,8255000000.0,7.12035286704474,EUR
126,HBANC.S,Helvetia Baloise Holding AG,20040957467.3996,Financials,78.1985699839,21.8157013669753,,150400000.0,3.33665338645418,CHF
127,TCFP.PA,Thales SA,49070380630.4774,Industrials,38.780198174,15.2843560504235,22136400000,1190200000.0,1.63934426229508,EUR
128,ABDN.L,Aberdeen Group PLC,3464889171.40969,Financials,2.8612040134,8.92782653433964,1341000000,245000000.0,7.7991452991453,GBp
129,VOPA.AS,Koninklijke Vopak NV,5322008993.24129,Energy,28.2876475857,12.0791319974751,1298900000,397900000.0,3.90455531453362,EUR
130,SECTb.ST,Sectra AB,39935482195.9996,Healthcare,9.94887617,,2067353000,564909000.0,0.960658737419945,SEK
131,BALDb.ST,Fastighets AB Balder,59381422286.4744,Real Estate,78.8844714339,22.7457816328584,13721000000,8033000000.0,0.0,SEK
132,GALE.S,Galenica AG,4447265526.77898,Healthcare,29.7298755857,15.675711279633,4135621000,129204000.0,2.82167042889391,CHF
133,SATG_p.DE,Sartorius AG,13957632000.0,Healthcare,39.2018334646,17.9376969927674,3538100000,157300000.0,0.357833655705996,EUR
134,SAABb.ST,Saab AB,317040534953.173,Industrials,80.7611766994,29.0178141663632,79146000000,1125000000.0,0.574615514618895,SEK
135,BARN.S,Barry Callebaut AG,7388002868.0,Consumer Non-Cyclicals,478.2448518804,12.2886999762862,14788581000,-22673000.0,2.15453194650817,CHF
136,REDE.MC,Redeia Corporacion SA,7700799238.50622,Utilities,9.718135682,10.813898421972,1659517000,-853423000.0,5.62983814215341,EUR
137,EMG.L,Man Group PLC,2862672935.078,Financials,1.3858789361,10.3062368251363,1405000000,7000000.0,5.10190499032547,GBp
138,ARDS.AS,Arcadis NV,2469316100.87311,Industrials,11.6265433086,7.17498061192399,3760000000,226000000.0,3.85179750550257,EUR
139,ROR.L,Rotork PLC,2565411937.47104,Industrials,0.6958602536,13.8427857485951,777300000,67400000.0,2.67569310122502,GBp
140,UTG.L,Unite Group PLC,2386470841.92,Real Estate,9.6754677491,20.1884366333334,332800000,-62000000.0,8.40017825311943,GBp
141,BVI.PA,Bureau Veritas SA,11864615855.3494,Industrials,3.8401137338,11.1511781794325,6466400000,332000000.0,3.52490421455939,EUR
142,CFR.S,Compagnie Financiere Richemont SA,74213207386.45,Consumer Cyclicals,37.6666098517,17.1380567426166,21399000000,2431000000.0,2.17312567910178,CHF
143,KGX.DE,Kion Group AG,5861955547.96,Industrials,46.5133485889,6.48475705297331,11297200000,896300000.0,1.3876454789615,EUR
144,SRP.L,Serco Group PLC,2895076431.04246,Industrials,0.8630705394,8.24532137668735,4876800000,290600000.0,1.56358582348853,GBp
145,SGE.L,Sage Group PLC,7608447737.44663,Technology,0.736196319,13.4910523172142,2513000000,193000000.0,2.69354043392505,GBp
146,ADYEN.AS,Adyen NV,27021931742.2934,Technology,167.7303114486,13.3540708346726,2671641000,1072581000.0,,EUR
147,HNKG_p.DE,Henkel AG & Co KGaA,28031040630.0,Basic Materials,49.4561775073,7.75522356620635,20495000000,1176000000.0,3.09973045822102,EUR
148,AENA.MC,Aena SME SA,38445000000.0,Industrials,6.137638,11.5280500265926,6278337000,418799000.0,4.25282871634803,EUR
149,OMVV.VI,OMV AG,20076876633.5899,Energy,49.9434802612,4.81621907620802,24308000000,-2424000000.0,7.18367346938776,EUR
150,RHMG.DE,Rheinmetall AG,64225940197.5,Industrials,110.7427055703,31.3479027725061,9935000000,323000000.0,0.833635375135919,EUR
151,FOUG.PA,Eiffage SA,12696170640.8483,Industrials,79.4570102195,6.32326244755475,26119000000,1020000000.0,3.71086200231929,EUR
152,BPTB.L,Bridgepoint Group PLC,1988328974.57538,Financials,1.2036521949,13.8370701876573,629900000,-2400000.0,4.1740674955595,GBp
153,PSN.L,Persimmon PLC,3467061752.57732,Consumer Cyclicals,11.2905342081,6.79112457445231,3751300000,74200000.0,5.58139534883721,GBp
154,MRON.L,Melrose Industries PLC,6179791428.65643,Industrials,2.2224842767,10.1758244584273,3589000000,583000000.0,1.46341463414634,GBp
155,ALSO.PA,Alstom SA,10920999537.1444,Industrials,23.3253802495,8.93363139215157,18489000000,396000000.0,0.0,EUR
156,TPRO.MI,Technoprobe SpA,9284302507.83297,Technology,1.9128276276,42.7154349844517,628380000,64566000.0,,EUR
157,LHAG.DE,Deutsche Lufthansa AG,8819526409.83,Industrials,9.7209288962,3.78216882974518,39597000000,-875000000.0,4.48735382104977,EUR
158,DRX.L,Drax Group PLC,2880076518.455,Energy,4.8560090703,3.95453972139225,5355400000,-76900000.0,3.38983050847458,GBp
159,BCVN.S,Banque Cantonale Vaudoise,10895436540.0,Financials,46.2808855053,24.6317672360779,,,3.47551342812006,CHF
160,EQNR.OL,Equinor ASA,1027069577570.4,Energy,15.5892788276,3.11813059643114,105828000000,-3890000000.0,3.60321135175504,NOK
161,BKGH.L,Berkeley Group Holdings PLC,3244730614.9785,Consumer Cyclicals,34.6621226874,5.92644905175062,2486500000,133000000.0,1.95919653061225,GBp
162,BAWG.VI,BAWAG Group AG,9701784158.59843,Financials,62.1097511153,21.9720628975467,,405500000.0,4.96820349761526,EUR
163,RAND.AS,Randstad NV,4037962555.83864,Industrials,22.8367579909,5.70653911185883,23077000000,243000000.0,7.07114797031864,EUR
164,ANTO.L,Antofagasta PLC,32198079658.7,Basic Materials,10.5188715561,9.72215308729335,8620300000,-367700000.0,1.46230477818288,GBp
165,VOWG_p.DE,Volkswagen AG,43918586794.8,Consumer Cyclicals,375.5810497789,5.19380566113309,321913000000,18533000000.0,6.08233117483811,EUR
166,OREP.PA,L'Oreal SA,187116914481.106,Consumer Non-Cyclicals,65.4902398779,17.9346568279605,44052000000,2379200000.0,2.05714285714286,EUR
167,R3NK.DE,RENK Group AG,4701000000.0,Industrials,4.84749,23.8003669003473,1366170000,99993000.0,1.23378004679855,EUR
168,ICAG.L,International Consolidated Airlines Group SA,16107861768.128,Industrials,1.6178866452,3.22384053850686,33213000000,2057000000.0,2.41031398537348,GBp
169,REP.MC,Repsol SA,26648066871.9043,Energy,22.2084805654,5.02479713580292,54861000000,-389000000.0,4.36643124221022,EUR
170,LDOF.MI,Leonardo SpA,32786188678.0584,Industrials,16.5750071085,14.0307524613779,19503000000,874000000.0,1.11268103143766,EUR
171,ADP.PA,Aeroports de Paris SA,10208919877.2865,Industrials,44.0221388724,8.38290678599562,6704000000,-163000000.0,2.9126213592233,EUR
172,IBE.MC,Iberdrola SA,129446392321.199,Utilities,8.7092838283,12.4018153010607,44076000000,1950000000.0,3.46296238954248,EUR
173,DCC.L,DCC PLC,3935685149.31073,Consumer Non-Cyclicals,31.0745361711,5.8439491153003,18011111000,172722000.0,4.57682234831951,GBp
174,WEIR.L,Weir Group PLC,7189169718.69656,Industrials,7.3848837209,13.9045604486068,2564500000,191600000.0,1.51416122004357,GBp
175,NKT.CO,Nkt A/S,42976036000.0,Industrials,40.9511956237,12.3041301303255,3565000000,-287000000.0,0.0,DKK
176,UU.L,United Utilities Group PLC,8838044457.36848,Utilities,2.9328347265,13.7307137430487,2011400000,-612500000.0,4.06904577191622,GBp
177,ALKb.CO,ALK-Abello A/S,40984861278.4251,Healthcare,29.0562751749,20.3329484787018,6312000000,1155000000.0,0.792079207920792,DKK
178,CONG.DE,Continental AG,11988358621.02,Consumer Cyclicals,19.7892121932,4.57861638612065,19676000000,-736000000.0,4.5045045045045,EUR
179,TBCG.L,TBC Bank Group PLC,2279225833.7,Financials,110.6334474817,3.47062174084272,,,6.02021628464229,GBp
180,ABF.L,Associated British Foods PLC,13013130843.72,Consumer Non-Cyclicals,15.2748618785,6.11680793006982,19459000000,151000000.0,3.4257748776509,GBp
181,SVT.L,Severn Trent PLC,9067352832.2291,Utilities,5.9125208681,14.6778457615131,2426700000,-1265000000.0,4.1212020033389,GBp
182,ALFA.ST,Alfa Laval AB,208419558654.659,Industrials,105.0235562061,15.4804742034358,69674000000,,1.79140127388535,SEK
183,DHER.DE,Delivery Hero SE,4988279881.74,Technology,5.4900936557,11.4191787877504,14059600000,-620900000.0,0.0,EUR
184,ORSTED.CO,Oersted A/S,189171164398.912,Utilities,158.9906282635,9.67214474796027,73244000000,-41416000000.0,0.0,DKK
185,EVKn.DE,Evonik Industries AG,7656380000.0,Basic Materials,17.4034334764,5.96756256800871,14069000000,-26000000.0,6.08642726719416,EUR
186,FREG.DE,Fresenius SE & Co KGaA,24624733750.44,Healthcare,33.9182093913,9.85853319430111,22873000000,545000000.0,2.40164684354986,EUR
187,SECUb.ST,Securitas AB,85423545638.6054,Industrials,68.1302222283,7.83596192768209,155113000000,4399000000.0,3.40288924558587,SEK
188,TEL2b.ST,Tele2 AB,130213236555.597,Technology,32.1212354992,11.8646752209609,29890000000,2672000000.0,5.54675118858954,SEK
189,JYSK.CO,Jyske Bank A/S,52735263707.5313,Financials,868.3498497751,26.4296268107986,,3125000000.0,2.92056074766355,DKK
190,AALB.AS,Aalberts NV,3237494603.52977,Industrials,22.2600472327,7.99170801319932,3090800000,28100000.0,3.84358288770053,EUR
191,GJFG.OL,Gjensidige Forsikring ASA,121381976762.2,Financials,56.6199661774,17.896800082313,,2002400000.0,5.99669148056245,NOK
192,MANTA.HE,Mandatum Oyj,3382851805.00278,Financials,2.8430659239,17.6961230677682,,-173200000.0,12.6638855780691,EUR
193,RIO.L,Rio Tinto PLC,113119210042.16,Basic Materials,38.3023399015,7.33702455390437,57638000000,-1654000000.0,4.44375752435905,GBp
194,HLN.L,Haleon PLC,32941942302.6229,Healthcare,1.8286573146,14.2256496130546,11030000000,1015000000.0,1.93513218860725,GBp
195,ALLFG.AS,Allfunds Group PLC,5024780672.03547,Technology,,1.73941322557761,621900000,,1.57074340527578,EUR
196,EDPR.LS,EDP Renovaveis SA,13779589776.988,Utilities,9.9307603494,12.4021974445578,2267000000,1324000000.0,0.641711229946524,EUR
197,HWDN.L,Howden Joinery Group PLC,4224983908.0407,Consumer Cyclicals,2.1883498714,8.54024224268064,2418000000,162400000.0,2.80949326491341,GBp
198,ITV.L,ITV PLC,2875847177.70851,Consumer Cyclicals,0.4812633833,5.95363970933907,3511000000,90000000.0,6.63129973474801,GBp
199,PST.MI,Poste Italiane SpA,25894975398.9765,Industrials,10.688658554,20.431237120098,13588000000,,6.31472594089417,EUR
200,ENAG.MC,Enagas SA,4497548934.08265,Energy,8.7722746611,13.3607478242405,960401000,244093000.0,9.32963827304551,EUR
201,MRCG.DE,Merck KGaA,45673415978.85,Healthcare,65.7623152309,9.08352564388092,21102000000,2253000000.0,2.09424083769634,EUR
202,SHCS.L,Shaftesbury Capital PLC,2480476721.43478,Real Estate,2.1706098699,28.425226697581,238900000,321600000.0,3.16706254948535,GBp
203,MUVGn.DE,Muenchener Rueckversicherungs-Gesellschaft in Muenchen AG,68327372133.0,Financials,256.2556933613,6.806012807505,,3660000000.0,4.58891013384321,EUR
204,KESKOB.HE,Kesko Oyj,7570610623.09698,Consumer Non-Cyclicals,7.0279052326,9.01982274296496,12474700000,115700000.0,4.76442562202223,EUR
205,SGOB.PA,Compagnie de Saint Gobain SA,34255939653.9677,Consumer Cyclicals,49.6534938388,6.09871880470851,46483000000,2147000000.0,3.3275462962963,EUR
206,LMPL.L,LondonMetric Property PLC,4222001904.38966,Real Estate,2.007255969,17.6743215917207,396700000,169800000.0,6.95142378559464,GBp
207,BASFn.DE,BASF SE,46500404744.4,Basic Materials,37.2248924016,9.1228593278033,59657000000,-1071000000.0,4.31861804222649,EUR
208,BAYGn.DE,Bayer AG,37587545377.32,Healthcare,26.4113108446,7.48826456458046,45575000000,-2154000000.0,0.287506534239415,EUR
209,QLT.L,Quilter PLC,2415535880.3449,Financials,1.0843195266,0.059527182747174,1440000000,58000000.0,3.66492146596859,GBp
210,SAPG.DE,SAP SE,175135563313.92,Technology,38.2375643225,14.790670359243,36800000000,5155000000.0,1.75364758698092,EUR
211,AAF.L,Airtel Africa PLC,12871824244.2,Technology,0.6713344194,7.48566474788778,4977000000,71000000.0,1.45270041920537,GBp
212,LUNDb.ST,L E Lundbergforetagen AB (publ),79025842165.0064,Financials,515.2104342743,19.015654118524,28781000000,12810000000.0,0.945945945945946,SEK
213,PEO.WA,Bank Polska Kasa Opieki SA,56352316299.8,Financials,134.6744235904,6.33421615668553,,2000000000.0,8.55146716348393,PLN
214,STMMI.MI,STMicroelectronics NV,26016809760.2319,Technology,20.4558300153,9.26086810212702,13269000000,228000000.0,1.09840540825532,EUR
215,PUIGb.MC,Puig Brands SA,2994102531.64183,Consumer Cyclicals,6.9221826878,3.16779331378043,5042026000,440477000.0,2.20359649122807,EUR
216,SCHN.PA,Schneider Electric SE,132483828773.522,Industrials,43.0444728257,16.805914196897,40152000000,2255000000.0,1.83246073298429,EUR
217,DSV.CO,DSV A/S,360648968917.093,Industrials,497.9663849152,15.7590168953583,247331000000,12868000000.0,0.467445742904841,DKK
218,JD.L,JD Sports Fashion PLC,3345030502.64814,Consumer Cyclicals,0.5662790698,3.41159837971609,11458000000,743000000.0,1.30675688923213,GBp
219,GMAB.CO,Genmab A/S,108276959857.967,Healthcare,94.0771915666,15.2386131017794,3720000000,979000000.0,0.0,DKK
220,EMII.MI,BPER Banca SpA,21376513323.55,Financials,8.4429986169,4.80832115380743,,,6.07455131155085,EUR
221,FTKn.DE,flatexDEGIRO SE,3264388002.72,Financials,8.3324896431,17.8103450879768,559800000,156900000.0,1.01214574898785,EUR
222,ENI.MI,Eni SpA,72558033602.2262,Energy,15.8492261857,6.47070485399748,82151000000,-1929000000.0,4.38871473354232,EUR
223,HUBN.S,Huber+Suhner AG,3340514811.41564,Technology,36.4697609459,24.1964503286589,864129000,20180000.0,1.15340253748558,CHF
224,INDT.ST,Indutrade AB,75180547622.8,Industrials,46.9747998342,14.9819126185267,32229000000,2650000000.0,1.50778210116731,SEK
225,SKFb.ST,SKF AB,99589152780.1185,Industrials,117.6191372516,6.87044165474819,91583000000,970000000.0,3.55667737494263,SEK
226,VLLP.PA,Vallourec SA,4970757486.66,Energy,9.8547008547,6.055801813,3809000000,48000000.0,0.0,EUR
227,NDAFI.HE,Nordea Bank Abp,48753686333.67,Financials,9.3859293573,17.5955518431019,,2112000000.0,6.71798460461862,EUR
228,ROCKb.CO,Rockwool A/S,37921364243.5345,Basic Materials,13.3269802064,11.0718325305043,3877000000,-351000000.0,2.37468528267338,DKK
229,LISP.S,Chocoladefabriken Lindt & Spruengli AG,25878321330.5381,Consumer Non-Cyclicals,21563.696484511,21.1477450897073,5915800000,341200000.0,1.64684354986276,CHF
230,RS1R.L,RS Group PLC,2695542746.35176,Industrials,2.8807153025,9.09469452522295,2903500000,84000000.0,3.99646330680813,GBp
231,RUBF.PA,Rubis SCA,3473351812.96509,Energy,27.1863787697,6.79587098113243,6534460000,6719000.0,6.16071428571428,EUR
232,ENGIE.PA,Engie SA,68320267017.4694,Utilities,13.5656648827,8.45149829192495,71944000000,-1897000000.0,4.01416325009318,EUR
233,SGRO.L,SEGRO PLC,8699283359.12003,Real Estate,9.0743068392,26.3033762088992,726000000,134000000.0,4.86545682102628,GBp
234,EVDG.DE,CTS Eventim AG & Co KgaA,4696320000.0,Technology,11.2651042334,5.76288691566704,3079295000,-32214000.0,2.94358135731807,EUR
235,ALEP.WA,Allegro.eu SA,27675279295.6159,Consumer Cyclicals,9.7566797016,9.21277230122819,11458100000,1706300000.0,,PLN
236,GRLS.MC,Grifols SA,5442727953.83909,Healthcare,7.7456320902,9.08877115288384,7524000000,399000000.0,1.7186067827681,EUR
237,FRAG.DE,Fraport Frankfurt Airport Services Worldwide AG,6879671577.6,Industrials,56.0643764299,12.2064120019748,4432200000,-332000000.0,1.34408602150538,EUR
238,MKS.L,Marks and Spencer Group PLC,6730751110.8,Consumer Non-Cyclicals,1.454127306,7.10693681697133,13816800000,196300000.0,1.16564417177914,GBp
239,SABE.MC,Banco de Sabadell SA,15210383392.1647,Financials,2.7266340213,7.39761061162952,,-127730000.0,6.76149520344029,EUR
240,MICCT.AS,Magnum Ice Cream Company NV,7789168399.558,Consumer Non-Cyclicals,1.0238907794,8.64858760159707,7910000000,256000000.0,,EUR
241,CRDA.L,Croda International PLC,3980509619.94091,Basic Materials,15.6781362007,10.4035733997224,1699400000,-37400000.0,3.91534391534391,GBp
242,DLG.MI,De' Longhi SpA,4406547592.45639,Consumer Cyclicals,,7.09012297789032,3801500000,,2.92297111416781,EUR
243,CAST.ST,Castellum AB,51542744095.884,Real Estate,159.0946490353,17.4994798875214,9593000000,,0.0,SEK
244,VSURE.ST,Verisure PLC,8925690255.74961,Industrials,8.4766149975,11.3835108104966,3745400000,-150700000.0,,EUR
245,SALM.OL,SalMar ASA,74807547515.8131,Consumer Non-Cyclicals,132.4787600974,23.4882010093109,27394000000,-1909000000.0,1.81983621474067,NOK
246,CARR.PA,Carrefour SA,11309087020.4278,Consumer Non-Cyclicals,16.0783116906,6.29957085447798,84025000000,1049000000.0,6.32539941310727,EUR
247,DHLn.DE,Deutsche Post AG,50795500000.0,Industrials,19.6016398601,6.53367851906159,82855000000,3648000000.0,4.30156214625311,EUR
248,BAER.S,Julius Baer Gruppe AG,11866451013.2203,Financials,35.1716140424,16.8816400062444,,225600000.0,4.53119553851516,CHF
249,STAN.L,Standard Chartered PLC,34308793810.9,Financials,23.1980282898,5.68542807390384,,3429000000.0,2.97355572749035,GBp
250,NESN.S,Nestle SA,196768832400.0,Consumer Non-Cyclicals,12.7516517684,14.1159777676848,89490000000,-1016000000.0,4.0591855440618,CHF
251,SPMI.MI,Saipem SpA,7425393771.68635,Energy,,4.16363299333677,15502000000,,4.57604306864065,EUR
252,LVMH.PA,LVMH Moet Hennessy Louis Vuitton SE,227176374217.991,Consumer Cyclicals,135.5811664031,10.5394051219663,80807000000,6443000000.0,2.85244103126714,EUR
253,DNB.OL,DNB Bank ASA,429471966413.465,Financials,200.205666129,18.8104400377681,,18679000000.0,6.21761658031088,NOK
254,VOES.VI,voestalpine AG,6813386668.88692,Basic Materials,42.1392468572,7.32098205141431,15743700000,-286700000.0,1.5748031496063,EUR
255,MNG.L,M&G PLC,6609521113.68029,Financials,1.3044925125,3.42513155213999,,-174000000.0,7.51466275659824,GBp
256,BAMI.MI,Banco BPM SpA,17717480760.6496,Financials,10.2769387641,13.3294008931869,,322915000.0,8.56531049250535,EUR
257,HAGG.DE,Hensoldt AG,7750050000.0,Industrials,8.5431034483,18.4749452954048,2455000000,-8000000.0,0.819672131147541,EUR
258,A2.MI,A2A SpA,7449175752.8787,Utilities,1.7380033909,5.94109125399458,12570000000,264000000.0,4.38079191238416,EUR
259,TPE.WA,Tauron Polska Energia SA,15564217289.2623,Utilities,10.1069904797,3.6477101218696,35399000000,-1973000000.0,,PLN
260,CARLb.CO,Carlsberg A/S,108053102460.033,Consumer Non-Cyclicals,210.3733968903,9.42390382030829,89095000000,3346000000.0,3.64047200602561,DKK
261,AIXGn.DE,Aixtron SE,3840489662.0,Technology,8.0703910934,30.9410836018082,556552000,57308000.0,0.443131462333826,EUR
262,VATN.S,Valiant Holding AG,2739573048.46467,Financials,175.0157986786,37.0480724958802,,,3.47222222222222,CHF
263,MRL.MC,MERLIN Properties SOCIMI SA,8636600000.0,Real Estate,14.3493927514,33.079997222875,538963000,657278000.0,3.01507537688442,EUR
264,ERICb.ST,Telefonaktiebolaget LM Ericsson,358416086451.455,Technology,32.8637863786,8.12703278670618,236681000000,24356000000.0,2.83018867924528,SEK
265,AD.AS,Koninklijke Ahold Delhaize NV,35184985839.92,Consumer Non-Cyclicals,15.7547169811,6.84755145967195,92352000000,2159000000.0,3.11636089469716,EUR
266,TE.PA,Technip Energies NV,6199443850.85027,Energy,12.6894000617,8.40985088502967,7203800000,250600000.0,2.88184438040346,EUR
267,SFSN.S,SFS Group AG,4537796995.22253,Industrials,41.196921232,10.0790398628376,3045400000,161600000.0,2.15146299483649,CHF
268,ABBN.S,Abb Ltd,116423795740.56,Industrials,8.8051450465,20.5928835914839,33220000000,2554000000.0,1.48875514729173,CHF
269,DBKGn.DE,Deutsche Bank AG,47602075211.955,Financials,40.2358659504,4.95162014798365,,7541000000.0,4.01364639775236,EUR
270,BNRGn.DE,Brenntag SE,8128896443.6,Basic Materials,29.8760387812,8.09006886218973,15171500000,96200000.0,3.37477797513322,EUR
271,BZU.MI,Buzzi SpA,8280474211.28485,Basic Materials,,6.14318750064779,4519000000,,1.6309412861137,EUR
272,ABVX.PA,Abivax SA,7061734934.4,Healthcare,,,0,,,EUR
273,NESTE.HE,Neste Oyj,20747325208.6724,Energy,9.5203783347,15.0510571131571,19016000000,2000000.0,0.742666171555886,EUR
274,TSCO.L,Tesco PLC,29508239886.414,Consumer Non-Cyclicals,1.7068032187,8.10536737355429,69916000000,975000000.0,3.10052219321149,GBp
275,DKSH.S,DKSH Holding AG,3891669141.24692,Industrials,27.0235787997,9.03163971056063,11070600000,141800000.0,4.19463087248322,CHF
276,ITX.MC,Industria de Diseno Textil SA,154516105503.734,Consumer Cyclicals,6.5450581491,13.2671612233722,39864000000,1414000000.0,3.53535353535354,EUR
277,ADML.L,Admiral Group PLC,9424645069.99751,Financials,4.7885341134,10.5384911382958,,30600000.0,5.18627450980392,GBp
278,MOBN.S,Mobimo Holding AG,2808348881.15445,Real Estate,287.6793100293,30.446507588778,353798000,121707000.0,2.72969374167776,CHF
279,PGHN.S,Partners Group Holding AG,22016820000.0,Financials,84.3676457485,15.0093878057867,2461200000,217300000.0,5.57846228474412,CHF
280,RENA.PA,Renault SA,8365983414.36,Consumer Cyclicals,76.0516497183,7.59690404172334,57922000000,-10222000000.0,7.77659950512549,EUR
281,VACN.S,VAT Group AG,14778373774.2017,Industrials,26.4619003136,46.1690516666979,1073516000,6976000.0,1.4265335235378,CHF
282,ERST.VI,Erste Group Bank AG,37418386101.6,Financials,64.2598661363,6.89717686087536,,2873000000.0,0.822819528250137,EUR
283,CTEC.L,ConvaTec Group PLC,4273306535.394,Healthcare,0.7497003088,13.2136082710781,2439000000,74000000.0,2.45745654162855,GBp
284,PERP.PA,Pernod Ricard SA,16347402060.583,Consumer Non-Cyclicals,60.4814317194,9.66725314653026,10959000000,198000000.0,7.26429675425039,EUR
285,AMBUb.CO,Ambu A/S,15921768493.1868,Healthcare,22.6474429217,14.5000160662823,6037000000,493000000.0,0.606060606060606,DKK
286,UNPI.MI,Unipol Assicurazioni SpA,13804271005.5548,Financials,14.4923291492,2.6150331342661,,724000000.0,5.8302967204581,EUR
287,BARC.L,Barclays PLC,52875656182.8019,Financials,5.5119047619,4.34093715376329,,4859000000.0,2.25013082155939,GBp
288,FER.MC,Ferrovial SE,39940006310.1239,Industrials,8.2202149389,33.7930656372821,9627000000,1086000000.0,1.59047380058544,EUR
289,INVEb.ST,Investor AB,1060793871226.83,Financials,311.3528778035,45.5022425562628,84776000000,143446000000.0,1.62107396149949,SEK
290,TLXGn.DE,Talanx AG,26597586073.0,Financials,52.1552595625,5.68579549715953,,2823000000.0,3.49514563106796,EUR
291,PRY.MI,Prysmian SpA,27923444300.0733,Industrials,22.5877919858,13.6346621302403,19650000000,904000000.0,0.956836062088029,EUR
292,SOON.S,Sonova Holding AG,10370606248.9453,Healthcare,44.7085487859,11.4163463460409,3865400000,401600000.0,2.53968253968254,CHF
293,BT.L,BT Group PLC,20466238306.4552,Technology,1.3199713672,5.16118960215228,20370000000,212000000.0,4.0205680705191,GBp
294,FPE3_p.DE,Fuchs Se,4261430000.0,Basic Materials,15.0839694656,7.8500572519084,3563000000,160000000.0,3.47850678733032,EUR
295,EUFI.PA,Eurofins Scientific SE,11326405876.6694,Healthcare,25.2686318131,10.1061819555814,7296100000,480500000.0,0.966494845360825,EUR
296,AKE.PA,Arkema SA,4426740364.2,Basic Materials,90.6166180787,5.60203718059343,9068000000,-42000000.0,6.18556701030928,EUR
297,AZN.L,AstraZeneca PLC,221819258578.16,Healthcare,31.3980645161,16.109778462003,58739000000,4847000000.0,1.65151727031185,GBp
298,CNA.L,Centrica PLC,9348886724.9528,Utilities,0.644723093,7.59961689369224,22365000000,-414000000.0,2.72412085190689,GBp
299,RXL.PA,Rexel SA,9712344817.97344,Industrials,18.2781124838,8.75144264161739,19414600000,526000000.0,3.66412213740458,EUR
300,ASML.AS,ASML Holding NV,445670006833.586,Technology,62.2522522523,32.2976565476256,32667300000,6172100000.0,0.654221912072575,EUR
301,COLOb.CO,Coloplast A/S,90553476694.3347,Healthcare,71.5261756877,12.5994734523023,27874000000,-1296000000.0,5.3475935828877,DKK
302,ESLX.PA,Essilorluxottica SA,90390281774.2235,Healthcare,84.7220053345,15.7513581463383,28491000000,3461000000.0,2.05338809034908,EUR
303,GSK.L,GSK plc,83211604254.87,Healthcare,4.0427055048,7.69456246086547,32667000000,3054000000.0,3.22108345534407,GBp
304,PUBP.PA,Publicis Groupe SA,17462952201.2742,Consumer Cyclicals,41.599062052,5.8980066005,17399000000,1274000000.0,5.25087514585764,EUR
305,REL.L,Relx PLC,43230663316.1543,Technology,1.2897950283,13.2991985526931,9590000000,1124000000.0,2.82072712076891,GBp
306,ELE.MC,Endesa SA,37008370287.7275,Utilities,8.1296953713,8.65062057390908,10535000000,1061000000.0,4.53868194842407,EUR
307,ORAN.PA,Orange SA,46091115875.0804,Technology,11.18718945,6.30758106400982,40396000000,216000000.0,4.33526011560694,EUR
308,AZMT.MI,Azimut Holding SpA,4631417888.01,Financials,13.6591097307,5.94678783879517,1469607000,195405000.0,6.18620476337767,EUR
309,SUNB.L,Sunbelt Rentals Holdings Inc,20317273202.9441,Financials,18.6356033453,7.39559150235547,10791000000,1097000000.0,,GBp
310,RBIV.VI,Raiffeisen Bank International AG,12032611336.18,Financials,64.262195122,-1.60701034454286,,1100000000.0,4.37397484964461,EUR
311,SB1NO.OL,Sparebank 1 Sor-Norge ASA,75579094794.5808,Financials,148.0581295958,31.974795964995,,3532000000.0,5.98503740648379,NOK
312,ACKB.BR,Ackermans & Van Haaren NV,8647812699.14246,Industrials,174.4912706618,15.9727956385862,5961612000,721294000.0,1.76651305683564,EUR
313,SIGNC.S,SIG Group AG,4510796289.6,Basic Materials,6.9529010545,9.66105930544801,3248700000,-234400000.0,0.0,CHF
314,KBCA.BR,Kbc Ancora NV,5322146871.1325,Financials,45.8204077451,17.0479090302552,322919400,,5.08695652173913,EUR
315,SDZ.S,Sandoz Group AG,26620000000.0,Healthcare,21.7222222222,15.3742300318251,11157000000,339000000.0,1.32231404958678,CHF
316,SRG.MI,Snam SpA,21482616750.6968,Energy,,13.3721754550865,3885000000,,4.73362582262614,EUR
317,AV.L,Aviva PLC,18123266338.686,Financials,3.7429071804,3.2500070395028,,-193000000.0,6.62285136501517,GBp
318,ZAB.WA,Zabka Group SA,21664545370.059,Consumer Non-Cyclicals,2.5240214982,7.72168424185014,27152564000,1323784000.0,,PLN
319,DIOR.PA,Christian Dior SE,78426905551.68,Consumer Cyclicals,135.9510068645,6.20165668910445,80807000000,7721000000.0,3.2964499769479,EUR
320,QQ.L,QinetiQ Group PLC,2353487602.3437,Industrials,1.11199858,8.45384180631825,1931600000,-238400000.0,2.03005832211754,GBp
321,INCH.L,Inchcape PLC,2825847992.03299,Consumer Cyclicals,3.3512883651,5.04371740417868,9100000000,254000000.0,4.1015873015873,GBp
322,AKZO.AS,Akzo Nobel NV,8408407184.77304,Basic Materials,27.2480281148,7.88844912723784,10158000000,359000000.0,4.03422982885086,EUR
323,WIHL.ST,Wihlborgs Fastigheter AB,25301805924.2146,Real Estate,79.0789358124,19.3542403722565,4354000000,,4.02439024390244,SEK
324,NEKG.DE,Nemetschek SE,7149450000.0,Technology,8.0457512485,19.7555363354431,1191232000,217486000.0,1.09854604200323,EUR
325,ESSITYb.ST,Essity AB (publ),167382456969.512,Consumer Non-Cyclicals,124.2743105951,7.61674278372275,138494000000,6994000000.0,3.62619146290924,SEK
326,ACLN.S,Accelleron Industries AG,6685875000.0,Industrials,5.0822910566,23.9507657095008,1263084000,80846000.0,1.76678445229682,CHF
327,SAND.ST,Sandvik AB,432386827658.1,Basic Materials,74.2721937267,15.7385974279652,120680000000,11029000000.0,1.74064403829417,SEK
328,METSO.HE,Metso Oyj,12001580164.9251,Industrials,3.2162499154,13.5559257134696,5240000000,206000000.0,2.76720857834659,EUR
329,GBFG.DE,Bilfinger Se,3692945730.4,Industrials,35.8265764487,8.17759395235871,5427000000,158400000.0,2.85132382892057,EUR
330,ZALG.DE,Zalando SE,5317983197.01,Technology,10.8517665131,5.3421682127158,12346100000,395100000.0,0.0,EUR
331,ANDR.VI,Andritz AG,6499772724.75795,Industrials,25.077502237,7.32256497449601,7883100000,243600000.0,4.32692307692308,EUR
332,PHG.AS,Koninklijke Philips NV,22644805842.7338,Healthcare,11.5561581884,8.97674933442389,17834000000,931000000.0,3.62010221465077,EUR
333,DAST.PA,Dassault Systemes SE,22309794780.4692,Technology,6.6751442454,11.4851264511679,6235800000,1225200000.0,1.6260162601626,EUR
334,LAND.L,Land Securities Group PLC,3985495968.59485,Real Estate,8.7671601615,18.5728173230323,842000000,95000000.0,7.66917293233083,GBp
335,INF.L,Informa PLC,9577529036.23255,Industrials,4.3447088562,10.8082578177362,4041400000,-77300000.0,2.94748124330118,GBp
336,TENR.MI,Tenaris SA,27239391171.3,Energy,16.4402668857,10.0335059846187,11981157000,1071905000.0,2.97532963643611,EUR
337,III.L,3i Group PLC,23803812732.18,Financials,25.4925404617,3.81355394990408,5155000000,4409000000.0,3.40077486009471,GBp
338,RMV.L,Rightmove PLC,3151471014.85049,Technology,0.106550887,10.46061099631,425129000,136651000.0,2.5756475429678,GBp
339,CCH.L,Coca Cola HBC AG,15420808340.7,Consumer Non-Cyclicals,10.5853524229,10.8052784627454,11604500000,239100000.0,2.04715092784793,GBp
340,PSHG_p.DE,Porsche Automobil Holding SE,4742281250.0,Consumer Cyclicals,123.4840816327,3.35504479522185,2981000000,2068000000.0,4.87568614788505,EUR
341,HSX.L,Hiscox Ltd,4893303221.6,Financials,11.8060208672,7.55093663242693,,479700000.0,2.45192617721143,GBp
342,YAR.OL,Yara International ASA,137297112953.0,Basic Materials,34.2446890798,6.24602012803514,15623000000,1382000000.0,4.08163265306122,NOK
343,ACCP.PA,Accor SA,9504091537.87262,Consumer Cyclicals,17.899559203,10.6926806549,5639000000,305000000.0,3.33910462527826,EUR
344,ADDTb.ST,Addtech AB,80561735824.3723,Industrials,24.5599991105,24.3042858508822,21796000000,1887000000.0,1.03626943005181,SEK
345,BOL.ST,Boliden AB,133421593667.876,Basic Materials,271.6753527647,6.84599628418875,93509000000,2694000000.0,2.35193500106906,SEK
346,HSBA.L,HSBC Holdings PLC,206102878344.0,Financials,11.3745911517,11.3030341910386,,9904000000.0,4.66541140594158,GBp
347,HOCM.L,Hochschild Mining PLC,2945274523.2,Basic Materials,1.4026140132,7.91164374034947,1182148000,194378000.0,0.781666539134433,GBp
348,CBKG.DE,Commerzbank AG,34456283719.2,Financials,30.0475135134,-1.05950462012309,,1988000000.0,3.59947643979058,EUR
349,AMV0n.DE,Aumovio Se,3357711257.96,Consumer Cyclicals,87.4753962954,2.94938733233017,19648000000,-101000000.0,,EUR
350,KGH.WA,KGHM Polska Miedz SA,52129643560.6163,Basic Materials,164.14,7.93151438692331,36366000000,978000000.0,0.0,PLN
351,BCU.MI,Brunello Cucinelli SpA,4888691238.35869,Consumer Cyclicals,8.0325598036,14.4215938411706,1407951000,112134000.0,1.44887155196433,EUR
352,MAP.MC,Mapfre SA,11517077175.6617,Financials,3.0712164235,2.07328699801415,,761400000.0,4.43390465988216,EUR
353,DLN.L,Derwent London PLC,1701207574.35,Real Estate,32.2101549345,19.2009149060756,406300000,-88000000.0,5.37953795379538,GBp
354,IG.MI,Italgas SpA,9955329367.47245,Utilities,4.0329429777,10.40579566059,3508303000,-17879000.0,4.41717791411043,EUR
355,SOGN.PA,Societe Generale SA,46890758633.3069,Financials,90.3620157887,-1.88400480587232,,6690000000.0,2.58509955041747,EUR
356,LOTB.BR,Lotus Bakeries NV,7821485733.64869,Consumer Non-Cyclicals,1058.2061256648,29.0576960690809,1335061000,,0.940438871473354,EUR
357,UCB.BR,Ucb SA,49092259586.2971,Healthcare,57.1589372972,18.9062212018634,7741000000,1472000000.0,0.575396825396825,EUR
358,G1AG.DE,GEA Group AG,9694839091.2,Industrials,15.0398957695,10.375434270335,5495356000,183436000.0,2.18303946263644,EUR
359,GLEN.L,Glencore PLC,63183154329.656,Basic Materials,3.2574242827,11.9726385920255,247535000000,-232000000.0,2.34045194182066,GBp
360,LOOMIS.ST,Loomis AB,28972160858.4492,Industrials,176.7452135493,5.03550218340611,30427000000,2403000000.0,4.74608448030375,SEK
361,BMED.MI,Banca Mediolanum SpA,12617241868.1706,Financials,6.0798761482,7.84133362478959,,,7.39644970414201,EUR
362,UHR.S,Swatch Group AG,8966059943.2864,Consumer Cyclicals,222.7374453223,14.0986737334882,6280000000,-237000000.0,2.63774912075029,CHF
363,MICP.PA,Compagnie Generale des Etablissements Michelin SCA,19971583593.8298,Consumer Cyclicals,,4.85032056555259,25992000000,,4.75862068965517,EUR
364,ATCOa.ST,Atlas Copco AB,762950749290.382,Industrials,22.6350298729,17.5223512777675,168343000000,15110000000.0,2.80898876404494,SEK
365,NEXS.PA,Nexans SA,4994721991.95685,Industrials,45.7961120363,7.65153092307691,7810000000,-30000000.0,2.54385964912281,EUR
366,SJP.L,St James's Place PLC,6137364174.07898,Financials,2.7823142051,4.67995379363849,,462200000.0,1.54307758251179,GBp
367,BLND.L,British Land Company PLC,3450577501.04904,Real Estate,5.9355509356,21.2175031353333,454000000,,6.66666666666667,GBp
368,UPM.HE,UPM-Kymmene Oyj,13684494703.3756,Basic Materials,18.923326661,12.8058029437222,9656000000,-188000000.0,5.79374275782155,EUR
369,TELIA.ST,Telia Company AB,187068087612.287,Technology,12.9877495174,8.17438672656915,80982000000,1136000000.0,4.32489451476793,SEK
370,NIBEb.ST,Nibe Industrier AB,65585155003.7494,Industrials,15.0243060684,13.1415655287926,40841000000,4418000000.0,0.954979536152797,SEK
371,SAGAb.ST,Sagax AB,61195407923.181,Real Estate,91.719388853,23.2458665233038,5378000000,,2.22088835534214,SEK
372,AAL.L,Anglo American PLC,36060118825.92,Basic Materials,15.8560545817,9.99021165000125,18546000000,-2297000000.0,0.563217476315052,GBp
373,BNZL.L,Bunzl plc,7054650897.56237,Industrials,8.5921133703,8.05761523296949,11845400000,550800000.0,3.42421441774492,GBp
374,BNPP.PA,BNP Paribas SA,89457786640.4253,Financials,112.115840917,4.29507683472658,,12625000000.0,6.36408485446473,EUR
375,ALCC.S,Alcon AG,29512282000.0,Healthcare,44.6755879968,14.3843557219042,10401000000,1441000000.0,0.474094141550965,CHF
376,AMUN.PA,Amundi SA,15017470265.9587,Financials,,8.38887321233026,3342000000,,5.84996558843771,EUR
377,SAF.PA,Safran SA,116649711093.332,Industrials,35.5099317371,18.9296380440361,31189000000,5962000000.0,1.20330459770115,EUR
378,ENEI.MI,Enel SpA,93130211884.4437,Utilities,2.9601230778,7.86109890186389,78057000000,-330000000.0,5.35753334791166,EUR
379,SHLG.DE,Siemens Healthineers AG,40337280000.0,Healthcare,16.109616834,10.7240400736046,23375000000,1682000000.0,2.79642058165548,EUR
380,GL9.I,Glanbia PLC,4086480960.53,Consumer Non-Cyclicals,7.6920190912,10.3334486002829,3946400000,129500000.0,2.78157842553837,EUR
381,BMPS.MI,Banca Monte dei Paschi di Siena SpA,22814728204.9962,Financials,15.8247648733,25.7953222847084,,1693707000.0,11.4712551687342,EUR
382,MWDP.PA,Wendel SE,3227522520.21886,Financials,82.8265377537,5.7981509828428,7567900000,146700000.0,5.11627906976744,EUR
383,ADSGn.DE,Adidas AG,23769000000.0,Consumer Cyclicals,32.3478115552,8.67165109034268,24811000000,1664000000.0,2.12040893600909,EUR
384,UBSG.S,UBS Group AG,98175670757.32,Financials,28.6241044735,6.59163225773578,,6048000000.0,3.74404356705242,CHF
385,ELI.BR,Elia Group SA,13830237603.1189,Utilities,80.6143393862,14.8386344526699,4442200000,-3796700000.0,1.61927330173776,EUR
386,HNRGn.DE,Hannover Rueck SE,31089941145.2,Financials,107.1893682155,10.0300599096844,,1688200000.0,4.84871993793638,EUR
387,HIAB.HE,Hiab Oyj,2241693574.87274,Industrials,15.6929770044,7.99560726650905,1556300000,1300000.0,2.88461538461539,EUR
388,LIGHT.AS,Signify NV,2241839638.27501,Consumer Cyclicals,21.7158176944,4.8429027379087,5765000000,150000000.0,8.59802847754655,EUR
389,DGE.L,Diageo PLC,31398304131.2193,Consumer Non-Cyclicals,4.9909990999,11.7547061750076,20245000000,-498000000.0,4.40323122569664,GBp
390,SFZN.S,Siegfried Holding AG,3323739685.69273,Healthcare,25.7797989031,11.8723377536669,1327834000,15036000.0,0.546448087431694,CHF
391,PKO.WA,Powszechna Kasa Oszczednosci Bank Polski SA,107750000000.0,Financials,46.8112,6.34366121683194,,3716000000.0,6.35730858468677,PLN
392,RACE.MI,Ferrari NV,53968909771.7,Consumer Cyclicals,21.933434386,20.0751071721708,7145768000,788560000.0,1.29895795903701,EUR
393,LEGn.DE,LEG Immobilien SE,4092158820.0,Real Estate,115.8874079698,20.7024416921197,1377300000,1341000000.0,5.39242843951985,EUR
394,PRU.L,Prudential PLC,26191185867.84,Financials,7.7972868217,9.22614264866341,,4022000000.0,1.92904146985077,GBp
395,BIRG.I,Bank of Ireland Group PLC,14668883947.7311,Financials,13.3027806385,0.006672773049883,,543000000.0,4.54840805717999,EUR
396,MONC.MI,Moncler SpA,13800369343.9861,Consumer Cyclicals,,12.8685185084622,3132128000,,2.79218189070602,EUR
397,TEPRF.PA,Teleperformance SE,2819106051.37264,Industrials,69.8221078573,3.56990687395558,10209000000,735000000.0,9.57243139757498,EUR
398,VIE.PA,Veolia Environnement SA,23683209509.4038,Utilities,14.890260631,6.42897582388338,44396000000,478000000.0,4.70514429109159,EUR
399,EXPN.L,Experian PLC,22620524995.48,Industrials,5.5295404814,12.6293219536296,7523000000,729000000.0,1.89420695165801,GBp
400,HEIG.DE,Heidelberg Materials AG,31366526810.25,Basic Materials,102.2321026565,8.55129148451822,21460200000,1717000000.0,2.02417767781839,EUR
401,UMI.BR,Umicore SA,3958451329.82941,Basic Materials,9.3174512354,4.10273170206116,19374100000,272300000.0,3.11720698254364,EUR
402,ITPG.MI,Interpump Group SpA,3557209921.47361,Industrials,19.7133339351,8.41877830359055,2070684000,193323000.0,1.07296137339056,EUR
403,EPIRa.ST,Epiroc AB,261418389367.545,Industrials,34.9590072737,17.79746149688,61998000000,5095000000.0,1.70174652933274,SEK
404,NAFG.DE,Aurubis AG,6608638281.0,Basic Materials,114.8445910351,6.61166661677788,18171000000,-60000000.0,1.08843537414966,EUR
405,BMWG.DE,Bayerische Motoren Werke AG,47912497709.53,Consumer Cyclicals,155.9754147658,7.21228401893898,133453000000,2021000000.0,5.65698122910774,EUR
406,EVOG.ST,Evolution AB (publ),112740436126.8,Consumer Cyclicals,20.1022042085,6.8172180167506,2118207000,514806000.0,0.0,SEK
407,DPLM.L,Diploma PLC,7894174752.35175,Industrials,7.3812670944,22.191518629024,1524500000,182600000.0,1.06586826347305,GBp
408,BWY.L,Bellway PLC,2102275287.04,Consumer Cyclicals,29.973687684,7.35049116646383,2782800000,81100000.0,3.98230088495575,GBp
409,AXAF.PA,AXA SA,79463467541.2609,Financials,22.2714825307,7.75587624132286,,,6.1133069828722,EUR
410,UNI.MC,Unicaja Banco SA,6423210461.17026,Financials,2.7533012983,3.50522498347156,,248148000.0,6.90697674418604,EUR
411,NWG.L,NatWest Group PLC,43336066368.7176,Financials,5.2904868356,7.05740880546612,,3947000000.0,6.02074842534272,GBp
412,DEMANT.CO,Demant A/S,39851640848.302,Healthcare,46.5761203918,15.0536638301214,22971000000,3234000000.0,0.0,DKK
413,CRDI.MI,UniCredit SpA,90951277434.6302,Financials,44.0855022139,9.54654819735609,,5846000000.0,5.22915974759216,EUR
414,WDPP.BR,Warehouses de Pauw NV,5214151112.58612,Real Estate,21.7681322624,20.6137797816948,496794000,173460000.0,5.55555555555556,EUR
415,ELIS.PA,Elis SA,5625111744.77517,Industrials,16.3274000668,5.64060148723276,4796800000,392200000.0,1.99004975124378,EUR
416,TOM.OL,Tomra Systems ASA,32842847780.4618,Industrials,1.9744691031,13.8399244175408,1318300000,26500000.0,1.94570135746606,NOK
417,CWK.L,Cranswick PLC,2800021487.75931,Consumer Non-Cyclicals,18.4375058323,9.80350771556694,2723300000,37100000.0,2.00779727095517,GBp
418,ACS.MC,ACS Actividades de Construccion y Servicios SA,27889270083.2522,Industrials,18.6501240529,11.5954556874279,49847681000,1014207000.0,1.96058832390244,EUR
419,BKT.MC,Bankinter SA,11977391502.05,Financials,7.1328585128,15.9276342575109,,495747000.0,4.55115242026266,EUR
420,ACPP.WA,Asseco Poland SA,13456640409.3034,Technology,80.5761075842,6.84216793777417,17132000000,1530500000.0,2.43811881188119,PLN
421,GETP.PA,Getlink SE,9700682434.30152,Industrials,5.1093477954,15.4394644935972,1595000000,43000000.0,4.54287336740488,EUR
422,STLAM.MI,Stellantis NV,17079659247.19,Consumer Cyclicals,18.5541957157,2009.47870294938,153508000000,-25161000000.0,0.0,EUR
423,KCRA.HE,Konecranes Oyj,6692666618.88,Industrials,8.7837128738,9.46336272841617,4187800000,356200000.0,7.99005681818182,EUR
424,MBK.WA,mBank SA,46163187105.2342,Financials,503.5814312223,1.39146471989596,,3279610000.0,0.0,PLN
425,ELISA.HE,Elisa Oyj,7072609345.82547,Technology,7.8035924562,10.6132162858557,2257100000,-20200000.0,4.19431279620853,EUR
426,SBRY.L,J Sainsbury PLC,7556920109.99249,Consumer Non-Cyclicals,2.853771561,5.58856487898756,32812000000,502000000.0,4.35240963855422,GBp
427,SWECb.ST,Sweco AB (publ),47794461247.6427,Industrials,34.4580519557,11.0748248017437,31586000000,2093000000.0,2.82227307398932,SEK
428,SGSN.S,SGS SA,16326231777.24,Industrials,4.6927083333,12.2243221424561,6945000000,706000000.0,3.81770460510618,CHF
429,SCHP.S,Schindler Holding AG,27078548613.2414,Industrials,47.2127924256,13.4820072158132,10947000000,657000000.0,2.64385692068429,CHF
430,NTGY.MC,Naturgy Energy Group SA,24899868375.2592,Utilities,10.0407283627,7.53710322073472,19455000000,-83000000.0,6.90327613104524,EUR
431,ADEN.S,Adecco Group AG,3127681237.77,Industrials,20.1671635099,7.03288439000162,23082000000,203000000.0,5.3850296176629,CHF
432,SPSN.S,Swiss Prime Site AG,10624160018.7406,Real Estate,88.5765663283,39.9678846945888,552394000,110688000.0,2.65352539802881,CHF
433,SOF.BR,Sofina SA,7637471062.65567,Financials,321.2723757014,75.0434889643916,171013000,,1.67146896053898,EUR
434,IPN.PA,Ipsen SA,13238269824.6816,Healthcare,52.459860524,9.23482687481206,3929200000,383400000.0,0.887761572606214,EUR
435,FRES.L,Fresnillo PLC,23403740386.64,Basic Materials,5.2318800262,14.286008463635,3496385000,398860000.0,3.0317766794749,GBp
436,IMB.L,Imperial Brands PLC,24184657571.7151,Consumer Non-Cyclicals,5.8486905917,7.73566217309036,32171000000,953000000.0,5.21365853658537,GBp
437,RWEG.DE,RWE AG,40658360921.22,Utilities,47.2495591956,9.41868341646306,17628000000,-5673000000.0,2.1953896816685,EUR
438,TUB.BR,Financiere de Tubize SA,9117095359.41374,Healthcare,42.3601393763,,,46913880.0,0.528117359413203,EUR
439,VLOF.PA,Valeo SE,2515274584.74456,Consumer Cyclicals,,2.52986934179207,20903000000,,4.10757946210269,EUR
440,JDEP.AS,JDE Peets NV,15519078841.3539,Consumer Non-Cyclicals,23.0546959221,14.6609216276314,9921000000,550000000.0,0.0,EUR
441,WLSNc.AS,Wolters Kluwer NV,14513120985.355,Industrials,3.4545454545,9.03493476270058,6125000000,903000000.0,4.04364569961489,EUR
442,LLOY.L,Lloyds Banking Group PLC,53040199641.4584,Financials,0.7972570664,11.7067163827041,,-89000000.0,4.03582485625829,GBp
443,HEIO.AS,Heineken Holding NV,17467564971.4715,Consumer Non-Cyclicals,30.6996136011,6.92633841683609,28746000000,693000000.0,3.13790255986788,EUR
444,SRENH.S,Swiss Re AG,38405817820.5,Financials,86.7526780197,8.58792665674401,,2640000000.0,4.78381952547647,CHF
445,BEZG.L,Beazley PLC,7601785608.08,Financials,7.9702225131,8.66568379995121,,733700000.0,1.97160883280757,GBp
446,NHY.OL,Norsk Hydro ASA,183978194096.151,Basic Materials,50.679485491,7.71191495734076,207971000000,2471000000.0,3.23904124379184,NOK
447,CPRI.MI,Davide Campari Milano NV,7561968926.08544,Consumer Non-Cyclicals,3.2181435613,12.4701178094439,3051200000,104100000.0,1.63078930202218,EUR
448,AEGN.AS,Aegon Ltd,9535445276.63374,Financials,6.0257744337,11.024346081655,,452000000.0,6.60938532716457,EUR
449,STERV.HE,Stora Enso Oyj,7801711580.74552,Basic Materials,13.6897366753,11.5832456834706,9326000000,183000000.0,2.53858651502843,EUR
450,IMI.L,IMI PLC,6342019338.24,Industrials,4.4470729751,12.5609128669836,2304000000,244100000.0,1.31944444444445,GBp
451,PRX.AS,Prosus NV,92112860209.92,Technology,21.2257173579,213.450173663776,6170000000,12266000000.0,0.516528925619835,EUR
452,ROPC.S,Roche Holding AG,255002025829.614,Healthcare,42.4648241206,11.0988823060112,61516000000,854000000.0,3.136,CHF
453,PNN.L,Pennon Group PLC,2455952085.33,Utilities,4.0171983356,16.0435496885698,1047800000,-665300000.0,5.543961352657,GBp
454,G24n.DE,Scout24 SE,4656225000.0,Technology,20.4868042217,14.794388074191,649561000,170788000.0,2.36779794790845,EUR
455,BGEO.L,Lion Finance Group PLC,4030631379.25,Financials,195.8475185941,6.51513574738023,,6997405000.0,3.09160380697051,GBp
456,ZELA.CO,Zealand Pharma A/S,20632735962.0711,Healthcare,210.361275948,0.843922759555659,9214860000,6413307000.0,0.0,DKK
457,ALSYDB.CO,AL Sydbank A/S,43178513823.0659,Financials,718.9816784333,9.59754584557965,,567000000.0,4.97512437810945,DKK
458,NOKIA.HE,Nokia Oyj,39488020030.4489,Technology,3.8713958739,14.4466511565576,19889000000,261000000.0,0.0,EUR
459,CAMX.ST,Camurus AB,27094507009.1977,Healthcare,71.5027562582,26.0032391699502,2265378000,622050000.0,0.0,SEK
460,SPIE.PA,Spie SA,7254018082.41843,Industrials,12.7949811146,8.63623737106213,10397000000,340700000.0,2.53759398496241,EUR
461,NXT.L,Next PLC,15054560324.9028,Consumer Cyclicals,14.2224681462,9.90067859583997,6901300000,770800000.0,2.16390795316916,GBp
462,FDJU.PA,FDJ United,4546230256.33933,Consumer Cyclicals,5.2671609052,6.90506380043684,3677500000,30400000.0,8.57142857142857,EUR
463,GEBN.S,Geberit AG,18130676238.1765,Consumer Cyclicals,46.0522721064,19.7246887592709,3162900000,174800000.0,2.42299023290759,CHF
464,RAAG.DE,Rational AG,6975495000.0,Consumer Cyclicals,82.7434476693,17.5100009199981,1259558000,86609000.0,3.2599837000815,EUR
465,BRBY.L,Burberry Group PLC,3726090926.69421,Consumer Cyclicals,2.5566433566,9.29844109189637,2461000000,35000000.0,4.15976619581101,GBp
466,TLIT.MI,Telecom Italia SpA,13325261491.3964,Technology,0.5747025812,5.2399452660166,13734000000,1729000000.0,,EUR
467,KNEBV.HE,Kone Oyj,24973442550.7341,Industrials,5.4023676638,14.2969482548723,11245200000,226800000.0,3.27153762268266,EUR
468,SAN.MC,Banco Santander SA,138325473676.871,Financials,6.9286694335,12.046854763913,,6128000000.0,2.55264837268666,EUR
469,PRTP.PA,Kering SA,30693417116.1751,Consumer Cyclicals,119.9463544701,12.3642690008635,14675000000,577000000.0,1.20821586790173,EUR
470,NDXG.DE,Nordex SE,10328151899.52,Industrials,5.4025758303,11.5191468386856,7553549000,276559000.0,0.0,EUR
471,PNDORA.CO,Pandora A/S,36398869723.525,Consumer Cyclicals,68.6347951904,4.85544174806482,32549000000,4303000000.0,4.78260869565217,DKK
472,AYV.PA,Ayvens SA,7725293750.04419,Industrials,13.537285412,5.51476892802951,25131300000,8843600000.0,10.2642276422764,EUR
473,ZURN.S,Zurich Insurance Group AG,84058081991.4,Financials,199.9880771618,10.1874930513012,,2887000000.0,5.47645125958379,CHF
474,ABI.BR,Anheuser-Busch Inbev SA,106070944549.96,Consumer Non-Cyclicals,43.9954637097,9.08475327094286,59320000000,5324000000.0,1.94849203659776,EUR
475,HEXAb.ST,Hexagon AB,232065277744.96,Technology,3.8082192597,10.9123835276773,5422700000,220400000.0,1.65339621740103,SEK
476,ASMI.AS,ASM International NV,32143460715.2997,Technology,81.7510204082,25.9402396603553,3173200000,347600000.0,0.499538887181064,EUR
477,HEIN.AS,Heineken NV,37591163791.3854,Consumer Non-Cyclicals,32.2895285533,8.71998887768421,28746000000,693000000.0,2.9158993247391,EUR
478,KGF.L,Kingfisher PLC,4671444135.48703,Consumer Cyclicals,3.5228832952,4.91470043851998,12945000000,293000000.0,4.51073117497272,GBp
479,AVOL.S,Avolta AG,6709014903.52649,Consumer Cyclicals,13.3134958055,5.79272892211881,13983000000,1622000000.0,2.11954217888936,CHF
480,BTRW.L,Barratt Redrow PLC,3646339590.88033,Consumer Cyclicals,5.7403572731,6.52562887200062,5578300000,-42700000.0,6.6875244427063,GBp
481,ARGX.BR,argenx SE,37646901567.3022,Healthcare,119.4726173278,36.5141225152735,4151316000,1208457000.0,0.0,EUR
482,LIFCOb.ST,Lifco AB (publ),119451385622.011,Consumer Non-Cyclicals,42.1403798514,18.135200786088,28251000000,3964000000.0,0.961538461538461,SEK
483,KSP.I,Kingspan Group PLC,12940986572.2435,Consumer Cyclicals,24.7083664109,12.5357235947809,9199000000,565700000.0,0.774058577405858,EUR
484,EZJ.L,Easyjet PLC,2680632435.69186,Industrials,4.6577896138,1.40069571138265,10106000000,236000000.0,3.75319874893375,GBp
485,VNAn.DE,Vonovia SE,17847417204.96,Real Estate,32.973678861,22.8693777909506,5061300000,3235800000.0,5.94106463878327,EUR
486,AIRP.PA,L'Air Liquide Societe Anonyme pour l'Etude et l'Exploitation des Procedes Georges Claude SA,100340177519.372,Basic Materials,45.4478587682,13.591899119639,26940200000,403900000.0,2.1394703365329,EUR
487,JMAT.L,Johnson Matthey PLC,3180262374.71551,Basic Materials,13.0422337078,7.55520231970371,11674000000,49000000.0,4.09139213602551,GBp
488,BMEB.L,B&M European Value Retail SA,1601776103.51971,Consumer Cyclicals,0.7494623206,5.01669104853471,5571000000,159000000.0,8.32807570977918,GBp
489,REY.MI,Reply SpA,2926412623.89134,Technology,34.7826145113,5.29355834836716,2295938000,194891000.0,1.72855313700384,EUR
490,BCP.LS,Banco Comercial Portugues SA,11980889850.4472,Financials,0.5230236868,5.29574701862145,,717528000.0,3.71287128712871,EUR
491,SIKA.S,Sika AG,20621589150.5,Basic Materials,41.4842000253,12.2667647360392,11201300000,922800000.0,2.87937743190662,CHF
492,SAVE.ST,Nordnet AB (publ),73178575558.2718,Financials,33.5451990831,36.0270177325939,6569000000,943000000.0,2.9512697323267,SEK
493,ABNd.AS,ABN Amro Bank NV,16446258887.8458,Financials,32.5936373676,17.8188719200722,,948000000.0,5.77861163227017,EUR
494,BC8G.DE,Bechtle AG,3437280000.0,Technology,16.266015873,7.50279619894866,6405874000,178375000.0,2.56598240469208,EUR
495,ANA.MC,Acciona SA,11724760046.7194,Industrials,86.3730935883,6.97191258426211,20236000000,114000000.0,2.47612246954077,EUR
496,SUN.S,Sulzer AG,5572136530.16093,Industrials,38.3214874414,10.448035734767,3555400000,55200000.0,2.9320987654321,CHF
497,LEGD.PA,Legrand SA,33843330531.6143,Industrials,27.8373342839,17.3377607296453,9480600000,844800000.0,1.84710904152115,EUR
498,SOPR.PA,Sopra Steria Group SA,2360515722.60502,Technology,107.1837816729,4.63551517177011,5648000000,351600000.0,4.6207497820401,EUR
499,SKAb.ST,Skanska AB,98896477936.3255,Industrials,149.6695874035,10.594079591326,176658000000,2132000000.0,5.68874441284031,SEK
500,SPX.L,Spirax Group PLC,4895695197.87178,Industrials,16.5820895522,13.5556512039264,1702900000,79200000.0,2.57771038665656,GBp
501,LONN.S,Lonza Group AG,34673243743.3345,Healthcare,130.4169659137,18.3264125447863,6531000000,-99000000.0,1.01667344448963,CHF
502,CABK.MC,CaixaBank SA,70707095843.7414,Financials,5.454674221,4.19572945411152,,2479000000.0,4.97512437810945,EUR
503,BEIG.DE,Beiersdorf AG,18176400000.0,Consumer Non-Cyclicals,38.9135478596,9.55728155339807,9852000000,595000000.0,1.33689839572192,EUR
504,TEMN.S,Temenos AG,4850137065.15,Technology,6.9201534675,16.3605492772288,1090830000,221310000.0,2.07561156412157,CHF
505,ORK.OL,Orkla ASA,119343739583.045,Consumer Non-Cyclicals,48.828111282,13.7404833251512,71547000000,-3035000000.0,5.0547598989048,NOK
506,NOVN.S,Novartis AG,242428396302.26,Healthcare,23.7906137184,13.7626140407221,56330000000,6993000000.0,3.1055900621118,CHF
507,UMG.AS,Universal Music Group NV,28575435909.7367,Consumer Cyclicals,,14.1025868394223,12507000000,963000000.0,3.34297653487625,EUR
508,WTB.L,Whitbread PLC,3811878088.76704,Consumer Cyclicals,18.5973229225,9.00919818562685,2921900000,-20800000.0,4.29203539823009,GBp
509,BAKKA.OL,P/F Bakkafrost,25953316817.0,Consumer Non-Cyclicals,186.2351515119,14.7895186715504,7007147000,-328019000.0,1.20288400032906,NOK
510,MYCR.ST,Mycronic AB (publ),41944605785.4931,Technology,36.418870805,16.1458905276561,7938000000,1890000000.0,1.52296157450797,SEK
511,NOD.OL,Nordic Semiconductor ASA,29228048080.0,Technology,3.5136936369,42.46069145946,667619000,2152000.0,0.0,NOK
512,SCOR.PA,Scor SE,5430705208.82549,Financials,24.7793257471,5.13780183794643,,560000000.0,6.28722700198544,EUR
513,DB1Gn.DE,Deutsche Boerse AG,44507070000.0,Financials,61.7736193443,13.7234761427139,7415000000,1488000000.0,1.75805776475513,EUR
514,DANO.PA,Danone SA,45834188075.7102,Consumer Non-Cyclicals,26.3058274638,11.4281556945364,27283000000,387000000.0,3.35020845741513,EUR
515,BFT.WA,Benefit Systems SA,11376100089.5049,Industrials,742.3506493915,11.181584407321,4522683000,552825000.0,0.0,PLN
516,WPP.L,WPP PLC,2524225913.60211,Consumer Cyclicals,2.3605947955,4.01656338999767,13550000000,-254000000.0,6.44606789858187,GBp
517,HRMS.PA,Hermes International SCA,171449134764.684,Consumer Cyclicals,179.7090716166,21.5144459861278,16002000000,1356000000.0,1.11008325624422,EUR
518,MT.AS,ArcelorMittal SA,33720250000.0,Basic Materials,71.3840104849,8.74962018630381,61352000000,1430000000.0,1.17111960498136,EUR
519,NOVOb.CO,Novo Nordisk A/S,775899148735.004,Healthcare,43.6747693,5.50618982230379,309064000000,-24775999999.9999,5.12035010940919,DKK
520,IVG.MI,Iveco Group NV,5180214140.0,Industrials,10.3759398496,5.41311120102762,13428000000,342000000.0,1.72774869109948,EUR
521,VTYV.L,Vistry Group PLC,1091032619.94,Consumer Cyclicals,10.1700825941,6.04018234548427,3613700000,201400000.0,0.0,GBp
522,BBVA.MC,Banco Bilbao Vizcaya Argentaria SA,102247629417.0,Financials,9.9786012526,5.29628721806384,,6642000000.0,5.13679508654383,EUR
523,CVC.AS,CVC Capital Partners PLC,11487052493.73,Financials,1.5222929038,11.8575690783938,1853447000,902357000.0,4.31930211202938,EUR
524,KBC.BR,Kbc Groep NV,43128532932.8107,Financials,70.2846347607,3.41277383968213,,,4.9466537342386,EUR
525,AIBG.I,AIB Group PLC,18282808892.8315,Financials,6.6739298198,-3.64005375025358,,798000000.0,6.83605600933489,EUR
526,PUMG.DE,Puma SE,3177730171.22,Consumer Cyclicals,11.9455939217,,7296200000,-548600000.0,0.0,EUR
527,SEBa.ST,Skandinaviska Enskilda Banken AB,350081133612.37,Financials,115.6519337017,21.3557044734714,,9038000000.0,6.44405389572349,SEK
528,SWEDa.ST,Swedbank AB,349827620511.309,Financials,200.8375904399,14.9320428466548,,10072000000.0,6.641766807405,SEK
529,MOWI.OL,Mowi ASA,112523813186.4,Consumer Non-Cyclicals,8.4237810754,12.5321708533126,5720200000,487200000.0,2.88191190253046,NOK
530,RECI.MI,Recordati Industria Chimica e Farmaceutica SpA,10238061105.1905,Healthcare,,12.937916201584,2618400000,,2.74140752864157,EUR
531,SDFGn.DE,K+S AG,2905002000.0,Basic Materials,27.2707984366,2.60542269752005,3647900000,-1219900000.0,0.431565967940814,EUR
532,BALF.L,Balfour Beatty PLC,3668443160.1173,Industrials,2.2905811623,10.8473497158462,9489000000,258000000.0,2.07104557640751,GBp
533,ALLN.S,Allreal Holding AG,3739606511.35058,Real Estate,166.2168102211,34.4883467088949,450200000,104900000.0,3.11804008908686,CHF
534,BOLL.PA,Bollore SE,13592142280.136,Consumer Cyclicals,8.3486206897,,2926000000,,1.65631469979296,EUR
535,BUCN.S,Bucher Industries AG,3534597293.81443,Industrials,177.2598381631,8.08600641539693,2914300000,105700000.0,3.20232896652111,CHF
536,FMEG.DE,Fresenius Medical Care AG,11308154324.46,Healthcare,45.7083192732,6.49828929610918,19627602000,1294824000.0,3.8661131292164,EUR
537,AXFO.ST,Axfood AB,68491774113.7571,Consumer Non-Cyclicals,34.7762472533,10.6104157229903,89152000000,2762000000.0,2.85986653956149,SEK
538,VAR.OL,Var Energi ASA,122385478402.549,Energy,0.2243589744,2.83477525593339,8095600000,-549400000.0,10.0081916854393,NOK
539,TRYG.CO,Tryg A/S,92773256639.1345,Financials,65.5133755097,12.1123446328536,,1355000000.0,5.41254125412541,DKK
540,CAPP.PA,Capgemini SE,16372762986.3967,Technology,68.7815944044,7.12633265089091,22465000000,1465000000.0,3.53430353430353,EUR
541,SYENS.BR,Syensqo NV,5100124527.33739,Basic Materials,59.0544824186,5.943671806919,5969000000,-93000000.0,3.30612244897959,EUR
542,BOUY.PA,Bouygues SA,18908175926.6861,Industrials,34.1983483216,4.78121650782301,56877000000,1142000000.0,4.29272281275552,EUR
543,SSABb.ST,SSAB AB,71390137777.3395,Basic Materials,68.0152518563,5.91523440234027,96220000000,-7150000000.0,2.80347631062518,SEK
544,WBSV.VI,Wienerberger AG,2483407767.96,Basic Materials,25.5984940727,5.8147698099555,4566000000,158000000.0,4.18871252204586,EUR
545,ENR1n.DE,Siemens Energy AG,124343549581.6,Energy,11.863434591,28.6180971425453,39077000000,1655000000.0,0.484764542936288,EUR
546,KOG.OL,Kongsberg Gruppen ASA,335584031396.479,Industrials,25.665052099,61.3131251149426,31562000000,-409000000.0,1.5,NOK
547,AMA.MC,Amadeus IT Group SA,21928581551.3975,Technology,11.0466564138,9.70975956835186,6517000000,582000000.0,3.95061728395062,EUR
548,SHEL.AS,Shell PLC,227517791200.662,Energy,29.6041284715,5.5719154011434,266886000000,13373000000.0,3.06895882709632,EUR
549,BEIJb.ST,Beijer Ref AB (publ),61232566671.5917,Industrials,42.8120258598,11.9570975535867,37067000000,2143000000.0,1.18296529968454,SEK
550,FNTGn.DE,freenet AG,3084281512.12,Technology,12.9854892795,6.68389951312251,2439900000,371300000.0,7.97995373939861,EUR
551,CLNX.MC,Cellnex Telecom S.a,18105403194.6411,Technology,17.6468113133,13.145239640641,4418346000,548163000.0,1.4660610796527,EUR
552,VWS.CO,Vestas Wind Systems A/S,177585157671.0,Energy,3.8725870588,10.8031801079516,18822000000,459000000.0,0.420813193062269,DKK
553,KPN.AS,Koninklijke KPN NV,18139956475.0807,Technology,0.9140585493,9.03332075910963,5798000000,202000000.0,3.84615384615385,EUR
554,ITRK.L,Intertek Group PLC,5603080369.78762,Industrials,6.8755555556,8.86120627039891,3431600000,169400000.0,4.55801104972376,GBp
555,TTEF.PA,TotalEnergies SE,172036806247.785,Energy,52.0211460255,6.5841924703413,182344000000,2130000000.0,4.3317620078991,EUR
556,MTXGn.DE,MTU Aero Engines AG,16005629604.0,Industrials,80.207341742,10.6175194763158,8716000000,707000000.0,1.21252947120243,EUR
557,DSFIR.AS,DSM-Firmenich AG,15368483342.3695,Consumer Non-Cyclicals,70.3586579252,9.83445080164733,9034000000,120000000.0,4.13223140495868,EUR
558,AGES.BR,Ageas SA,12303695542.771,Financials,,9.12716403187614,,,5.66801619433198,EUR
559,SCMN.S,Swisscom AG,34603697924.0,Technology,236.2672895573,7.53999058598727,15048000000,1766000000.0,3.89221556886227,CHF
560,VID.MC,Vidrala SA,2746866589.71401,Basic Materials,40.1317959038,6.68954999602227,1467277000,101953000.0,2.18292682926829,EUR
561,TEF.MC,Telefonica SA,20853470770.3034,Technology,2.5294995927,6.7197308411356,35120000000,-1316000000.0,8.16993464052288,EUR
562,PIRC.MI,Pirelli and C. S.p.a,6397797946.62761,Consumer Cyclicals,,5.99228896944729,6776200000,,4.24592391304348,EUR
563,ZEG.L,Zegona Communications PLC,3739388912.7,Technology,,,3014621000,,,GBp
564,DTGGe.DE,Daimler Truck Holding AG,31259464291.17,Industrials,28.0247074122,10.4198871287306,45530000000,-33000000.0,4.65344109723243,EUR
565,PSON.L,Pearson PLC,5902250774.324,Consumer Cyclicals,5.6011054813,9.70501479989561,3577000000,261000000.0,2.64206332564479,GBp
566,COFB.BR,Cofinimmo SA,3069644926.08523,Real Estate,92.2059594721,21.2006852296325,387377000,,6.46364201367309,EUR
567,KEMIRA.HE,Kemira Oyj,2925734918.93256,Basic Materials,10.9636248749,6.56633482468077,2753500000,81100000.0,3.91147709727226,EUR
568,FHZN.S,Flughafen Zuerich AG,7577222750.0,Industrials,102.5719035917,12.1772256392536,1361100000,-112700000.0,3.44408427876823,CHF
569,BATS.L,British American Tobacco plc,94547221950.65,Consumer Non-Cyclicals,21.9140374943,9.91872059712536,25610000000,4068000000.0,5.54906917949897,GBp
570,AVANZ.ST,Avanza Bank Holding AB,53743985918.3931,Financials,50.3766080255,44.6711400706772,5735000000,805000000.0,3.75773651635721,SEK
571,FLS.CO,FLSmidth & Co A/S,27832314602.8758,Basic Materials,169.0481268216,10.3410868205669,14612000000,188000000.0,0.829875518672199,DKK
572,GALD.S,Galderma Group AG,35728193019.2431,Consumer Non-Cyclicals,34.5713649232,37.8994614691946,5241000000,741000000.0,0.233957219251337,CHF
573,SCAb.ST,Svenska Cellulosa Aktiebolaget SCA,77074707458.5168,Basic Materials,144.5925925926,19.0214465355015,20427000000,417000000.0,2.74348422496571,SEK
574,ISP.MI,Intesa Sanpaolo SpA,88912616431.8781,Financials,3.6689080864,4.26018765433115,,,7.04197724597882,EUR
575,VIS.MC,Viscofan SA,2715199529.73721,Basic Materials,19.9326917374,10.1361300334208,1251983000,112075000.0,5.38424661406518,EUR
576,VOD.L,Vodafone Group PLC,25475685978.586,Technology,2.017094344,4.39290932194181,37448000000,-1406000000.0,3.54067089755213,GBp
577,TRN.MI,Terna Rete Elettrica Nazionale SpA,19219543504.0,Utilities,,11.3176161766957,4033000000,-2236700000.0,4.14348462664714,EUR
578,GF.S,Georg Fischer AG,3265509915.0611,Industrials,-0.1097789369,10.1022467916217,2999000000,-75000000.0,3.40393343419062,CHF
579,SMIN.L,Smiths Group PLC,7157018944.28223,Consumer Non-Cyclicals,6.0167209285,15.1721851603795,2915000000,200000000.0,2.04414335664336,GBp
580,MNDI.L,Mondi PLC,3714927852.48,Basic Materials,10.7236842105,7.80387465804035,7663000000,-364000000.0,2.90637282111479,GBp
581,VERB.VI,Verbund AG,10852359024.913,Utilities,29.7652359915,5.15286922558149,7662756000,-379322000.0,4.94893951296151,EUR
582,BAVA.CO,Bavarian Nordic A/S,15158732028.0673,Healthcare,164.9419169595,4.87753534742411,6243956000,743266000.0,0.0,DKK
583,STB.OL,Storebrand ASA,73627932487.3557,Financials,77.4125874126,,,3625000000.0,3.20665083135392,NOK
584,AUTOA.L,Autotrader Group PLC,3701919623.87396,Technology,0.63804165,9.13904120045444,601100000,210900000.0,2.4368432819137,GBp
585,VZN.S,VZ Holding AG,6032000000.0,Financials,29.8320094106,15.5389748639406,616033000,133489000.0,1.95623342175066,CHF
586,FRO.OL,Frontline PLC,72823289674.5783,Energy,,11.1825586818189,1850344000,,5.17072,NOK
587,RTO.L,Rentokil Initial PLC,11622944657.1901,Industrials,2.177496038,14.3225736886709,6908000000,280000000.0,2.01385052611185,GBp
588,LOIM.PA,Klepierre SA,8918128446.30655,Real Estate,32.5964965898,17.6685534767416,1567000000,745600000.0,6.12113402061856,EUR
589,SUNN.S,Sunrise Communications Ltd,3292152541.61798,Technology,56.1865880346,7.22428357910651,2983400000,458300000.0,7.43155149934811,CHF
590,SLHN.S,Swiss Life Holding AG,23933465301.6,Financials,258.9611869922,6.94830919912855,,251000000.0,4.3514544587506,CHF
591,LAGRb.ST,Lagercrantz Group AB,38574114449.1997,Consumer Non-Cyclicals,18.6215130161,19.4278898719004,9389000000,987000000.0,1.141670991178,SEK
592,WRT1V.HE,Wartsila Oyj Abp,18591460039.5193,Industrials,4.88866399,16.8125510094416,6914000000,381000000.0,3.37902454574434,EUR
593,CCL.L,Carnival PLC,25284917220.7969,Consumer Cyclicals,9.362804878,8.00894388751662,26622000000,1939000000.0,0.604134935809888,GBp
594,TRELb.ST,Trelleborg AB,69154435228.3435,Industrials,159.9689170685,9.81173104755813,34329000000,2198000000.0,2.35501913453047,SEK
595,SIEGn.DE,Siemens AG,160231800000.0,Industrials,79.2823270619,13.8412714144132,78914000000,5180000000.0,2.61102977061981,EUR
596,JMT.LS,Jeronimo Martins SGPS SA,12731649211.9805,Consumer Non-Cyclicals,4.7833168601,6.90135609848934,33464000000,214000000.0,2.92079207920792,EUR
597,EQTAB.ST,EQT AB,342495436198.8,Financials,6.386413285,18.1565689806617,2632400000,634700000.0,1.80310133429499,SEK
598,RILBA.CO,Ringkjoebing Landbobank A/S,37844052225.905,Financials,475.0369789378,12.3609267140089,,,0.806451612903226,DKK
599,SDLF.L,Standard Life PLC,6677072972.91,Financials,0.7372627373,5.95577259317929,,-697000000.0,8.34966088922381,GBp
