Date,RIC,Currency,Price to Earning
2026-02-19,AAF.L,GBp,32.1462184539027
2026-02-19,AAK.ST,SEK,18.7309053877115
2026-02-19,AG1G.DE,EUR,52.3621831718399
2026-02-19,AIR.PA,EUR,29.1829400681299
2026-02-19,ANTO.L,GBp,40.4415403661776
2026-02-19,ASSAb.ST,SEK,28.5250328887962
2026-02-19,BAWG.VI,EUR,13.3552066369397
2026-02-19,BAYGn.DE,EUR,
2026-02-19,BBOXT.L,GBp,9.94104255443349
2026-02-19,BCVN.S,CHF,22.4066008526901
2026-02-19,BKGH.L,GBp,11.8371041726069
2026-02-19,CMBN.S,CHF,15.2355819271085
2026-02-19,CPG.L,GBp,26.8760633436405
2026-02-19,DRX.L,GBp,8.01632956021525
2026-02-19,DSV.CO,DKK,45.9809813076776
2026-02-19,EDEN.PA,EUR,8.60619297974331
2026-02-19,EMII.MI,EUR,9.91436647821749
2026-02-19,EMSN.S,CHF,31.6445922429737
2026-02-19,ENI.MI,EUR,21.0818025518053
2026-02-19,EQNR.OL,NOK,15.356830233088
2026-02-19,FORTUM.HE,EUR,23.0777361504222
2026-02-19,FTKn.DE,EUR,25.111039428302
2026-02-19,GIVN.S,CHF,25.8950798915178
2026-02-19,GMAB.CO,DKK,18.3079941547218
2026-02-19,HOTG.DE,EUR,34.6895199694238
2026-02-19,HUBN.S,CHF,45.7776657423746
2026-02-19,INDT.ST,SEK,32.4615745712924
2026-02-19,JD.L,GBp,7.90922844175492
2026-02-19,KBX.DE,EUR,41.1889123900701
2026-02-19,LHAG.DE,EUR,6.67796535557855
2026-02-19,LPPP.WA,PLN,30.3137131656165
2026-02-19,LTEN.PA,EUR,14.068596051942
2026-02-19,LUNDb.ST,SEK,11.3039014373717
2026-02-19,NSISb.CO,DKK,42.6148433708656
2026-02-19,ORNBV.HE,EUR,19.5537087383008
2026-02-19,PEO.WA,PLN,8.95863057184768
2026-02-19,PUIGb.MC,EUR,15.5034346654522
2026-02-19,QLT.L,GBp,
2026-02-19,RAND.AS,EUR,16.911044761686
2026-02-19,RBREW.CO,DKK,22.1036540685034
2026-02-19,SAPG.DE,EUR,27.3090930610848
2026-02-19,SASY.PA,EUR,19.6204559396584
2026-02-19,SCHN.PA,EUR,34.3138616887421
2026-02-19,SDR.L,GBp,17.4358058853283
2026-02-19,SPL1.WA,PLN,9.79114236884126
2026-02-19,SSE.L,GBp,29.379234066086
2026-02-19,STMMI.MI,EUR,33.3819882575086
2026-02-19,SY1G.DE,EUR,20.6363280884272
2026-02-19,TEGG.DE,EUR,8.23366093613254
2026-02-19,URW.PA,EUR,12.5924682830268
2026-02-20,AAF.L,GBp,32.4392893913742
2026-02-20,AAK.ST,SEK,18.7763687503031
2026-02-20,AG1G.DE,EUR,53.4844254666886
2026-02-20,AIR.PA,EUR,28.7361631300518
2026-02-20,ANTO.L,GBp,41.572875832316
2026-02-20,ASSAb.ST,SEK,28.9179604941518
2026-02-20,BAWG.VI,EUR,13.4847720744623
2026-02-20,BAYGn.DE,EUR,
2026-02-20,BBOXT.L,GBp,10.0986515673341
2026-02-20,BCVN.S,CHF,22.8463378899418
2026-02-20,BKGH.L,GBp,12.0530288979257
2026-02-20,CMBN.S,CHF,15.7769729804002
2026-02-20,CPG.L,GBp,27.0964593072786
2026-02-20,DRX.L,GBp,8.04416403785489
2026-02-20,DSV.CO,DKK,46.2701698693611
2026-02-20,EDEN.PA,EUR,8.74391139631978
2026-02-20,EMII.MI,EUR,10.3175922846691
2026-02-20,EMSN.S,CHF,31.8977489809176
2026-02-20,ENI.MI,EUR,21.0139353904624
2026-02-20,EQNR.OL,NOK,15.0543138782098
2026-02-20,FORTUM.HE,EUR,23.1305859278659
2026-02-20,FTKn.DE,EUR,25.6403894030752
2026-02-20,GIVN.S,CHF,26.2415023649829
2026-02-20,GMAB.CO,DKK,18.9415948455355
2026-02-20,HOTG.DE,EUR,33.7358679982023
2026-02-20,HUBN.S,CHF,45.8784976052432
2026-02-20,INDT.ST,SEK,32.7745257722427
2026-02-20,JD.L,GBp,7.88502269288957
2026-02-20,KBX.DE,EUR,42.8216260343612
2026-02-20,LHAG.DE,EUR,6.66769382020411
2026-02-20,LPPP.WA,PLN,30.095140892667
2026-02-20,LTEN.PA,EUR,13.8939032201712
2026-02-20,LUNDb.ST,SEK,11.5503080082136
2026-02-20,NSISb.CO,DKK,42.9582948792375
2026-02-20,ORNBV.HE,EUR,19.4693649191564
2026-02-20,PEO.WA,PLN,8.69537562413828
2026-02-20,PUIGb.MC,EUR,15.3706022998975
2026-02-20,QLT.L,GBp,
2026-02-20,RAND.AS,EUR,16.9352206655626
2026-02-20,RBREW.CO,DKK,22.2415863871836
2026-02-20,SAPG.DE,EUR,27.7985262622498
2026-02-20,SASY.PA,EUR,19.7645048566837
2026-02-20,SCHN.PA,EUR,34.6512449442127
2026-02-20,SDR.L,GBp,17.4358058853283
2026-02-20,SPL1.WA,PLN,9.85624304948514
2026-02-20,SSE.L,GBp,29.874648601318
2026-02-20,STMMI.MI,EUR,33.6827800244933
2026-02-20,SY1G.DE,EUR,20.8786548660869
2026-02-20,TEGG.DE,EUR,8.1481555995936
2026-02-20,URW.PA,EUR,12.7884600072762
2026-02-19,AIRP.PA,EUR,28.1901082202638
2026-02-19,AM.PA,EUR,34.9984441800829
2026-02-19,AOO.BR,EUR,15.136186770428
2026-02-19,ARGX.BR,EUR,36.5351475479135
2026-02-19,BCP.LS,EUR,11.1078140454995
2026-02-19,BGN.MI,EUR,14.0628568642395
2026-02-19,BMEB.L,GBp,7.56774219601825
2026-02-19,BT.L,GBp,21.1694809255785
2026-02-19,BTRW.L,GBp,25.7760153151921
2026-02-19,CDR.WA,PLN,42.4341043949107
2026-02-19,DANSKE.CO,DKK,12.057124935498
2026-02-19,EXHO.PA,EUR,10.0948302233099
2026-02-19,EZJ.L,GBp,7.6379407276524
2026-02-19,FER.MC,EUR,13.2736997659121
2026-02-19,GALP.LS,EUR,14.1331135940973
2026-02-19,GAW.L,GBp,27.3066075584049
2026-02-19,GFCP.PA,EUR,12.4633722703226
2026-02-19,HLMA.L,GBp,42.8993112495901
2026-02-19,ICAG.L,GBp,8.24926825727077
2026-02-19,IETB.BR,EUR,22.4230481755793
2026-02-19,INDUc.ST,SEK,12.3315535214849
2026-02-19,INVEb.ST,SEK,7.11463604515375
2026-02-19,INWT.MI,EUR,22.2011385199241
2026-02-19,JMAT.L,GBp,
2026-02-19,KSP.I,EUR,21.5964274384441
2026-02-19,KYGa.I,EUR,18.4407668556616
2026-02-19,LATOb.ST,SEK,29.3619895225157
2026-02-19,LIFCOb.ST,SEK,40.2614490365921
2026-02-19,LOGN.S,CHF,18.7777969028115
2026-02-19,NG.L,GBp,23.072163885404
2026-02-19,OREP.PA,EUR,34.5605991670458
2026-02-19,P911_p.DE,EUR,39.9043062200957
2026-02-19,PLUSP.L,GBp,15.4319317248439
2026-02-19,PRY.MI,EUR,24.9195855543642
2026-02-19,PSPN.S,CHF,17.7299788228372
2026-02-19,R3NK.DE,EUR,60.1811161256555
2026-02-19,REP.MC,EUR,19.381998461407
2026-02-19,REY.MI,EUR,14.232017525102
2026-02-19,SBMO.AS,EUR,17.9286887707102
2026-02-19,SOON.S,CHF,22.5281084656085
2026-02-19,STMN.S,CHF,35.395060807282
2026-02-19,TCAPI.L,GBp,12.2048537764634
2026-02-19,TLXGn.DE,EUR,12.2373008010804
2026-02-19,ULVR.L,GBp,23.5585421536533
2026-02-19,VEND.OL,NOK,
2026-02-19,VNAn.DE,EUR,8.53788354139547
2026-02-19,VOLVb.ST,SEK,20.4857820883933
2026-02-19,VOWG_p.DE,EUR,7.73599103920649
2026-02-19,WALLb.ST,SEK,10.9083607339173
2026-02-19,WISEa.L,GBp,23.1542807709984
2026-02-20,AIRP.PA,EUR,29.5430718669384
2026-02-20,AM.PA,EUR,35.3586340001181
2026-02-20,AOO.BR,EUR,15.0875486381323
2026-02-20,ARGX.BR,EUR,36.7795298057591
2026-02-20,BCP.LS,EUR,11.2166172106825
2026-02-20,BGN.MI,EUR,14.3708026349893
2026-02-20,BMEB.L,GBp,7.51322537656988
2026-02-20,BT.L,GBp,21.1694809255785
2026-02-20,BTRW.L,GBp,25.8717352659647
2026-02-20,CDR.WA,PLN,42.8374037342012
2026-02-20,DANSKE.CO,DKK,12.3477877687644
2026-02-20,EXHO.PA,EUR,10.1500628802556
2026-02-20,EZJ.L,GBp,7.61223998072444
2026-02-20,FER.MC,EUR,13.4524261010196
2026-02-20,GALP.LS,EUR,13.7853611333706
2026-02-20,GAW.L,GBp,27.787075726588
2026-02-20,GFCP.PA,EUR,12.57938770369
2026-02-20,HLMA.L,GBp,43.0086367114901
2026-02-20,ICAG.L,GBp,8.30489156106729
2026-02-20,IETB.BR,EUR,22.0177405530542
2026-02-20,INDUc.ST,SEK,12.4383422323926
2026-02-20,INVEb.ST,SEK,7.16231996885948
2026-02-20,INWT.MI,EUR,22.2264389626818
2026-02-20,JMAT.L,GBp,
2026-02-20,KSP.I,EUR,23.2639482011111
2026-02-20,KYGa.I,EUR,18.1655315294577
2026-02-20,LATOb.ST,SEK,29.8965550511227
2026-02-20,LIFCOb.ST,SEK,40.1863343928671
2026-02-20,LOGN.S,CHF,18.85342669471
2026-02-20,NG.L,GBp,23.1323147782151
2026-02-20,OREP.PA,EUR,35.0986945717985
2026-02-20,P911_p.DE,EUR,40.5167464114833
2026-02-20,PLUSP.L,GBp,15.467505564689
2026-02-20,PRY.MI,EUR,24.7722225892181
2026-02-20,PSPN.S,CHF,17.6513785367322
2026-02-20,R3NK.DE,EUR,60.0329840708664
2026-02-20,REP.MC,EUR,11.3701319680891
2026-02-20,REY.MI,EUR,14.1844982679231
2026-02-20,SBMO.AS,EUR,17.9019206177889
2026-02-20,SOON.S,CHF,22.5051440329218
2026-02-20,STMN.S,CHF,42.1421985910828
2026-02-20,TCAPI.L,GBp,12.4395625029339
2026-02-20,TLXGn.DE,EUR,12.4201176197707
2026-02-20,ULVR.L,GBp,23.8435618774379
2026-02-20,VEND.OL,NOK,
2026-02-20,VNAn.DE,EUR,8.57222237830785
2026-02-20,VOLVb.ST,SEK,20.7158931199162
2026-02-20,VOWG_p.DE,EUR,7.75858887086921
2026-02-20,WALLb.ST,SEK,11.2647774905248
2026-02-20,WISEa.L,GBp,23.3164823876078
2026-02-19,AALB.AS,EUR,25.2970430794622
2026-02-19,ACPP.WA,PLN,21.7762042363281
2026-02-19,ACS.MC,EUR,31.3623430008905
2026-02-19,AKE.PA,EUR,35.9158849973362
2026-02-19,ALEP.WA,PLN,29.4120666468191
2026-02-19,ASML.AS,EUR,47.5657236370761
2026-02-19,AZN.L,GBp,31.4232349449173
2026-02-19,BKT.MC,EUR,12.5595243433266
2026-02-19,CAST.ST,SEK,55.1634110779499
2026-02-19,CNA.L,GBp,
2026-02-19,COLOb.CO,DKK,27.088762709328
2026-02-19,CRDA.L,GBp,29.4226406420212
2026-02-19,CWK.L,GBp,19.3067166858391
2026-02-19,DHER.DE,EUR,
2026-02-19,DLG.MI,EUR,17.9567796335483
2026-02-19,ELE.MC,EUR,15.1177724012872
2026-02-19,ELISA.HE,EUR,19.9120862606605
2026-02-19,ESLX.PA,EUR,46.7126709623612
2026-02-19,EUFI.PA,EUR,26.5421576230951
2026-02-19,EVKn.DE,EUR,77.039351035421
2026-02-19,FPE3_p.DE,EUR,16.4680930696775
2026-02-19,FRAG.DE,EUR,16.4208149618887
2026-02-19,FREG.DE,EUR,20.9995766214391
2026-02-19,GETP.PA,EUR,37.9258943781942
2026-02-19,GJFG.OL,NOK,20.7145750829477
2026-02-19,GRLS.MC,EUR,20.4292804424665
2026-02-19,GSK.L,GBp,16.0140428623843
2026-02-19,HLN.L,GBp,25.9200305615688
2026-02-19,JYSK.CO,DKK,11.0752172500552
2026-02-19,KCRA.HE,EUR,19.6959322276806
2026-02-19,MAERSKb.CO,DKK,14.1253343468093
2026-02-19,MANTA.HE,EUR,23.2848902780911
2026-02-19,MBK.WA,PLN,12.5455489305235
2026-02-19,MICCT.AS,EUR,14.4222561778808
2026-02-19,MKS.L,GBp,424.385026737968
2026-02-19,ORAN.PA,EUR,61.2155367326967
2026-02-19,ORSTED.CO,DKK,49.6805320119964
2026-02-19,PUBP.PA,EUR,11.1697766197939
2026-02-19,REL.L,GBp,22.1792329641631
2026-02-19,RIO.L,GBp,15.2598790622079
2026-02-19,RXL.PA,EUR,18.3711760161337
2026-02-19,SABE.MC,EUR,9.82851214451361
2026-02-19,SBRY.L,GBp,19.3105701682732
2026-02-19,SCTS.L,GBp,17.0791742800622
2026-02-19,SECUb.ST,SEK,17.5515429564773
2026-02-19,SGSN.S,CHF,27.1090606354933
2026-02-19,STLAM.MI,EUR,
2026-02-19,SWECb.ST,SEK,23.0037265713277
2026-02-19,TECN.S,CHF,27.028062021441
2026-02-19,TEL2b.ST,SEK,28.7992641034154
2026-02-20,AALB.AS,EUR,25.5161283255315
2026-02-20,ACPP.WA,PLN,22.2655571405152
2026-02-20,ACS.MC,EUR,31.7821066739426
2026-02-20,AKE.PA,EUR,36.1852541348163
2026-02-20,ALEP.WA,PLN,28.4059994456364
2026-02-20,ASML.AS,EUR,48.2341484402461
2026-02-20,AZN.L,GBp,31.3821319561077
2026-02-20,BKT.MC,EUR,12.9047879543355
2026-02-20,CAST.ST,SEK,60.5586874476921
2026-02-20,CNA.L,GBp,
2026-02-20,COLOb.CO,DKK,27.2751144227756
2026-02-20,CRDA.L,GBp,29.9823104368423
2026-02-20,CWK.L,GBp,19.8196085902067
2026-02-20,DHER.DE,EUR,
2026-02-20,DLG.MI,EUR,18.0864314720577
2026-02-20,ELE.MC,EUR,15.137012327983
2026-02-20,ELISA.HE,EUR,19.9590487282564
2026-02-20,ESLX.PA,EUR,47.7551855074439
2026-02-20,EUFI.PA,EUR,26.5893996716678
2026-02-20,EVKn.DE,EUR,76.7874237920089
2026-02-20,FPE3_p.DE,EUR,16.4680930696775
2026-02-20,FRAG.DE,EUR,16.3813418489996
2026-02-20,FREG.DE,EUR,20.9915122678978
2026-02-20,GETP.PA,EUR,38.1814310051107
2026-02-20,GJFG.OL,NOK,20.8078839797178
2026-02-20,GRLS.MC,EUR,20.3926524183653
2026-02-20,GSK.L,GBp,15.9205197010137
2026-02-20,HLN.L,GBp,26.0728384057048
2026-02-20,JYSK.CO,DKK,11.2334346393417
2026-02-20,KCRA.HE,EUR,19.9447439031187
2026-02-20,MAERSKb.CO,DKK,14.3175461749462
2026-02-20,MANTA.HE,EUR,23.7360229433184
2026-02-20,MBK.WA,PLN,12.6356318572625
2026-02-20,MICCT.AS,EUR,14.8416671057485
2026-02-20,MKS.L,GBp,424.705882352942
2026-02-20,ORAN.PA,EUR,59.899436439105
2026-02-20,ORSTED.CO,DKK,50.5281001434346
2026-02-20,PUBP.PA,EUR,11.3567569638684
2026-02-20,REL.L,GBp,20.7215970443614
2026-02-20,RIO.L,GBp,15.7818660606227
2026-02-20,RXL.PA,EUR,18.5818776525831
2026-02-20,SABE.MC,EUR,10.0299035762236
2026-02-20,SBRY.L,GBp,19.3432445678811
2026-02-20,SCTS.L,GBp,17.1093761797617
2026-02-20,SECUb.ST,SEK,17.6355484269136
2026-02-20,SGSN.S,CHF,27.1264048841404
2026-02-20,STLAM.MI,EUR,
2026-02-20,SWECb.ST,SEK,23.3274947144851
2026-02-20,TECN.S,CHF,27.7939578878204
2026-02-20,TEL2b.ST,SEK,29.0429384691767
2026-02-19,ACKB.BR,EUR,17.6608417842981
2026-02-19,ACLN.S,CHF,45.8606417909218
2026-02-19,AHT.L,GBp,20.8028929558001
2026-02-19,AKZO.AS,EUR,16.2722331152047
2026-02-19,ALVG.DE,EUR,13.7801741158583
2026-02-19,AMBUb.CO,DKK,39.1830744771921
2026-02-19,ANDR.VI,EUR,15.6409348061791
2026-02-19,AV.L,GBp,28.838043965904
2026-02-19,AZMT.MI,EUR,9.78244795575856
2026-02-19,BAB.L,GBp,25.2143308365671
2026-02-19,BARC.L,GBp,11.0838721902461
2026-02-19,CTEC.L,GBp,29.5025619220041
2026-02-19,DIOR.PA,EUR,20.0168500050789
2026-02-19,ENT.L,GBp,
2026-02-19,ENX.PA,EUR,19.6392470713474
2026-02-19,ERST.VI,EUR,14.3612340719942
2026-02-19,ESSITYb.ST,SEK,15.3558490761179
2026-02-19,GASI.MI,EUR,14.0161980766266
2026-02-19,GBFG.DE,EUR,24.8852423830708
2026-02-19,HOLN.S,CHF,15.5467038100253
2026-02-19,HUH1V.HE,EUR,17.0398689240852
2026-02-19,ICGIN.L,GBp,8.49223510910163
2026-02-19,INCH.L,GBp,12.6462061381586
2026-02-19,KBCA.BR,EUR,18.753501059451
2026-02-19,KNIN.S,CHF,20.5348854274529
2026-02-19,LSEG.L,GBp,41.8816028947737
2026-02-19,LTMC.MI,EUR,37.2465471642668
2026-02-19,METSO.HE,EUR,28.6770481166547
2026-02-19,NEKG.DE,EUR,37.2615318504111
2026-02-19,NEXII.MI,EUR,18.3363200184982
2026-02-19,PERP.PA,EUR,14.9692643232534
2026-02-19,PHP.L,GBp,16.6332046332046
2026-02-19,QIA.DE,EUR,24.3695613324375
2026-02-19,QQ.L,GBp,
2026-02-19,RBIV.VI,EUR,25.0665978195815
2026-02-19,RENA.PA,EUR,
2026-02-19,RKT.L,GBp,34.0206674500836
2026-02-19,SAND.ST,SEK,32.258312603985
2026-02-19,SB1NO.OL,NOK,12.3525943396226
2026-02-19,SDZ.S,CHF,167.961820044477
2026-02-19,SGEF.PA,EUR,16.1243884699927
2026-02-19,SIGNC.S,CHF,25.1159187347857
2026-02-19,SN.L,GBp,31.7637182160018
2026-02-19,SOBIV.ST,SEK,309.680603321972
2026-02-19,SRG.MI,EUR,15.2803659156361
2026-02-19,UNPI.MI,EUR,23.2367773236777
2026-02-19,VACN.S,CHF,70.6925505474575
2026-02-19,VALMT.HE,EUR,18.5739052181623
2026-02-19,WIHL.ST,SEK,12.414782523199
2026-02-19,ZALG.DE,EUR,22.8683898609193
2026-02-20,ACKB.BR,EUR,17.7591624066185
2026-02-20,ACLN.S,CHF,46.4345485644184
2026-02-20,AHT.L,GBp,21.1451262124172
2026-02-20,AKZO.AS,EUR,16.2238198596554
2026-02-20,ALVG.DE,EUR,13.994220741118
2026-02-20,AMBUb.CO,DKK,39.8434633728751
2026-02-20,ANDR.VI,EUR,15.8341652979507
2026-02-20,AV.L,GBp,29.4033198743831
2026-02-20,AZMT.MI,EUR,9.88010502320053
2026-02-20,BAB.L,GBp,25.6294558252865
2026-02-20,BARC.L,GBp,11.2224353963855
2026-02-20,CTEC.L,GBp,29.2092227840083
2026-02-20,DIOR.PA,EUR,20.9529613983513
2026-02-20,ENT.L,GBp,
2026-02-20,ENX.PA,EUR,20.4248169542013
2026-02-20,ERST.VI,EUR,14.3209312635602
2026-02-20,ESSITYb.ST,SEK,15.5518117016904
2026-02-20,GASI.MI,EUR,14.103157004344
2026-02-20,GBFG.DE,EUR,24.6422619855143
2026-02-20,HOLN.S,CHF,15.6613612814459
2026-02-20,HUH1V.HE,EUR,17.1600218459858
2026-02-20,ICGIN.L,GBp,8.54137998820524
2026-02-20,INCH.L,GBp,12.6390654232302
2026-02-20,KBCA.BR,EUR,18.8996322365377
2026-02-20,KNIN.S,CHF,20.814430095779
2026-02-20,LSEG.L,GBp,42.5600654770238
2026-02-20,LTMC.MI,EUR,37.6506024096386
2026-02-20,METSO.HE,EUR,28.8734077792576
2026-02-20,NEKG.DE,EUR,38.2227549785704
2026-02-20,NEXII.MI,EUR,18.677380195387
2026-02-20,PERP.PA,EUR,15.4864297573424
2026-02-20,PHP.L,GBp,16.5559845559846
2026-02-20,QIA.DE,EUR,24.1852901042277
2026-02-20,QQ.L,GBp,
2026-02-20,RBIV.VI,EUR,25.1252743126049
2026-02-20,RENA.PA,EUR,
2026-02-20,RKT.L,GBp,33.8098826455601
2026-02-20,SAND.ST,SEK,32.4377628197952
2026-02-20,SB1NO.OL,NOK,12.5589622641509
2026-02-20,SDZ.S,CHF,167.339318809159
2026-02-20,SGEF.PA,EUR,16.1995469677015
2026-02-20,SIGNC.S,CHF,25.1367272838618
2026-02-20,SN.L,GBp,32.2217908126652
2026-02-20,SOBIV.ST,SEK,310.297496954088
2026-02-20,SRG.MI,EUR,15.5465743810653
2026-02-20,UNPI.MI,EUR,25.2503525250353
2026-02-20,VACN.S,CHF,71.6598374420636
2026-02-20,VALMT.HE,EUR,18.7988830512288
2026-02-20,WIHL.ST,SEK,12.8233001857024
2026-02-20,ZALG.DE,EUR,22.4986679135721
2026-02-19,A2.MI,EUR,10.2373316228352
2026-02-19,ABDN.L,GBp,11.8200952697463
2026-02-19,ABF.L,GBp,13.9612912340185
2026-02-19,ADP.PA,EUR,31.1704719323362
2026-02-19,AKRBP.OL,NOK,143.319216200246
2026-02-19,ALFA.ST,SEK,26.029618808473
2026-02-19,ALKb.CO,DKK,44.207865383031
2026-02-19,AMRZ.S,CHF,29.870973470351
2026-02-19,BAMI.MI,EUR,8.95319788011379
2026-02-19,BEAN.S,CHF,64.4220381706878
2026-02-19,BESI.AS,EUR,95.1281205322776
2026-02-19,BIOX.PA,EUR,29.676858973552
2026-02-19,CAGR.PA,EUR,8.3743910159368
2026-02-19,CONG.DE,EUR,
2026-02-19,DCC.L,GBp,47.8689128233453
2026-02-19,DNP.WA,PLN,23.8740161305996
2026-02-19,DTEGn.DE,EUR,13.2205889502942
2026-02-19,EXOR.AS,EUR,
2026-02-19,FBK.MI,EUR,18.556886340845
2026-02-19,GETIb.ST,SEK,24.1731492281842
2026-02-19,GFTU_u.L,GBp,14.430027254414
2026-02-19,HAGG.DE,EUR,74.6235349775505
2026-02-19,HBANC.S,CHF,19.0134201995281
2026-02-19,HMb.ST,SEK,24.3394382009132
2026-02-19,HRA.MI,EUR,12.1347798633833
2026-02-19,IBE.MC,EUR,23.7599659180817
2026-02-19,IDR.MC,EUR,23.3848921805812
2026-02-19,IFXGn.DE,EUR,59.8649495846612
2026-02-19,IHG.L,USD,29.3330694800028
2026-02-19,IMCD.AS,EUR,23.0113428168945
2026-02-19,INGA.AS,EUR,11.6037735849057
2026-02-19,INVP.L,GBp,8.86848448537711
2026-02-19,ISS.CO,DKK,15.9229953503548
2026-02-19,KINVb.ST,SEK,
2026-02-19,LDOF.MI,EUR,32.2885021298412
2026-02-19,MNG.L,GBp,
2026-02-19,NKT.CO,DKK,25.8464163375575
2026-02-19,NN.AS,EUR,14.6925112908755
2026-02-19,PKN.WA,PLN,17.4289827570306
2026-02-19,RYA.I,EUR,12.6892539519802
2026-02-19,SQN.S,CHF,19.9314671719899
2026-02-19,STDM.PA,EUR,64.6744224513425
2026-02-19,SVT.L,GBp,29.8545912525762
2026-02-19,TBCG.L,GBp,6.38094588534678
2026-02-19,TCFP.PA,EUR,51.8118401763138
2026-02-19,THULE.ST,SEK,21.7149587202703
2026-02-19,TW.L,GBp,48.2751367269668
2026-02-19,UU.L,GBp,22.7353977630616
2026-02-19,VOPA.AS,EUR,11.1684187688606
2026-02-19,WEIR.L,GBp,28.9770110129392
2026-02-20,A2.MI,EUR,10.2416078682916
2026-02-20,ABDN.L,GBp,11.9751855544478
2026-02-20,ABF.L,GBp,13.7988274351911
2026-02-20,ADP.PA,EUR,30.7044681991286
2026-02-20,AKRBP.OL,NOK,140.745935564436
2026-02-20,ALFA.ST,SEK,26.0895718652295
2026-02-20,ALKb.CO,DKK,43.1227632327203
2026-02-20,AMRZ.S,CHF,30.4364283811633
2026-02-20,BAMI.MI,EUR,9.30699360279571
2026-02-20,BEAN.S,CHF,65.9704717320849
2026-02-20,BESI.AS,EUR,113.154779792826
2026-02-20,BIOX.PA,EUR,29.9758305114616
2026-02-20,CAGR.PA,EUR,8.51660198361363
2026-02-20,CONG.DE,EUR,
2026-02-20,DCC.L,GBp,47.6848016201786
2026-02-20,DNP.WA,PLN,24.1655329899913
2026-02-20,DTEGn.DE,EUR,13.2570539519958
2026-02-20,EXOR.AS,EUR,
2026-02-20,FBK.MI,EUR,18.8974664623186
2026-02-20,GETIb.ST,SEK,24.5591476190534
2026-02-20,GFTU_u.L,GBp,14.6270292688707
2026-02-20,HAGG.DE,EUR,75.1144792866133
2026-02-20,HBANC.S,CHF,19.4644863827042
2026-02-20,HMb.ST,SEK,24.1349605358106
2026-02-20,HRA.MI,EUR,12.3816084036508
2026-02-20,IBE.MC,EUR,24.0581827034264
2026-02-20,IDR.MC,EUR,23.6032385127995
2026-02-20,IFXGn.DE,EUR,59.0355780784703
2026-02-20,IHG.L,USD,29.2918423971075
2026-02-20,IMCD.AS,EUR,23.1579118794225
2026-02-20,INGA.AS,EUR,11.8443396226415
2026-02-20,INVP.L,GBp,8.95905031280044
2026-02-20,ISS.CO,DKK,15.3001803558876
2026-02-20,KINVb.ST,SEK,
2026-02-20,LDOF.MI,EUR,32.1357862413893
2026-02-20,MNG.L,GBp,
2026-02-20,NKT.CO,DKK,26.1222412451146
2026-02-20,NN.AS,EUR,14.9821028177681
2026-02-20,PKN.WA,PLN,11.4882113646979
2026-02-20,RYA.I,EUR,12.7560144011826
2026-02-20,SQN.S,CHF,20.2751131577139
2026-02-20,STDM.PA,EUR,67.1739170388341
2026-02-20,SVT.L,GBp,29.9786275856805
2026-02-20,TBCG.L,GBp,6.93023051721847
2026-02-20,TCFP.PA,EUR,52.0282967816838
2026-02-20,THULE.ST,SEK,22.4510590158726
2026-02-20,TW.L,GBp,48.359276398822
2026-02-20,UU.L,GBp,22.8290291278664
2026-02-20,VOPA.AS,EUR,10.9120135697521
2026-02-20,WEIR.L,GBp,29.0440098823332
2026-02-19,ACCP.PA,EUR,21.5532811559302
2026-02-19,ADEN.S,CHF,14.2148005754687
2026-02-19,ALLFG.AS,EUR,6.65379885492764
2026-02-19,AMPF.MI,EUR,25.5355962517983
2026-02-19,AXAF.PA,EUR,12.2453195771734
2026-02-19,BAER.S,CHF,17.6234936839725
2026-02-19,BALDb.ST,SEK,10.3374965054061
2026-02-19,BASFn.DE,EUR,180.319976298052
2026-02-19,BMWG.DE,EUR,8.00964571900086
2026-02-19,BWY.L,GBp,21.3730029220903
2026-02-19,CARR.PA,EUR,11.4236427597532
2026-02-19,CRDI.MI,EUR,10.7857376571039
2026-02-19,DEMANT.CO,DKK,16.1507786727629
2026-02-19,DHLn.DE,EUR,16.3467394934868
2026-02-19,DNB.OL,NOK,10.5005853390588
2026-02-19,DPLM.L,GBp,40.9683833329692
2026-02-19,EDPR.LS,EUR,
2026-02-19,ELIS.PA,EUR,19.4264699689794
2026-02-19,ENAG.MC,EUR,11.4904310844771
2026-02-19,EPIRa.ST,SEK,36.3599054389471
2026-02-19,EURA.PA,EUR,
2026-02-19,EVOG.ST,SEK,9.65384784851437
2026-02-19,HSX.L,GBp,11.4349963992016
2026-02-19,HWDN.L,GBp,18.6913873019295
2026-02-19,ITV.L,GBp,16.7049488410942
2026-02-19,KESKOB.HE,EUR,20.8316831683168
2026-02-19,LMPL.L,GBp,14.3423617178574
2026-02-19,LVMH.PA,EUR,24.3311564234711
2026-02-19,MRCG.DE,EUR,18.8234670795369
2026-02-19,MUVGn.DE,EUR,11.3357120416024
2026-02-19,NAFG.DE,EUR,12.1050501546556
2026-02-19,NESN.S,CHF,20.3958952728511
2026-02-19,NTGY.MC,EUR,12.1240227905128
2026-02-19,NWG.L,GBp,9.15061750359531
2026-02-19,PST.MI,EUR,13.7074626865672
2026-02-19,SALM.OL,NOK,70.7317073170732
2026-02-19,SCHP.S,CHF,30.9768709554303
2026-02-19,SECTb.ST,SEK,56.261932205712
2026-02-19,SGOB.PA,EUR,15.5699464816439
2026-02-19,SHCS.L,GBp,8.48013816925734
2026-02-19,SOF.BR,EUR,21.6728822025992
2026-02-19,SPMI.MI,EUR,21.9743621968078
2026-02-19,SPSN.S,CHF,28.767726702421
2026-02-19,STAN.L,GBp,12.7626048042277
2026-02-19,TOM.OL,NOK,31.6967362041585
2026-02-19,UNI.MC,EUR,10.9690553745928
2026-02-19,VOES.VI,EUR,36.4763983002182
2026-02-19,VSURE.ST,EUR,
2026-02-19,WDPP.BR,EUR,16.5055626481853
2026-02-19,YAR.OL,NOK,8.97287439643501
2026-02-20,ACCP.PA,EUR,30.111801242236
2026-02-20,ADEN.S,CHF,14.252641409936
2026-02-20,ALLFG.AS,EUR,6.65787094725012
2026-02-20,AMPF.MI,EUR,25.7300050546289
2026-02-20,AXAF.PA,EUR,12.4581727804576
2026-02-20,BAER.S,CHF,17.7527218686395
2026-02-20,BALDb.ST,SEK,10.7178383579634
2026-02-20,BASFn.DE,EUR,181.060662173172
2026-02-20,BMWG.DE,EUR,8.03098580528594
2026-02-20,BWY.L,GBp,21.6158779552958
2026-02-20,CARR.PA,EUR,11.5328698088903
2026-02-20,CRDI.MI,EUR,10.9456360328029
2026-02-20,DEMANT.CO,DKK,16.248932576299
2026-02-20,DHLn.DE,EUR,16.3565632552017
2026-02-20,DNB.OL,NOK,10.7291647252071
2026-02-20,DPLM.L,GBp,41.04121601445
2026-02-20,EDPR.LS,EUR,
2026-02-20,ELIS.PA,EUR,19.3282147017953
2026-02-20,ENAG.MC,EUR,11.5174946839358
2026-02-20,EPIRa.ST,SEK,36.430179705354
2026-02-20,EURA.PA,EUR,
2026-02-20,EVOG.ST,SEK,9.52719667938795
2026-02-20,HSX.L,GBp,11.5125956088332
2026-02-20,HWDN.L,GBp,18.6482699148432
2026-02-20,ITV.L,GBp,16.8406765504281
2026-02-20,KESKOB.HE,EUR,20.8712871287129
2026-02-20,LMPL.L,GBp,14.3558034814168
2026-02-20,LVMH.PA,EUR,25.3932125458126
2026-02-20,MRCG.DE,EUR,18.8602604084648
2026-02-20,MUVGn.DE,EUR,11.4668830282726
2026-02-20,NAFG.DE,EUR,12.2423611713352
2026-02-20,NESN.S,CHF,20.2656500862874
2026-02-20,NTGY.MC,EUR,12.0767002971853
2026-02-20,NWG.L,GBp,9.12689587688476
2026-02-20,PST.MI,EUR,13.8029850746269
2026-02-20,SALM.OL,NOK,72.3780487804878
2026-02-20,SCHP.S,CHF,31.0614494426806
2026-02-20,SECTb.ST,SEK,55.9938764143666
2026-02-20,SGOB.PA,EUR,16.0501710132916
2026-02-20,SHCS.L,GBp,8.54922279792747
2026-02-20,SOF.BR,EUR,22.0252867912593
2026-02-20,SPMI.MI,EUR,21.5093628251854
2026-02-20,SPSN.S,CHF,28.8512324403091
2026-02-20,STAN.L,GBp,12.8636084264416
2026-02-20,TOM.OL,NOK,31.5501697180109
2026-02-20,UNI.MC,EUR,11.0830618892508
2026-02-20,VOES.VI,EUR,36.7367252402282
2026-02-20,VSURE.ST,EUR,
2026-02-20,WDPP.BR,EUR,16.7009718350225
2026-02-20,YAR.OL,NOK,9.15590794794232
2026-02-19,ABBN.S,CHF,39.207907189635
2026-02-19,ABVX.PA,EUR,
2026-02-19,AD.AS,EUR,15.992003998001
2026-02-19,ADDTb.ST,SEK,42.2685510528097
2026-02-19,ADML.L,GBp,10.4200034610612
2026-02-19,AEGN.AS,EUR,7.85172874014757
2026-02-19,BEZG.L,GBp,10.8799937854617
2026-02-19,BNRGn.DE,EUR,18.7178254962091
2026-02-19,BOL.ST,SEK,19.6447276378121
2026-02-19,BZU.MI,EUR,9.74408287868277
2026-02-19,CARLb.CO,DKK,22.1416988648876
2026-02-19,CBKG.DE,EUR,16.5233608641945
2026-02-19,CPRI.MI,EUR,40.4297602782263
2026-02-19,DBKGn.DE,EUR,9.92561500625043
2026-02-19,DKSH.S,CHF,20.3675133351081
2026-02-19,ENGIE.PA,EUR,12.9840770591704
2026-02-19,ERICb.ST,SEK,11.9397900993123
2026-02-19,EVDG.DE,EUR,21.8755117933909
2026-02-19,FRES.L,GBp,84.0928263627588
2026-02-19,GRG.L,GBp,11.1897725903721
2026-02-19,HEIO.AS,EUR,20.9160584587608
2026-02-19,HPOLb.ST,SEK,13.4548464924332
2026-02-19,HSBA.L,GBp,18.3620030737787
2026-02-19,IMB.L,GBp,12.7997440051199
2026-02-19,IPN.PA,EUR,29.4772538826313
2026-02-19,ITX.MC,EUR,29.8900282283243
2026-02-19,JDEP.AS,EUR,25.4997385673491
2026-02-19,LISP.S,CHF,46.1935950761554
2026-02-19,LLOY.L,GBp,14.7207389233656
2026-02-19,MOBN.S,CHF,14.7303604672766
2026-02-19,MRL.MC,EUR,12.0360297637179
2026-02-19,NDAFI.HE,EUR,11.8832936984057
2026-02-19,NESTE.HE,EUR,113.300232410733
2026-02-19,NHY.OL,NOK,24.6234408096023
2026-02-19,PGHN.S,CHF,19.8945640528294
2026-02-19,ROCKb.CO,DKK,
2026-02-19,RS1R.L,GBp,20.7688184849929
2026-02-19,RUBF.PA,EUR,9.79109935102303
2026-02-19,RWEG.DE,EUR,16.6706080916916
2026-02-19,SFSN.S,CHF,20.1917391741151
2026-02-19,SGRO.L,GBp,17.4321343554129
2026-02-19,SIKA.S,CHF,23.6760037695608
2026-02-19,SKFb.ST,SEK,29.5334822955644
2026-02-19,SRENH.S,CHF,13.1517716506667
2026-02-19,TE.PA,EUR,15.4173795915396
2026-02-19,TSCO.L,GBp,21.9173247452243
2026-02-19,TUB.BR,EUR,118.79448793576
2026-02-19,VLLP.PA,EUR,11.6681843341011
2026-02-19,VLOF.PA,EUR,25.4716611867857
2026-02-19,WLSNc.AS,EUR,13.0612655511217
2026-02-20,ABBN.S,CHF,36.4157153397833
2026-02-20,ABVX.PA,EUR,
2026-02-20,AD.AS,EUR,16.0119940029985
2026-02-20,ADDTb.ST,SEK,42.4507430832097
2026-02-20,ADML.L,GBp,10.6041024621401
2026-02-20,AEGN.AS,EUR,8.04311148044623
2026-02-20,BEZG.L,GBp,10.8710757577687
2026-02-20,BNRGn.DE,EUR,18.6901670913384
2026-02-20,BOL.ST,SEK,19.9467683456506
2026-02-20,BZU.MI,EUR,9.81205555366743
2026-02-20,CARLb.CO,DKK,22.1639428862508
2026-02-20,CBKG.DE,EUR,16.7074381766658
2026-02-20,CPRI.MI,EUR,41.5227921997268
2026-02-20,DBKGn.DE,EUR,10.1345066078289
2026-02-20,DKSH.S,CHF,20.3033636868086
2026-02-20,ENGIE.PA,EUR,12.9251032042461
2026-02-20,ERICb.ST,SEK,11.9867740249367
2026-02-20,EVDG.DE,EUR,22.4102836630536
2026-02-20,FRES.L,GBp,83.9561278152682
2026-02-20,GRG.L,GBp,11.2960718866708
2026-02-20,HEIO.AS,EUR,21.1815655478001
2026-02-20,HPOLb.ST,SEK,13.7384796200734
2026-02-20,HSBA.L,GBp,18.509762970174
2026-02-20,IMB.L,GBp,12.9197416051679
2026-02-20,IPN.PA,EUR,29.6469809710373
2026-02-20,ITX.MC,EUR,29.7558533778519
2026-02-20,JDEP.AS,EUR,25.515826730483
2026-02-20,LISP.S,CHF,46.2657725684619
2026-02-20,LLOY.L,GBp,15.0310290085149
2026-02-20,MOBN.S,CHF,14.6924444815179
2026-02-20,MRL.MC,EUR,12.0360297637179
2026-02-20,NDAFI.HE,EUR,12.0521313053662
2026-02-20,NESTE.HE,EUR,112.455102472005
2026-02-20,NHY.OL,NOK,25.1117910096493
2026-02-20,PGHN.S,CHF,20.2746314820336
2026-02-20,ROCKb.CO,DKK,
2026-02-20,RS1R.L,GBp,20.7539304430681
2026-02-20,RUBF.PA,EUR,9.90123545170945
2026-02-20,RWEG.DE,EUR,16.7937101335657
2026-02-20,SFSN.S,CHF,20.3564352522073
2026-02-20,SGRO.L,GBp,17.7771953962742
2026-02-20,SIKA.S,CHF,24.5129950648513
2026-02-20,SKFb.ST,SEK,30.1480384642589
2026-02-20,SRENH.S,CHF,13.2958442665582
2026-02-20,TE.PA,EUR,15.3536714114092
2026-02-20,TSCO.L,GBp,21.8202673490096
2026-02-20,TUB.BR,EUR,118.314510206726
2026-02-20,VLLP.PA,EUR,11.4926110426673
2026-02-20,VLOF.PA,EUR,25.4814466885862
2026-02-20,WLSNc.AS,EUR,13.069648905134
2026-02-10,BP.L,,63.8092226438997
2026-02-10,BP.L,,
2026-02-19,ABNd.AS,EUR,11.751801304034
2026-02-19,ANA.MC,EUR,12.8792861420059
2026-02-19,ARDS.AS,EUR,12.0014784976653
2026-02-19,BAES.L,GBp,31.7966659806545
2026-02-19,BARN.S,CHF,43.1569612769731
2026-02-19,BC8G.DE,EUR,19.2120821869695
2026-02-19,BEIG.DE,EUR,26.9966909734011
2026-02-19,BP.L,GBp,
2026-02-19,BVI.PA,EUR,18.9249735435192
2026-02-19,CABK.MC,EUR,12.7461374438634
2026-02-19,CCH.L,GBp,21.5499791697141
2026-02-19,CFR.S,CHF,26.8327372961722
2026-02-19,CVO.PA,EUR,8.83503818240331
2026-02-19,DAST.PA,EUR,19.4908379726862
2026-02-19,EMG.L,GBp,23.4972171116565
2026-02-19,EONGn.DE,EUR,16.1909487373671
2026-02-19,GALE.S,CHF,26.6390256543146
2026-02-19,GTT.PA,EUR,19.3068849099757
2026-02-19,HIK.L,GBp,13.2820586876213
2026-02-19,HOLMb.ST,SEK,20.163054307595
2026-02-19,IGG.L,GBp,12.8322203831593
2026-02-19,III.L,GBp,5.28178345934992
2026-02-19,IMI.L,GBp,30.8991171680809
2026-02-19,INF.L,GBp,151.650378019546
2026-02-19,KGX.DE,EUR,31.3553721400283
2026-02-19,LAND.L,GBp,19.8515268093292
2026-02-19,LEGD.PA,EUR,32.3999743112196
2026-02-19,LONN.S,CHF,41.5901630223112
2026-02-19,MTO.L,GBp,25.0552486187846
2026-02-19,PHG.AS,EUR,152.758379888268
2026-02-19,PNN.L,GBp,133.249312557287
2026-02-19,PRX.AS,EUR,8.84219444338704
2026-02-19,PSHG_p.DE,EUR,
2026-02-19,PZU.WA,PLN,8.62585180286553
2026-02-19,REDE.MC,EUR,17.6280275666452
2026-02-19,RMV.L,GBp,16.5412090022275
2026-02-19,ROG.S,CHF,22.9553125775412
2026-02-19,ROR.L,GBp,32.2893617021277
2026-02-19,SAABb.ST,SEK,57.4773515830402
2026-02-19,SATG_p.DE,EUR,85.7034677832468
2026-02-19,SAVE.ST,SEK,24.7586748439679
2026-02-19,SHBa.ST,SEK,11.6731613842414
2026-02-19,SKAb.ST,SEK,19.6739577893599
2026-02-19,SOPR.PA,EUR,8.54529891936249
2026-02-19,SPX.L,GBp,35.4806595174994
2026-02-19,STERV.HE,EUR,12.8132344759461
2026-02-19,SUN.S,CHF,22.1625452984456
2026-02-19,TEL.OL,NOK,20.9499367930884
2026-02-19,TENR.MI,EUR,14.797855147012
2026-02-19,UTG.L,GBp,8.14247576225938
2026-02-20,ABNd.AS,EUR,11.8251990914985
2026-02-20,ANA.MC,EUR,12.9250966110069
2026-02-20,ARDS.AS,EUR,11.1339926225984
2026-02-20,BAES.L,GBp,31.8260665039838
2026-02-20,BARN.S,CHF,42.9500443393438
2026-02-20,BC8G.DE,EUR,19.3174500965873
2026-02-20,BEIG.DE,EUR,26.9840224182752
2026-02-20,BP.L,GBp,
2026-02-20,BVI.PA,EUR,19.0074353018788
2026-02-20,CABK.MC,EUR,13.0618128104637
2026-02-20,CCH.L,GBp,21.084274140553
2026-02-20,CFR.S,CHF,27.3867338530898
2026-02-20,CVO.PA,EUR,8.9252683595853
2026-02-20,DAST.PA,EUR,19.3686035270194
2026-02-20,EMG.L,GBp,23.4809850591927
2026-02-20,EONGn.DE,EUR,16.2170631708145
2026-02-20,GALE.S,CHF,26.2503239181135
2026-02-20,GTT.PA,EUR,16.8692690193578
2026-02-20,HIK.L,GBp,13.1968805270703
2026-02-20,HOLMb.ST,SEK,20.2985283566941
2026-02-20,IGG.L,GBp,12.9558815136122
2026-02-20,III.L,GBp,5.2989321069452
2026-02-20,IMI.L,GBp,31.1133967600926
2026-02-20,INF.L,GBp,153.383735939517
2026-02-20,KGX.DE,EUR,31.620686827367
2026-02-20,LAND.L,GBp,20.091969223371
2026-02-20,LEGD.PA,EUR,32.967268212275
2026-02-20,LONN.S,CHF,41.4510654871196
2026-02-20,MTO.L,GBp,25.2762430939227
2026-02-20,PHG.AS,EUR,27.984184695619
2026-02-20,PNN.L,GBp,133.707607699358
2026-02-20,PRX.AS,EUR,8.8992162047868
2026-02-20,PSHG_p.DE,EUR,
2026-02-20,PZU.WA,PLN,8.6833574815513
2026-02-20,REDE.MC,EUR,17.7277461386753
2026-02-20,RMV.L,GBp,16.6257008986865
2026-02-20,ROG.S,CHF,22.9303747040186
2026-02-20,ROR.L,GBp,32.8170212765958
2026-02-20,SAABb.ST,SEK,57.1783907708235
2026-02-20,SATG_p.DE,EUR,87.8416000356355
2026-02-20,SAVE.ST,SEK,25.0294464075383
2026-02-20,SHBa.ST,SEK,11.8588426363767
2026-02-20,SKAb.ST,SEK,20.1394414487015
2026-02-20,SOPR.PA,EUR,8.57357120693689
2026-02-20,SPX.L,GBp,35.8897894799049
2026-02-20,STERV.HE,EUR,12.8189115847081
2026-02-20,SUN.S,CHF,22.3871656899839
2026-02-20,TEL.OL,NOK,20.7356760758864
2026-02-20,TENR.MI,EUR,14.1828793486946
2026-02-20,UTG.L,GBp,8.15652662638753
2026-02-19,ADSGn.DE,EUR,23.0307417753179
2026-02-19,ALSYDB.CO,DKK,12.3653080920125
2026-02-19,ASRNL.AS,EUR,26.7113878741393
2026-02-19,BGEO.L,GBp,7.51317799386795
2026-02-19,BKWB.S,CHF,16.8056815822349
2026-02-19,BMPS.MI,EUR,7.38923515694756
2026-02-19,BOUY.PA,EUR,18.2839503957215
2026-02-19,BYG.L,GBp,15.7598951349234
2026-02-19,CAMX.ST,SEK,42.0288766946206
2026-02-19,CAPP.PA,EUR,11.7129136140226
2026-02-19,CCL.L,GBp,16.3685997509667
2026-02-19,DGE.L,GBp,22.6989797518303
2026-02-19,EDP.LS,EUR,24.6194497099201
2026-02-19,ELI.BR,EUR,22.5217328879072
2026-02-19,ENEI.MI,EUR,14.8211271800642
2026-02-19,EQTAB.ST,SEK,44.7234126510067
2026-02-19,FDJU.PA,EUR,26.0090063549514
2026-02-19,G24n.DE,EUR,31.4018489192079
2026-02-19,GBLB.BR,EUR,73.2427849738668
2026-02-19,GL9.I,EUR,42.0079432079384
2026-02-19,HIAB.HE,EUR,21.7214032886778
2026-02-19,HNRGn.DE,EUR,12.164083223824
2026-02-19,INPST.AS,EUR,36.0489467906141
2026-02-19,JMT.LS,EUR,20.6219824468813
2026-02-19,LAGRb.ST,SEK,38.5281940722241
2026-02-19,LGEN.L,GBp,78.7966444894417
2026-02-19,LIGHT.AS,EUR,9.88229308337329
2026-02-19,MBGn.DE,EUR,9.06763141120126
2026-02-19,MWDP.PA,EUR,
2026-02-19,NOKIA.HE,EUR,56.5600783824708
2026-02-19,NXT.L,GBp,19.6845322612663
2026-02-19,PHNX.L,GBp,
2026-02-19,RILBA.CO,DKK,17.3741704069978
2026-02-19,RR.L,GBp,19.3853497122945
2026-02-19,SAF.PA,EUR,17.0232628036483
2026-02-19,SAMPO.HE,EUR,12.2106666666667
2026-02-19,SHLG.DE,EUR,21.9948740534775
2026-02-19,SIEGn.DE,EUR,23.8862199696941
2026-02-19,SPIE.PA,EUR,43.5956429826721
2026-02-19,SSABb.ST,SEK,15.6968579865183
2026-02-19,SUBC.OL,NOK,28.5333546221981
2026-02-19,SYENS.BR,EUR,
2026-02-19,TKAG.DE,EUR,41.114463583241
2026-02-19,TRELb.ST,SEK,25.123539404739
2026-02-19,TRYG.CO,DKK,17.5536601538727
2026-02-19,TUI1n.DE,EUR,9.50884909414598
2026-02-19,UBSG.S,CHF,17.8944775623575
2026-02-19,VAR.OL,NOK,15.716203232044
2026-02-19,WRT1V.HE,EUR,34.4186134350626
2026-02-19,ZELA.CO,DKK,4.2067884906311
2026-02-20,ADSGn.DE,EUR,23.5425360369916
2026-02-20,ALSYDB.CO,DKK,12.5133274338137
2026-02-20,ASRNL.AS,EUR,27.1967343118264
2026-02-20,BGEO.L,GBp,7.69331412958507
2026-02-20,BKWB.S,CHF,16.9433390422941
2026-02-20,BMPS.MI,EUR,7.6094211881377
2026-02-20,BOUY.PA,EUR,18.391629726674
2026-02-20,BYG.L,GBp,15.8502960630396
2026-02-20,CAMX.ST,SEK,43.4570424075447
2026-02-20,CAPP.PA,EUR,11.7748867019275
2026-02-20,CCL.L,GBp,16.0868019904489
2026-02-20,DGE.L,GBp,23.5845139043715
2026-02-20,EDP.LS,EUR,24.6941237291056
2026-02-20,ELI.BR,EUR,22.5384280197737
2026-02-20,ENEI.MI,EUR,15.0279643909058
2026-02-20,EQTAB.ST,SEK,44.922723118372
2026-02-20,FDJU.PA,EUR,26.366735406759
2026-02-20,G24n.DE,EUR,31.8981425084483
2026-02-20,GBLB.BR,EUR,73.5923925393746
2026-02-20,GL9.I,EUR,41.5546200797952
2026-02-20,HIAB.HE,EUR,21.2301393068283
2026-02-20,HNRGn.DE,EUR,12.2715570515044
2026-02-20,INPST.AS,EUR,35.9754316019122
2026-02-20,JMT.LS,EUR,20.7392638636408
2026-02-20,LAGRb.ST,SEK,38.7450506992723
2026-02-20,LGEN.L,GBp,79.4908880532253
2026-02-20,LIGHT.AS,EUR,9.92143087776288
2026-02-20,MBGn.DE,EUR,9.14325931573724
2026-02-20,MWDP.PA,EUR,
2026-02-20,NOKIA.HE,EUR,57.2192037053532
2026-02-20,NXT.L,GBp,19.6693786567542
2026-02-20,PHNX.L,GBp,
2026-02-20,RILBA.CO,DKK,17.521231099681
2026-02-20,RR.L,GBp,19.5610477459406
2026-02-20,SAF.PA,EUR,17.2372354141589
2026-02-20,SAMPO.HE,EUR,12.3493333333333
2026-02-20,SHLG.DE,EUR,22.472446710851
2026-02-20,SIEGn.DE,EUR,24.3429924155914
2026-02-20,SPIE.PA,EUR,43.93523903317
2026-02-20,SSABb.ST,SEK,15.8309844271074
2026-02-20,SUBC.OL,NOK,28.3402127850335
2026-02-20,SYENS.BR,EUR,
2026-02-20,TKAG.DE,EUR,43.2341595691861
2026-02-20,TRELb.ST,SEK,25.4091062835501
2026-02-20,TRYG.CO,DKK,17.7012653168742
2026-02-20,TUI1n.DE,EUR,9.45765117929742
2026-02-20,UBSG.S,CHF,17.9252099187177
2026-02-20,VAR.OL,NOK,15.3608861917138
2026-02-20,WRT1V.HE,EUR,34.5035976657665
2026-02-20,ZELA.CO,DKK,4.37911329030233
2026-02-10,PRTP.PA,,56.9001284204287
2026-02-10,PRTP.PA,,
2026-02-19,AIBG.I,EUR,9.84933688184137
2026-02-19,AMA.MC,EUR,15.9165460364679
2026-02-19,AUTOA.L,GBp,14.2106527352429
2026-02-19,BAKKA.OL,NOK,34.5985566972869
2026-02-19,BAVA.CO,DKK,6.44480612420156
2026-02-19,BBVA.MC,EUR,11.4036703585162
2026-02-19,BRBY.L,GBp,
2026-02-19,CVC.AS,EUR,17.9410323659106
2026-02-19,DANO.PA,EUR,25.9910581222057
2026-02-19,DB1Gn.DE,EUR,19.8765157680289
2026-02-19,ENR1n.DE,EUR,75.8587235222102
2026-02-19,FRO.OL,NOK,34.5556906540242
2026-02-19,GEBN.S,CHF,35.7458320303912
2026-02-19,GF.S,CHF,18.0647826469732
2026-02-19,HRMS.PA,EUR,47.3415370327374
2026-02-19,IVG.MI,EUR,18.0871095635059
2026-02-19,KBC.BR,EUR,13.3974725351813
2026-02-19,KNEBV.HE,EUR,33.251061936591
2026-02-19,KOG.OL,NOK,47.1023569758117
2026-02-19,LOIM.PA,EUR,8.44845856949805
2026-02-19,MNDI.L,GBp,25.0657043540181
2026-02-19,MT.AS,EUR,15.606137693722
2026-02-19,MYCR.ST,SEK,24.7728735781899
2026-02-19,NOD.OL,NOK,177.792472190033
2026-02-19,NOVN.S,CHF,22.8014804196478
2026-02-19,NOVOb.CO,DKK,13.3480680256453
2026-02-19,ORK.OL,NOK,20.0237831580007
2026-02-19,PRTP.PA,EUR,
2026-02-19,PUMG.DE,EUR,
2026-02-19,RAAG.DE,EUR,32.759568849285
2026-02-19,RTO.L,GBp,51.3413954013146
2026-02-19,SAN.MC,EUR,12.3698327548122
2026-02-19,SCOR.PA,EUR,6.03255115357152
2026-02-19,SHEL.AS,EUR,13.214351032955
2026-02-19,SLHN.S,CHF,20.6226794963049
2026-02-19,SMIN.L,GBp,33.0110119565488
2026-02-19,STB.OL,NOK,15.3213988300334
2026-02-19,SUNN.S,CHF,
2026-02-19,TEMN.S,CHF,18.5926283067888
2026-02-19,TLIT.MI,EUR,
2026-02-19,TRN.MI,EUR,18.902556588131
2026-02-19,UMG.AS,EUR,13.8139035302988
2026-02-19,VERB.VI,EUR,12.0914538747799
2026-02-19,VIS.MC,EUR,17.191109316453
2026-02-19,VOD.L,GBp,
2026-02-19,VTYV.L,GBp,
2026-02-19,VZN.S,CHF,25.368274366575
2026-02-19,WBSV.VI,EUR,20.2072061398312
2026-02-19,WPP.L,GBp,7.96659635333892
2026-02-19,WTB.L,GBp,19.3275946077635
2026-02-20,AIBG.I,EUR,9.91058205182455
2026-02-20,AMA.MC,EUR,16.2684763409873
2026-02-20,AUTOA.L,GBp,14.4418423106948
2026-02-20,BAKKA.OL,NOK,35.4122305322944
2026-02-20,BAVA.CO,DKK,6.45134907458145
2026-02-20,BBVA.MC,EUR,11.4295747081443
2026-02-20,BRBY.L,GBp,
2026-02-20,CVC.AS,EUR,18.3589359310603
2026-02-20,DANO.PA,EUR,25.8087139475761
2026-02-20,DB1Gn.DE,EUR,20.1979936108575
2026-02-20,ENR1n.DE,EUR,76.3438128017371
2026-02-20,FRO.OL,NOK,35.4752684656333
2026-02-20,GEBN.S,CHF,36.2828586148854
2026-02-20,GF.S,CHF,18.4033915063354
2026-02-20,HRMS.PA,EUR,49.0364522869747
2026-02-20,IVG.MI,EUR,18.0918406933944
2026-02-20,KBC.BR,EUR,13.4147224998189
2026-02-20,KNEBV.HE,EUR,33.4841053780071
2026-02-20,KOG.OL,NOK,47.659745854645
2026-02-20,LOIM.PA,EUR,8.26373968247796
2026-02-20,MNDI.L,GBp,28.2950012671067
2026-02-20,MT.AS,EUR,15.6787741718742
2026-02-20,MYCR.ST,SEK,24.7853977812122
2026-02-20,NOD.OL,NOK,179.909049239914
2026-02-20,NOVN.S,CHF,22.7978748724594
2026-02-20,NOVOb.CO,DKK,13.0701642020795
2026-02-20,ORK.OL,NOK,20.4642120098656
2026-02-20,PRTP.PA,EUR,
2026-02-20,PUMG.DE,EUR,
2026-02-20,RAAG.DE,EUR,33.0494765382167
2026-02-20,RTO.L,GBp,51.1864925840754
2026-02-20,SAN.MC,EUR,12.5708542243727
2026-02-20,SCOR.PA,EUR,6.10641912688056
2026-02-20,SHEL.AS,EUR,13.198641036822
2026-02-20,SLHN.S,CHF,20.9844808909769
2026-02-20,SMIN.L,GBp,33.6075965099804
2026-02-20,STB.OL,NOK,15.6035451254525
2026-02-20,SUNN.S,CHF,
2026-02-20,TEMN.S,CHF,19.0585359855807
2026-02-20,TLIT.MI,EUR,
2026-02-20,TRN.MI,EUR,19.0876489415031
2026-02-20,UMG.AS,EUR,13.9632814778458
2026-02-20,VERB.VI,EUR,12.1629405108639
2026-02-20,VIS.MC,EUR,17.2504913866307
2026-02-20,VOD.L,GBp,
2026-02-20,VTYV.L,GBp,
2026-02-20,VZN.S,CHF,25.5420296704557
2026-02-20,WBSV.VI,EUR,20.1282203177863
2026-02-20,WPP.L,GBp,8.01860895194614
2026-02-20,WTB.L,GBp,19.2781634195084
2026-02-19,AAL.L,GBp,
2026-02-19,ABI.BR,EUR,23.4514163834467
2026-02-19,ALCC.S,CHF,39.1638109721166
2026-02-19,ALLN.S,CHF,14.3631796409838
2026-02-19,AMUN.PA,EUR,10.0452196382429
2026-02-19,AMV0n.DE,EUR,205.002501250625
2026-02-19,ASMI.AS,EUR,44.1568051060317
2026-02-19,ATCOa.ST,SEK,35.9386470026228
2026-02-19,AVOL.S,CHF,65.429380308273
2026-02-19,AXFO.ST,SEK,34.1806979468135
2026-02-19,AYV.PA,EUR,9.01142340290108
2026-02-19,AZE.BR,EUR,13.09089857085
2026-02-19,BALF.L,GBp,21.7853196974419
2026-02-19,BIRG.I,EUR,13.6957437842394
2026-02-19,BLND.L,GBp,9.23937360178972
2026-02-19,BNPP.PA,EUR,9.14789288464726
2026-02-19,BNZL.L,GBp,14.5685160473786
2026-02-19,BOLL.PA,EUR,47.9620102888801
2026-02-19,BUCN.S,CHF,17.4255584223004
2026-02-19,EXPN.L,GBp,23.4358017210404
2026-02-19,FMEG.DE,EUR,16.5952257627727
2026-02-19,HEIG.DE,EUR,19.7685302314217
2026-02-19,HEIN.AS,EUR,22.7049274711907
2026-02-19,HEXAb.ST,SEK,40.6449435973946
2026-02-19,ITPG.MI,EUR,20.2817940168708
2026-02-19,KGF.L,GBp,34.5090838809432
2026-02-19,LEGn.DE,EUR,5.194097429208
2026-02-19,MICP.PA,EUR,15.3273884417765
2026-02-19,MONC.MI,EUR,22.2268411439792
2026-02-19,MOWI.OL,NOK,14.9455802733342
2026-02-19,NDXG.DE,EUR,71.9436667515059
2026-02-19,NEXS.PA,EUR,15.6855554123839
2026-02-19,NIBEb.ST,SEK,34.8964979441373
2026-02-19,PKO.WA,PLN,10.8854316719485
2026-02-19,PNDORA.CO,DKK,7.69090965184305
2026-02-19,PRU.L,GBp,11.5949696164823
2026-02-19,RACE.MI,EUR,34.7271446607155
2026-02-19,RECI.MI,EUR,24.2522395889037
2026-02-19,SAGAb.ST,SEK,20.0666055178573
2026-02-19,SDFGn.DE,EUR,
2026-02-19,SEBa.ST,SEK,12.5083442970375
2026-02-19,SFZN.S,CHF,25.5968328185526
2026-02-19,SJP.L,GBp,13.4575678966594
2026-02-19,SWEDa.ST,SEK,11.867239993658
2026-02-19,TELIA.ST,SEK,34.6815427467472
2026-02-19,TEPRF.PA,EUR,6.30740481890685
2026-02-19,UMI.BR,EUR,34.8267967164901
2026-02-19,UPM.HE,EUR,29.6818773870234
2026-02-19,VIE.PA,EUR,20.7792365743753
2026-02-19,ZURN.S,CHF,17.7305702930212
2026-02-20,AAL.L,GBp,
2026-02-20,ABI.BR,EUR,23.5229314026334
2026-02-20,ALCC.S,CHF,39.3437701999473
2026-02-20,ALLN.S,CHF,14.7111861961618
2026-02-20,AMUN.PA,EUR,10.2454780361757
2026-02-20,AMV0n.DE,EUR,206.00300150075
2026-02-20,ASMI.AS,EUR,44.6349922231674
2026-02-20,ATCOa.ST,SEK,36.0585347139479
2026-02-20,AVOL.S,CHF,64.9260773828248
2026-02-20,AXFO.ST,SEK,33.4059490521049
2026-02-20,AYV.PA,EUR,9.2124216944156
2026-02-20,AZE.BR,EUR,19.5461248926944
2026-02-20,BALF.L,GBp,21.9694608912434
2026-02-20,BIRG.I,EUR,14.070796460177
2026-02-20,BLND.L,GBp,9.37360178970917
2026-02-20,BNPP.PA,EUR,9.23465359082091
2026-02-20,BNZL.L,GBp,14.678570937255
2026-02-20,BOLL.PA,EUR,48.2785912148793
2026-02-20,BUCN.S,CHF,17.4708784702127
2026-02-20,EXPN.L,GBp,23.5813657068853
2026-02-20,FMEG.DE,EUR,16.790991512739
2026-02-20,HEIG.DE,EUR,19.7973893996427
2026-02-20,HEIN.AS,EUR,22.8348386296735
2026-02-20,HEXAb.ST,SEK,40.9865475506439
2026-02-20,ITPG.MI,EUR,20.5686072655942
2026-02-20,KGF.L,GBp,34.2964824120603
2026-02-20,LEGn.DE,EUR,5.24752679291771
2026-02-20,MICP.PA,EUR,15.3136624222764
2026-02-20,MONC.MI,EUR,25.2075198011702
2026-02-20,MOWI.OL,NOK,15.1086220821233
2026-02-20,NDXG.DE,EUR,72.0709255959956
2026-02-20,NEXS.PA,EUR,26.9587302673211
2026-02-20,NIBEb.ST,SEK,35.5079398837374
2026-02-20,PKO.WA,PLN,10.9718620954576
2026-02-20,PNDORA.CO,DKK,8.0038097783629
2026-02-20,PRU.L,GBp,11.7927294214313
2026-02-20,RACE.MI,EUR,34.5316670575491
2026-02-20,RECI.MI,EUR,24.5374402224565
2026-02-20,SAGAb.ST,SEK,20.4683968182721
2026-02-20,SDFGn.DE,EUR,
2026-02-20,SEBa.ST,SEK,12.7027745192713
2026-02-20,SFZN.S,CHF,23.3499997155908
2026-02-20,SJP.L,GBp,13.5952141457992
2026-02-20,SWEDa.ST,SEK,12.02773795743
2026-02-20,TELIA.ST,SEK,34.8599936378378
2026-02-20,TEPRF.PA,EUR,6.44371415684
2026-02-20,UMI.BR,EUR,34.0822366584145
2026-02-20,UPM.HE,EUR,29.7812217144623
2026-02-20,VIE.PA,EUR,20.949508340276
2026-02-20,ZURN.S,CHF,15.5253206755943
2026-02-19,ADYEN.AS,EUR,31.5185051566258
2026-02-19,AENA.MC,EUR,19.6656976744186
2026-02-19,AGES.BR,EUR,10.018292185252
2026-02-19,ALSO.PA,EUR,43.2245894687587
2026-02-19,AVANZ.ST,SEK,19.6306908742501
2026-02-19,BATS.L,GBp,12.674404107493
2026-02-19,BCU.MI,EUR,43.2922225018877
2026-02-19,BEIJb.ST,SEK,29.5077603773503
2026-02-19,BMED.MI,EUR,10.550395863244
2026-02-19,BPTB.L,GBp,42.446982055465
2026-02-19,CLNX.MC,EUR,
2026-02-19,COFB.BR,EUR,18.2756353901838
2026-02-19,DLN.L,GBp,8.40165001965437
2026-02-19,DSFIR.AS,EUR,64.2238733303698
2026-02-19,DTGGe.DE,EUR,15.3856851643787
2026-02-19,FHZN.S,CHF,23.8661959164519
2026-02-19,FLS.CO,DKK,42.8637901527639
2026-02-19,FNTGn.DE,EUR,13.5850123219065
2026-02-19,FOUG.PA,EUR,13.8744567718437
2026-02-19,G1AG.DE,EUR,25.7182558167076
2026-02-19,GALD.S,CHF,125.512864358223
2026-02-19,GLEN.L,GBp,226.459870866931
2026-02-19,HNKG_p.DE,EUR,16.4890618008752
2026-02-19,IG.MI,EUR,14.8411256126439
2026-02-19,ISP.MI,EUR,10.630270750111
2026-02-19,ITRK.L,GBp,20.1009974392493
2026-02-19,KEMIRA.HE,EUR,16.776032289169
2026-02-19,KGH.WA,PLN,23.2956758862485
2026-02-19,KPN.AS,EUR,22.7039444743145
2026-02-19,LOOMIS.ST,SEK,19.2291607204296
2026-02-19,LOTB.BR,EUR,48.9907226768757
2026-02-19,MAP.MC,EUR,10.5682033512899
2026-02-19,MRON.L,GBp,26.9643797868461
2026-02-19,MTXGn.DE,EUR,25.4856401908418
2026-02-19,OMVV.VI,EUR,30.6042489766619
2026-02-19,PSN.L,GBp,19.3217814909701
2026-02-19,PSON.L,GBp,14.1732283464567
2026-02-19,RHMG.DE,EUR,95.6047059339623
2026-02-19,SCAb.ST,SEK,26.5048628756681
2026-02-19,SCMN.S,CHF,28.7949056859851
2026-02-19,SGE.L,GBp,21.6921256454389
2026-02-19,SOGN.PA,EUR,10.5402266862687
2026-02-19,SRP.L,GBp,63.2622916227052
2026-02-19,TEF.MC,EUR,
2026-02-19,TTEF.PA,EUR,13.5615677441383
2026-02-19,UCB.BR,EUR,41.2778045804954
2026-02-19,UHR.S,CHF,168.06433874072
2026-02-19,VID.MC,EUR,12.8237240394581
2026-02-19,VWS.CO,DKK,27.6787280857504
2026-02-19,ZEG.L,GBp,
2026-02-20,ADYEN.AS,EUR,31.6417106994853
2026-02-20,AENA.MC,EUR,19.6220930232558
2026-02-20,AGES.BR,EUR,10.1783288016298
2026-02-20,ALSO.PA,EUR,43.6340240104113
2026-02-20,AVANZ.ST,SEK,19.8588151107093
2026-02-20,BATS.L,GBp,12.9464235115438
2026-02-20,BCU.MI,EUR,44.1479989932041
2026-02-20,BEIJb.ST,SEK,29.6168463676547
2026-02-20,BMED.MI,EUR,10.6814566814209
2026-02-20,BPTB.L,GBp,42.6753670473083
2026-02-20,CLNX.MC,EUR,
2026-02-20,COFB.BR,EUR,18.0578325848837
2026-02-20,DLN.L,GBp,8.48216188568262
2026-02-20,DSFIR.AS,EUR,64.7107385533753
2026-02-20,DTGGe.DE,EUR,15.6382094927189
2026-02-20,FHZN.S,CHF,23.8114150535985
2026-02-20,FLS.CO,DKK,43.0609557008447
2026-02-20,FNTGn.DE,EUR,13.5761794140249
2026-02-20,FOUG.PA,EUR,13.8891750781787
2026-02-20,G1AG.DE,EUR,25.7577312669251
2026-02-20,GALD.S,CHF,125.188122147723
2026-02-20,GLEN.L,GBp,227.356741642642
2026-02-20,HNKG_p.DE,EUR,16.585371726215
2026-02-20,IG.MI,EUR,15.0751693375186
2026-02-20,ISP.MI,EUR,10.8577452285841
2026-02-20,ITRK.L,GBp,20.3517003026342
2026-02-20,KEMIRA.HE,EUR,16.8954953878711
2026-02-20,KGH.WA,PLN,23.8021036229061
2026-02-20,KPN.AS,EUR,22.6697297033091
2026-02-20,LOOMIS.ST,SEK,19.3671277928631
2026-02-20,LOTB.BR,EUR,48.8963282208509
2026-02-20,MAP.MC,EUR,10.7793508567716
2026-02-20,MRON.L,GBp,27.2723588766868
2026-02-20,MTXGn.DE,EUR,25.7030289932725
2026-02-20,OMVV.VI,EUR,30.0014795250177
2026-02-20,PSN.L,GBp,19.3911935080834
2026-02-20,PSON.L,GBp,14.2438335558932
2026-02-20,RHMG.DE,EUR,95.4127836679635
2026-02-20,SCAb.ST,SEK,26.5267677210199
2026-02-20,SCMN.S,CHF,28.6726343242612
2026-02-20,SGE.L,GBp,22.0309810671257
2026-02-20,SOGN.PA,EUR,10.7471263530437
2026-02-20,SRP.L,GBp,63.0512766406415
2026-02-20,TEF.MC,EUR,
2026-02-20,TTEF.PA,EUR,13.3280743380678
2026-02-20,UCB.BR,EUR,40.2429443667895
2026-02-20,UHR.S,CHF,3408.85596140593
2026-02-20,VID.MC,EUR,12.883718070052
2026-02-20,VWS.CO,DKK,27.6621796433607
2026-02-20,ZEG.L,GBp,
