Date,RIC,Price to Earning
2026-03-24,A.N,25.2092121790075
2026-03-24,AA.N,12.7825500601014
2026-03-24,AAL.OQ,64.4637053087757
2026-03-24,AAON.OQ,64.9036604397472
2026-03-24,AAP.N,45.34359577387
2026-03-24,AAPL.OQ,31.9701591520361
2026-03-24,ABBV.N,86.9381010888446
2026-03-24,ABCB.N,12.7595108854161
2026-03-24,ABG.N,7.58702665987434
2026-03-24,ABM.N,14.9674654566652
2026-03-24,ABNB.OQ,32.1755099818332
2026-03-24,ABR.N,14.3656316394753
2026-03-24,ABT.N,27.8812301393794
2026-03-24,ACA.N,24.9981131719466
2026-03-24,ACAD.OQ,9.19080568637253
2026-03-24,ACGL.OQ,8.05372592379076
2026-03-24,ACI.N,10.8644521055514
2026-03-24,ACIW.OQ,18.3897652144627
2026-03-24,ACLS.OQ,24.854975339883
2026-03-24,ACM.N,19.6374856061761
2026-03-24,ACMR.OQ,33.013170759763
2026-03-24,ACN.N,15.8588387993366
2026-03-24,ACT.OQ,8.93119922814611
2026-03-24,ADBE.OQ,13.9223780939509
2026-03-24,ADC.N,42.6136846338134
2026-03-24,ADEA.OQ,25.6402442121517
2026-03-24,ADI.OQ,55.7005534921234
2026-03-24,ADM.N,32.0568623403664
2026-03-24,ADMA.OQ,18.8968760945344
2026-03-24,ADP.OQ,19.6824713706451
2026-03-24,ADSK.OQ,45.8195125779242
2026-03-24,ADT.N,9.36426116838488
2026-03-24,ADUS.OQ,19.0352240774213
2026-03-24,AEE.N,20.1316060045239
2026-03-24,AEIS.OQ,92.745461359094
2026-03-24,AEO.N,14.5775459344546
2026-03-24,AEP.OQ,19.3256140908934
2026-03-24,AES.N,10.7045454545455
2026-03-24,AFG.N,12.6550172739549
2026-03-25,A.N,24.9399018562545
2026-03-25,AA.N,13.238103185038
2026-03-25,AAL.OQ,64.6442759118815
2026-03-25,AAON.OQ,67.854880328806
2026-03-25,AAP.N,46.9738272132842
2026-03-25,AAPL.OQ,32.0946654148282
2026-03-25,ABBV.N,87.7769775028598
2026-03-25,ABCB.N,12.8945057106144
2026-03-25,ABG.N,7.75443748564123
2026-03-25,ABM.N,15.1722834050196
2026-03-25,ABNB.OQ,32.6234920823495
2026-03-25,ABR.N,14.8139485020369
2026-03-25,ABT.N,28.0875394533071
2026-03-25,ACA.N,25.1702862318157
2026-03-25,ACAD.OQ,9.65122295596657
2026-03-25,ACGL.OQ,8.02963358128369
2026-03-25,ACI.N,10.6775783741985
2026-03-25,ACIW.OQ,18.4728098140262
2026-03-25,ACLS.OQ,26.556036264723
2026-03-25,ACM.N,19.5689698995029
2026-03-25,ACMR.OQ,32.8118709380572
2026-03-25,ACN.N,15.7564126936263
2026-03-25,ACT.OQ,8.91792192503192
2026-03-25,ADBE.OQ,13.8279574780836
2026-03-25,ADC.N,42.0359871547266
2026-03-25,ADEA.OQ,25.6199270614289
2026-03-25,ADI.OQ,55.7351683841422
2026-03-25,ADM.N,32.1555816812801
2026-03-25,ADMA.OQ,16.0615107493704
2026-03-25,ADP.OQ,19.4154145576703
2026-03-25,ADSK.OQ,45.0596501570446
2026-03-25,ADT.N,9.46449026345934
2026-03-25,ADUS.OQ,19.03714082539
2026-03-25,AEE.N,20.1521694427308
2026-03-25,AEIS.OQ,89.2295761159227
2026-03-25,AEO.N,14.7561923307102
2026-03-25,AEP.OQ,19.2505922970623
2026-03-25,AES.N,10.6515151515152
2026-03-25,AFG.N,12.5678301197932
2026-03-24,AFL.N,15.4220814582144
2026-03-24,AFRM.OQ,57.126458771762
2026-03-24,AGCO.N,11.9414349424221
2026-03-24,AGNC.OQ,7.13301567254148
2026-03-24,AGO.N,7.99287259768359
2026-03-24,AGX.N,52.4269395952272
2026-03-24,AGYS.OQ,66.6778604876775
2026-03-24,AHR.N,118.314901547289
2026-03-24,AIG.N,13.7176134969212
2026-03-24,AIR.N,42.5475655815018
2026-03-24,AIT.N,25.1340246601569
2026-03-24,AIZ.N,11.1713481010968
2026-03-24,AJG.N,37.5756185869705
2026-03-24,AKAM.OQ,37.2293555907437
2026-03-24,AKR.N,203.977454004041
2026-03-24,AL.N,6.95417019122356
2026-03-24,ALAB.OQ,99.9072805297318
2026-03-24,ALG.N,19.9188032199525
2026-03-24,ALGN.OQ,31.6866880219938
2026-03-24,ALH.N,37.7633806105177
2026-03-24,ALK.N,43.9114012164645
2026-03-24,ALKS.OQ,19.8260335367131
2026-03-24,ALL.N,5.43127851578414
2026-03-24,ALLE.N,19.5900513242407
2026-03-24,ALLY.N,16.7809600645422
2026-03-24,ALNY.OQ,137.203812577944
2026-03-24,ALRM.OQ,17.6882911070928
2026-03-24,ALSN.N,16.1000445212869
2026-03-24,AM.N,27.2248859782482
2026-03-24,AMAT.OQ,38.3191972015992
2026-03-24,AMCR.N,25.589045037504
2026-03-24,AMD.OQ,78.8544090430883
2026-03-24,AME.N,33.8977755073027
2026-03-24,AMG.N,12.5851627987064
2026-03-24,AMGN.OQ,24.4723171968545
2026-03-24,AMH.N,23.354546764175
2026-03-24,AMKR.OQ,33.4471307738891
2026-03-25,AFL.N,15.568750971141
2026-03-25,AFRM.OQ,57.4580702761303
2026-03-25,AGCO.N,12.0430248761937
2026-03-25,AGNC.OQ,7.27653711464493
2026-03-25,AGO.N,7.97720797720798
2026-03-25,AGX.N,51.560680561383
2026-03-25,AGYS.OQ,66.9856905654745
2026-03-25,AHR.N,117.554743630612
2026-03-25,AIG.N,13.9261271268852
2026-03-25,AIR.N,46.7743017597588
2026-03-25,AIT.N,25.311011431823
2026-03-25,AIZ.N,11.1456692023723
2026-03-25,AJG.N,37.1030567108999
2026-03-25,AKAM.OQ,38.7412901191014
2026-03-25,AKR.N,203.764755928959
2026-03-25,AL.N,6.95846952364472
2026-03-25,ALAB.OQ,98.7339279413817
2026-03-25,ALG.N,19.6768414685217
2026-03-25,ALGN.OQ,31.8510050726264
2026-03-25,ALH.N,39.1447304422265
2026-03-25,ALK.N,44.8243201606737
2026-03-25,ALKS.OQ,20.50319031596
2026-03-25,ALL.N,5.36316156946684
2026-03-25,ALLE.N,19.8252986296508
2026-03-25,ALLY.N,16.657820428441
2026-03-25,ALNY.OQ,146.401211473365
2026-03-25,ALRM.OQ,17.4201019931327
2026-03-25,ALSN.N,16.2475383552252
2026-03-25,AM.N,27.5991112150626
2026-03-25,AMAT.OQ,37.8427559411713
2026-03-25,AMCR.N,26.5176533675131
2026-03-25,AMD.OQ,84.5754524999808
2026-03-25,AME.N,33.6400036869182
2026-03-25,AMG.N,12.8185512287604
2026-03-25,AMGN.OQ,24.858615002964
2026-03-25,AMH.N,23.3375986170312
2026-03-25,AMKR.OQ,33.2275216780797
2026-03-24,AMP.N,12.3215157633583
2026-03-24,AMRC.N,34.3139630688703
2026-03-24,AMRX.OQ,53.9489563312922
2026-03-24,AMSC.OQ,10.995463219305
2026-03-24,AMT.N,31.5676148439686
2026-03-24,AMTM.N,66.4949484845454
2026-03-24,AMZN.OQ,28.8947386032815
2026-03-24,AN.N,11.1185106846977
2026-03-24,ANDE.OQ,25.7243862002496
2026-03-24,ANET.N,47.5156024092009
2026-03-24,ANF.N,8.43270682865108
2026-03-24,ANGI.OQ,7.73248393981318
2026-03-24,ANIP.OQ,22.0130318589917
2026-03-24,AON.N,19.207073192792
2026-03-24,AORT.N,179.69497156088
2026-03-24,AOS.N,17.0120630992886
2026-03-24,APA.OQ,10.2341308263057
2026-03-24,APAM.N,8.92127553562531
2026-03-24,APH.N,38.3190640038571
2026-03-24,APLE.N,15.9401431359792
2026-03-24,APLS.OQ,139.536767087788
2026-03-24,APO.N,19.616140777769
2026-03-24,APP.OQ,45.3163756879427
2026-03-24,APPF.OQ,41.4146557221914
2026-03-24,APPN.OQ,1541.82509505703
2026-03-24,APTV.N,93.3428097607202
2026-03-24,AR.N,21.3868670730024
2026-03-24,ARCB.OQ,36.1470182530979
2026-03-24,ARES.N,60.6480025165146
2026-03-24,ARLO.N,111.584773016229
2026-03-24,ARMK.N,33.8582213282387
2026-03-24,AROC.N,20.2059897496357
2026-03-24,ARR.N,5.85418359949916
2026-03-24,ARW.N,13.3648986096762
2026-03-24,ARWR.OQ,36.5171456013291
2026-03-25,AMP.N,12.4237895403618
2026-03-25,AMRC.N,34.8592061261087
2026-03-25,AMRX.OQ,54.7981942520002
2026-03-25,AMSC.OQ,11.4563100167612
2026-03-25,AMT.N,30.9950395336383
2026-03-25,AMTM.N,66.8700610183055
2026-03-25,AMZN.OQ,29.5179748586216
2026-03-25,AN.N,11.3465556417971
2026-03-25,ANDE.OQ,26.3213732139839
2026-03-25,ANET.N,49.0449654531056
2026-03-25,ANF.N,8.40517998285742
2026-03-25,ANGI.OQ,7.73248393981318
2026-03-25,ANIP.OQ,22.2412395279705
2026-03-25,AON.N,18.8793495331406
2026-03-25,AORT.N,181.809030049831
2026-03-25,AOS.N,17.3889537256288
2026-03-25,APA.OQ,10.3645658270332
2026-03-25,APAM.N,9.14549078226209
2026-03-25,APH.N,38.5496491811232
2026-03-25,APLE.N,16.2247885491217
2026-03-25,APLS.OQ,143.505021056042
2026-03-25,APO.N,19.3604697294295
2026-03-25,APP.OQ,45.3974630065098
2026-03-25,APPF.OQ,40.7769137402539
2026-03-25,APPN.OQ,1517.1102661597
2026-03-25,APTV.N,93.3033246466082
2026-03-25,AR.N,22.0279306467838
2026-03-25,ARCB.OQ,36.5940796839238
2026-03-25,ARES.N,60.9110926820899
2026-03-25,ARLO.N,110.088998579014
2026-03-25,ARMK.N,34.9018254656242
2026-03-25,AROC.N,20.1186597020954
2026-03-25,ARR.N,6.00062971831089
2026-03-25,ARW.N,13.5400210332223
2026-03-25,ARWR.OQ,39.4374789087039
2026-03-24,AS.N,43.4976930054027
2026-03-24,ASB.N,9.01727588673492
2026-03-24,ASGN.N,14.6066725062622
2026-03-24,ASO.OQ,9.64255547531099
2026-03-24,ASTH.OQ,52.6650441798768
2026-03-24,ATEN.N,39.0987408880053
2026-03-24,ATGE.N,16.6556934692537
2026-03-24,ATI.N,52.4459465618612
2026-03-24,ATMU.N,23.5987261146497
2026-03-24,ATO.N,23.5868603637601
2026-03-24,ATR.N,21.0991976696561
2026-03-24,ATRO.OQ,98.3692106979779
2026-03-24,AU.N,16.5337186897881
2026-03-24,AUB.N,17.1856632023177
2026-03-24,AUPH.OQ,6.8324534325746
2026-03-24,AVA.N,16.4235952177985
2026-03-24,AVB.N,22.1342889312316
2026-03-24,AVGO.OQ,62.0882840038155
2026-03-24,AVNT.N,38.4999383013809
2026-03-24,AVPT.OQ,63.6719008812032
2026-03-24,AVT.OQ,25.0704363779321
2026-03-24,AVY.N,18.8756303916762
2026-03-24,AWI.N,23.3936633685745
2026-03-24,AWK.N,23.4456588321401
2026-03-24,AWR.N,21.7656758322563
2026-03-24,AX.N,10.4781858485569
2026-03-24,AXON.OQ,299.390203921054
2026-03-24,AXP.N,19.643221852629
2026-03-24,AXS.N,8.1813937398549
2026-03-24,AXTA.N,15.4710865392352
2026-03-24,AYI.N,21.7684247790335
2026-03-24,AZO.N,23.4289297116703
2026-03-24,AZTA.OQ,34.0829121617299
2026-03-24,AZZ.N,11.696587915656
2026-03-24,BA.N,88.5580573314457
2026-03-24,BAC.N,12.6706217395653
2026-03-24,BAH.N,11.7279205689112
2026-03-25,AS.N,44.1943922285173
2026-03-25,ASB.N,9.11843122520791
2026-03-25,ASGN.N,14.8371828561769
2026-03-25,ASO.OQ,9.60473446952437
2026-03-25,ASTH.OQ,53.6736170492666
2026-03-25,ATEN.N,40.5636357294828
2026-03-25,ATGE.N,17.0828380665373
2026-03-25,ATI.N,52.2390937744323
2026-03-25,ATMU.N,24.1003184713376
2026-03-25,ATO.N,23.5842622627122
2026-03-25,ATR.N,21.3830128940486
2026-03-25,ATRO.OQ,99.1229977531348
2026-03-25,AU.N,17.2543352601156
2026-03-25,AUB.N,17.3774894372605
2026-03-25,AUPH.OQ,6.90938464645299
2026-03-25,AVA.N,16.5285785674392
2026-03-25,AVB.N,22.1464684739304
2026-03-25,AVGO.OQ,62.1897195113149
2026-03-25,AVNT.N,40.6874347957776
2026-03-25,AVPT.OQ,64.1356920426688
2026-03-25,AVT.OQ,25.4963307561263
2026-03-25,AVY.N,19.4125938406197
2026-03-25,AWI.N,23.6168637799413
2026-03-25,AWK.N,23.6229317429086
2026-03-25,AWR.N,21.807270080366
2026-03-25,AX.N,10.6295222607179
2026-03-25,AXON.OQ,301.717920136385
2026-03-25,AXP.N,19.5287447981236
2026-03-25,AXS.N,8.14752635003883
2026-03-25,AXTA.N,15.8963690072528
2026-03-25,AYI.N,21.9215717963222
2026-03-25,AZO.N,23.7111266689009
2026-03-25,AZTA.OQ,34.9625743714414
2026-03-25,AZZ.N,12.0725026807422
2026-03-25,BA.N,89.9963029423169
2026-03-25,BAC.N,12.8311759410845
2026-03-25,BAH.N,11.9122844318099
2026-03-24,BALL.N,17.8478704519931
2026-03-24,BAM.N,28.0399505523615
2026-03-24,BANC.N,14.860850732342
2026-03-24,BANF.OQ,15.260670305115
2026-03-24,BANR.OQ,10.6485225064193
2026-03-24,BBT.N,11.8560220586889
2026-03-24,BBW.N,10.2956811297667
2026-03-24,BBWI.N,5.73205954232393
2026-03-24,BBY.N,12.1997267862191
2026-03-24,BCC.N,20.9462094962603
2026-03-24,BCO.N,21.377158240187
2026-03-24,BCPC.OQ,34.9252323858278
2026-03-24,BCRX.OQ,8.02925775081041
2026-03-24,BDC.N,20.0764220023647
2026-03-24,BDX.N,25.4882857198904
2026-03-24,BELFB.OQ,42.5831680036804
2026-03-24,BEN.N,21.7815404435447
2026-03-24,BFAM.N,23.5375737689298
2026-03-24,BFH.N,6.82431578195171
2026-03-24,BFb.N,13.2636796239631
2026-03-24,BG.N,22.8448029868167
2026-03-24,BGC.OQ,30.6367771280052
2026-03-24,BHE.N,86.7840317381602
2026-03-24,BHF.OQ,10.3790792485588
2026-03-24,BIIB.OQ,20.8882206515617
2026-03-24,BIO.N,9.74924324419217
2026-03-24,BIRK.N,15.4218117940313
2026-03-24,BJ.N,22.3379981225118
2026-03-24,BJRI.OQ,16.8314435197081
2026-03-24,BK.N,15.9075178200629
2026-03-24,BKE.N,12.1139832189759
2026-03-24,BKH.N,17.2203730452804
2026-03-24,BKNG.OQ,25.8275886188499
2026-03-24,BKR.OQ,24.3726415275416
2026-03-24,BKU.N,12.6461485313648
2026-03-25,BALL.N,18.3399548369178
2026-03-25,BAM.N,28.5762873718842
2026-03-25,BANC.N,14.9378943133277
2026-03-25,BANF.OQ,15.0209039683087
2026-03-25,BANR.OQ,10.6502957824403
2026-03-25,BBT.N,11.8743345375968
2026-03-25,BBW.N,9.93962006780205
2026-03-25,BBWI.N,5.7733202145555
2026-03-25,BBY.N,11.9407470083882
2026-03-25,BCC.N,21.2536976878596
2026-03-25,BCO.N,21.691122656139
2026-03-25,BCPC.OQ,35.144146571467
2026-03-25,BCRX.OQ,7.81314936414263
2026-03-25,BDC.N,20.1322415260043
2026-03-25,BDX.N,25.8724408728005
2026-03-25,BELFB.OQ,42.4435106570878
2026-03-25,BEN.N,21.9839882212202
2026-03-25,BFAM.N,23.7430250769698
2026-03-25,BFH.N,6.88111636974617
2026-03-25,BFb.N,13.6650804546882
2026-03-25,BG.N,23.0859722342398
2026-03-25,BGC.OQ,30.6692657569851
2026-03-25,BHE.N,86.0985108151865
2026-03-25,BHF.OQ,10.4273059692624
2026-03-25,BIIB.OQ,21.4832748878027
2026-03-25,BIO.N,9.80226720421497
2026-03-25,BIRK.N,15.4404478944837
2026-03-25,BJ.N,22.3402821713996
2026-03-25,BJRI.OQ,17.3015695693459
2026-03-25,BK.N,15.919660963437
2026-03-25,BKE.N,12.2906001103251
2026-03-25,BKH.N,17.2957357281919
2026-03-25,BKNG.OQ,25.5091568106304
2026-03-25,BKR.OQ,24.0386645527588
2026-03-25,BKU.N,12.8415323756693
2026-03-24,BKV.N,14.9551143237665
2026-03-24,BL.OQ,98.9147368699005
2026-03-24,BLBD.OQ,14.1607380778803
2026-03-24,BLD.N,19.160039408953
2026-03-24,BLDR.N,21.5590639760215
2026-03-24,BLK.N,28.1637633708337
2026-03-24,BLKB.OQ,17.1492653914972
2026-03-24,BLMN.OQ,55.6634932970662
2026-03-24,BMI.N,31.4495083404664
2026-03-24,BMRN.OQ,30.3577943033534
2026-03-24,BMY.N,16.590253406798
2026-03-24,BNL.N,37.147338535152
2026-03-24,BOH.N,15.8650241259867
2026-03-24,BOKF.OQ,13.7701928371059
2026-03-24,BOOT.N,22.0275130019131
2026-03-24,BORR.N,33.8048274072152
2026-03-24,BOX.N,39.9113832000135
2026-03-24,BPOP.OQ,10.7995251422261
2026-03-24,BR.N,18.2227328675539
2026-03-24,BRBR.N,10.8350789091232
2026-03-24,BRKb.N,15.425332543233
2026-03-24,BRO.N,19.7277276920932
2026-03-24,BROS.N,82.4850440066401
2026-03-24,BRSL.N,456.521739130434
2026-03-24,BRX.N,22.9200750169586
2026-03-24,BSX.N,35.1449891960745
2026-03-24,BSY.OQ,43.4802968929266
2026-03-24,BTBT.OQ,3.93950946753082
2026-03-24,BTDR.OQ,133.690708252112
2026-03-24,BTSG.OQ,89.6297675958693
2026-03-24,BUR.N,28.5161938987179
2026-03-24,BURL.N,34.217599306282
2026-03-24,BUSE.OQ,19.3887482966712
2026-03-24,BWA.N,44.8395037576825
2026-03-24,BWXT.N,57.1829121506707
2026-03-24,BX.N,27.9206389839142
2026-03-24,BXMT.N,28.8768223048558
2026-03-24,BXP.N,30.4346575381871
2026-03-24,BYD.N,3.71451325013093
2026-03-24,C.N,16.3177821359452
2026-03-24,CACC.OQ,12.0438834780222
2026-03-24,CACI.N,24.6895980121943
2026-03-25,BKV.N,15.321113042771
2026-03-25,BL.OQ,97.8849251406089
2026-03-25,BLBD.OQ,14.4448075617788
2026-03-25,BLD.N,19.8774089158937
2026-03-25,BLDR.N,21.9366172765308
2026-03-25,BLK.N,28.3164038931701
2026-03-25,BLKB.OQ,16.5297413539645
2026-03-25,BLMN.OQ,54.5949096561103
2026-03-25,BMI.N,32.0194576087184
2026-03-25,BMRN.OQ,31.1996632524204
2026-03-25,BMY.N,17.0383261159901
2026-03-25,BNL.N,36.9885043778665
2026-03-25,BOH.N,15.9903539270365
2026-03-25,BOKF.OQ,13.6831430206722
2026-03-25,BOOT.N,22.0345259000353
2026-03-25,BORR.N,36.0109005969375
2026-03-25,BOX.N,40.0128528183186
2026-03-25,BPOP.OQ,10.827114281518
2026-03-25,BR.N,18.0821578159729
2026-03-25,BRBR.N,10.5758012022298
2026-03-25,BRKb.N,15.3550364089058
2026-03-25,BRO.N,19.0721144860853
2026-03-25,BROS.N,80.3865067184515
2026-03-25,BRSL.N,453.716690042075
2026-03-25,BRX.N,22.9120944894458
2026-03-25,BSX.N,35.9855810139703
2026-03-25,BSY.OQ,41.0803343557564
2026-03-25,BTBT.OQ,4.04117422798323
2026-03-25,BTDR.OQ,139.701104613385
2026-03-25,BTSG.OQ,92.7547029241945
2026-03-25,BUR.N,28.4512407478879
2026-03-25,BURL.N,34.651173069597
2026-03-25,BUSE.OQ,19.3887482966712
2026-03-25,BWA.N,45.7442819647544
2026-03-25,BWXT.N,62.033797011274
2026-03-25,BX.N,28.0240679114338
2026-03-25,BXMT.N,29.5614021439796
2026-03-25,BXP.N,30.4001380778414
2026-03-25,BYD.N,3.73210298968406
2026-03-25,C.N,16.4239467111219
2026-03-25,CACC.OQ,12.1572647400433
2026-03-25,CACI.N,24.7850667981824
2026-03-24,CAH.N,29.804829639431
2026-03-24,CAKE.OQ,18.6258873360961
2026-03-24,CALM.OQ,3.31552539055497
2026-03-24,CALX.N,212.117595576242
2026-03-24,CALY.N,64.9467882934246
2026-03-24,CARG.OQ,17.5895765472313
2026-03-24,CARR.N,34.9097756906867
2026-03-24,CART.OQ,22.7596195444314
2026-03-24,CASH.OQ,11.0500195930964
2026-03-24,CASY.OQ,39.5517877346062
2026-03-24,CAT.N,38.0648807481354
2026-03-24,CATY.OQ,10.7763742793011
2026-03-24,CAVA.N,156.743711129676
2026-03-24,CB.N,12.6588085456774
2026-03-24,CBOE.Z,27.1567655926687
2026-03-24,CBRE.N,34.5151724460278
2026-03-24,CBSH.OQ,12.0005549389567
2026-03-24,CBT.N,12.4171138771038
2026-03-24,CBU.N,14.4471585910302
2026-03-24,CBZ.N,14.2065200806958
2026-03-24,CCB.OQ,25.2664253137752
2026-03-24,CCI.N,31.1531295833829
2026-03-24,CCK.N,15.9322358316062
2026-03-24,CCL.N,12.6349313437574
2026-03-24,CCS.N,11.8454455311113
2026-03-24,CDE.N,19.9147288507972
2026-03-24,CDNS.OQ,70.0801317206752
2026-03-24,CDP.N,23.5000969845272
2026-03-24,CDW.OQ,15.0847854037686
2026-03-24,CECO.OQ,45.4415610099101
2026-03-24,CEG.OQ,39.8725053483384
2026-03-24,CELH.OQ,157.464082291932
2026-03-24,CENX.OQ,124.116629602174
2026-03-24,CF.N,14.1081476442328
2026-03-24,CFG.N,15.2441153421391
2026-03-24,CFR.N,13.594444018606
2026-03-24,CG.OQ,21.6164295842291
2026-03-25,CAH.N,30.3916351450474
2026-03-25,CAKE.OQ,18.4069130508674
2026-03-25,CALM.OQ,3.2948560846851
2026-03-25,CALX.N,209.889803874766
2026-03-25,CALY.N,64.804256936526
2026-03-25,CARG.OQ,17.9026841400904
2026-03-25,CARR.N,35.3090510357322
2026-03-25,CART.OQ,22.8035086179331
2026-03-25,CASH.OQ,10.7871556908818
2026-03-25,CASY.OQ,40.9977263347379
2026-03-25,CAT.N,38.1928915244118
2026-03-25,CATY.OQ,10.8930064697857
2026-03-25,CAVA.N,149.057829759584
2026-03-25,CB.N,12.5655032402211
2026-03-25,CBOE.Z,26.5763903344976
2026-03-25,CBRE.N,34.9903662887621
2026-03-25,CBSH.OQ,12.0253289995243
2026-03-25,CBT.N,12.7735944480346
2026-03-25,CBU.N,14.5227849664849
2026-03-25,CBZ.N,14.4608133995626
2026-03-25,CCB.OQ,25.0395404430503
2026-03-25,CCI.N,30.5069964720339
2026-03-25,CCK.N,16.192674152438
2026-03-25,CCL.N,12.7639098341138
2026-03-25,CCS.N,11.8207589478578
2026-03-25,CDE.N,19.4035370124644
2026-03-25,CDNS.OQ,69.3579356530698
2026-03-25,CDP.N,23.4404141985348
2026-03-25,CDW.OQ,15.0105370752841
2026-03-25,CECO.OQ,45.4708592439591
2026-03-25,CEG.OQ,41.0179017203935
2026-03-25,CELH.OQ,152.724645073536
2026-03-25,CENX.OQ,124.017790956264
2026-03-25,CF.N,14.2404254231222
2026-03-25,CFG.N,15.3682615139108
2026-03-25,CFR.N,13.6489065141179
2026-03-25,CG.OQ,21.5020811416548
2026-03-24,CGNX.OQ,75.4016939882633
2026-03-24,CHD.N,31.1756891398207
2026-03-24,CHDN.OQ,16.3733231852345
2026-03-24,CHE.N,20.34673638109
2026-03-24,CHEF.OQ,35.541262946876
2026-03-24,CHH.N,12.5073907308864
2026-03-24,CHRD.OQ,220.937358880072
2026-03-24,CHRW.OQ,35.0157591611118
2026-03-24,CHTR.OQ,5.99410396134243
2026-03-24,CHWY.N,48.406407398233
2026-03-24,CI.N,12.0125696651779
2026-03-24,CIEN.N,272.67416015749
2026-03-24,CINF.OQ,10.432713382178
2026-03-24,CL.N,32.2461280231937
2026-03-24,CLH.N,39.1570524569952
2026-03-24,CLX.N,16.8408153261713
2026-03-24,CMC.N,16.6091856787746
2026-03-24,CMCSA.OQ,5.43559140425025
2026-03-24,CME.OQ,27.1222040419862
2026-03-24,CMG.N,28.6596621379268
2026-03-24,CMI.N,27.0452629716101
2026-03-24,CMS.N,22.2755737423792
2026-03-24,CNA.N,9.75225105226704
2026-03-24,CNH.N,26.3577686700861
2026-03-24,CNK.N,28.5008454069597
2026-03-24,CNM.N,22.2038823870271
2026-03-24,CNMD.N,24.1666281075865
2026-03-24,CNO.N,18.1645855407574
2026-03-24,CNP.N,26.0962220297477
2026-03-24,CNS.N,21.2155654793931
2026-03-24,CNX.N,10.4726135719481
2026-03-24,COCO.OQ,45.9238491757043
2026-03-24,COF.N,77.4493395581394
2026-03-24,COHR.N,293.487514952959
2026-03-24,COIN.OQ,41.5037069981339
2026-03-24,COKE.OQ,30.4480101663024
2026-03-24,COLB.OQ,12.6437418092549
2026-03-24,COLL.OQ,19.4267273885872
2026-03-25,CGNX.OQ,76.2885988381546
2026-03-25,CHD.N,31.3450680836931
2026-03-25,CHDN.OQ,16.5921415659785
2026-03-25,CHE.N,20.353810856817
2026-03-25,CHEF.OQ,36.2989833420839
2026-03-25,CHH.N,12.5553988973282
2026-03-25,CHRD.OQ,222.985613831366
2026-03-25,CHRW.OQ,35.1275115839664
2026-03-25,CHTR.OQ,6.03018978941854
2026-03-25,CHWY.N,54.8468334571877
2026-03-25,CI.N,12.215437374196
2026-03-25,CIEN.N,277.957706229758
2026-03-25,CINF.OQ,10.2468269113513
2026-03-25,CL.N,32.6123445487144
2026-03-25,CLH.N,39.5812996242186
2026-03-25,CLX.N,17.1169478370982
2026-03-25,CMC.N,16.2447779064773
2026-03-25,CMCSA.OQ,5.34444014524674
2026-03-25,CME.OQ,26.3381440268964
2026-03-25,CMG.N,28.4322045019115
2026-03-25,CMI.N,26.9774974636687
2026-03-25,CMS.N,22.3051404715302
2026-03-25,CNA.N,9.70536522990037
2026-03-25,CNH.N,27.3885194002012
2026-03-25,CNK.N,28.0148629630755
2026-03-25,CNM.N,21.9088467203882
2026-03-25,CNMD.N,24.5103547655718
2026-03-25,CNO.N,18.1556440760561
2026-03-25,CNP.N,26.2146146320794
2026-03-25,CNS.N,20.8153986871839
2026-03-25,CNX.N,10.451906476403
2026-03-25,COCO.OQ,45.2187489507437
2026-03-25,COF.N,77.6968217415195
2026-03-25,COHR.N,293.174984642907
2026-03-25,COIN.OQ,41.5174620932504
2026-03-25,COKE.OQ,30.5941343455853
2026-03-25,COLB.OQ,12.7360318954538
2026-03-25,COLL.OQ,19.4384196710961
2026-03-24,COLM.OQ,17.0521021099405
2026-03-24,CON.N,17.0249569506237
2026-03-24,COO.OQ,34.8912031995565
2026-03-24,COP.N,20.4243399393349
2026-03-24,COR.N,39.3640079192296
2026-03-24,CORT.OQ,40.7337372180134
2026-03-24,CORZ.OQ,12.6468270349383
2026-03-24,COST.OQ,50.6440893040091
2026-03-24,CPAY.N,19.5143430388128
2026-03-24,CPB.OQ,11.3774247082188
2026-03-24,CPK.N,20.8105239404602
2026-03-24,CPNG.N,165.180164109882
2026-03-24,CPRT.OQ,20.6030339912418
2026-03-24,CPRX.OQ,13.69684088035
2026-03-24,CPT.N,27.6834512846467
2026-03-24,CR.N,30.5575953567848
2026-03-24,CRAI.OQ,19.3993735798072
2026-03-24,CRC.N,15.9925386104876
2026-03-24,CRDO.OQ,55.6619218069314
2026-03-24,CRGY.N,25.2032833635208
2026-03-24,CRH.N,19.1781413838797
2026-03-24,CRI.N,13.6986841379093
2026-03-24,CRK.N,15.9292299875973
2026-03-24,CRM.N,23.4256304709829
2026-03-24,CRMD.OQ,3.25762465709214
2026-03-24,CRS.N,46.4238191252607
2026-03-24,CRUS.OQ,18.8239354156321
2026-03-24,CRVL.OQ,26.1332235875125
2026-03-24,CSCO.OQ,29.1247798352501
2026-03-24,CSGP.OQ,3335.47868061142
2026-03-24,CSGS.OQ,40.3351775150911
2026-03-24,CSL.N,19.7895565501994
2026-03-24,CSTM.N,12.7664643367653
2026-03-24,CSW.N,35.3634707908794
2026-03-24,CSX.OQ,25.1952681899206
2026-03-24,CTAS.OQ,38.4996941724176
2026-03-25,COLM.OQ,17.0029694548425
2026-03-25,CON.N,17.1496248276077
2026-03-25,COO.OQ,35.3663848575445
2026-03-25,COP.N,20.358022020707
2026-03-25,COR.N,39.1005949044617
2026-03-25,CORT.OQ,48.7431799294206
2026-03-25,CORZ.OQ,12.7969377415844
2026-03-25,COST.OQ,50.6981751236433
2026-03-25,CPAY.N,19.3815156009146
2026-03-25,CPB.OQ,11.3230133035884
2026-03-25,CPK.N,20.6333419695615
2026-03-25,CPNG.N,167.67748840528
2026-03-25,CPRT.OQ,20.7536042761961
2026-03-25,CPRX.OQ,14.1302476355584
2026-03-25,CPT.N,27.5222872847259
2026-03-25,CR.N,30.817081609309
2026-03-25,CRAI.OQ,19.23232819505
2026-03-25,CRC.N,16.3915564879572
2026-03-25,CRDO.OQ,57.6653070284969
2026-03-25,CRGY.N,25.974025974026
2026-03-25,CRH.N,19.0935213458547
2026-03-25,CRI.N,13.76964135071
2026-03-25,CRK.N,16.7286800854739
2026-03-25,CRM.N,23.2899558545517
2026-03-25,CRMD.OQ,3.33326609649831
2026-03-25,CRS.N,47.2570701406765
2026-03-25,CRUS.OQ,18.8766229404117
2026-03-25,CRVL.OQ,25.5991925843181
2026-03-25,CSCO.OQ,29.4741619331996
2026-03-25,CSGP.OQ,3331.456154465
2026-03-25,CSGS.OQ,40.3704487508944
2026-03-25,CSL.N,19.793050160677
2026-03-25,CSTM.N,13.2118663379669
2026-03-25,CSW.N,35.7468326221021
2026-03-25,CSX.OQ,25.6490034030141
2026-03-25,CTAS.OQ,38.2230444865663
2026-03-24,CTRA.N,15.6027231251782
2026-03-24,CTRE.N,23.9063827595973
2026-03-24,CTRI.N,132.218711602598
2026-03-24,CTSH.OQ,11.2483964873035
2026-03-24,CTVA.N,46.6063217559791
2026-03-24,CUBE.N,24.903359584738
2026-03-24,CUBI.N,10.9863702561605
2026-03-24,CURB.N,68.1295439524124
2026-03-24,CUZ.N,91.3862045984672
2026-03-24,CVBF.OQ,12.5765543650742
2026-03-24,CVCO.OQ,20.6537724729942
2026-03-24,CVI.N,123.059743160246
2026-03-24,CVLT.OQ,40.5951887183741
2026-03-24,CVNA.N,39.3630141734055
2026-03-24,CVS.N,53.2366104074648
2026-03-24,CVX.N,31.1153777285579
2026-03-24,CW.N,54.4454190132064
2026-03-24,CWEN.N,26.7538156183697
2026-03-24,CWK.N,31.7929071221433
2026-03-24,CWST.OQ,615.820581329447
2026-03-24,CWT.N,20.5587598800004
2026-03-24,CXM.N,64.9438202247191
2026-03-24,CXT.N,17.2305651769199
2026-03-24,CXW.N,18.3334406002041
2026-03-24,D.N,17.476251783291
2026-03-24,DAL.N,8.70440796965929
2026-03-24,DAR.N,148.774302620456
2026-03-24,DASH.OQ,72.7658353751158
2026-03-24,DAVE.OQ,15.2977275759328
2026-03-24,DBD.N,30.4091347475976
2026-03-24,DBRG.N,32.0666319625195
2026-03-24,DBX.OQ,10.2597782964863
2026-03-24,DCI.N,26.9640312945235
2026-03-24,DDOG.OQ,371.536829342225
2026-03-24,DDS.N,15.577082698955
2026-03-24,DE.N,32.8708642203614
2026-03-24,DECK.N,14.3252549200236
2026-03-24,DEI.N,106.407192443382
2026-03-24,DELL.N,20.2732900463658
2026-03-24,DG.N,17.2118245877368
2026-03-24,DGII.OQ,44.2805745761653
2026-03-24,DGX.N,22.4261611096878
2026-03-25,CTRA.N,15.6740091246079
2026-03-25,CTRE.N,24.1960400628234
2026-03-25,CTRI.N,133.622959452343
2026-03-25,CTSH.OQ,11.1643696211135
2026-03-25,CTVA.N,47.4449810578675
2026-03-25,CUBE.N,24.8552968560109
2026-03-25,CUBI.N,11.1879698278017
2026-03-25,CURB.N,67.7329808327826
2026-03-25,CUZ.N,91.8860379873375
2026-03-25,CVBF.OQ,12.6421255557158
2026-03-25,CVCO.OQ,21.0996686634935
2026-03-25,CVI.N,121.682486506607
2026-03-25,CVLT.OQ,41.3469514724181
2026-03-25,CVNA.N,40.3556887840848
2026-03-25,CVS.N,52.7832216924562
2026-03-25,CVX.N,30.8686094154149
2026-03-25,CW.N,54.5572915655088
2026-03-25,CWEN.N,26.7538156183697
2026-03-25,CWK.N,32.4048208157076
2026-03-25,CWST.OQ,618.816290178933
2026-03-25,CWT.N,20.4055095804657
2026-03-25,CXM.N,65.2808988764045
2026-03-25,CXT.N,17.2305651769199
2026-03-25,CXW.N,18.370217813043
2026-03-25,D.N,17.5893385295243
2026-03-25,DAL.N,8.87941032043714
2026-03-25,DAR.N,150.721073797997
2026-03-25,DASH.OQ,71.9146354654088
2026-03-25,DAVE.OQ,13.4155289722951
2026-03-25,DBD.N,30.7344904116911
2026-03-25,DBRG.N,32.0458094742322
2026-03-25,DBX.OQ,10.0733982409273
2026-03-25,DCI.N,27.2202364586197
2026-03-25,DDOG.OQ,373.719308881479
2026-03-25,DDS.N,15.5759844064429
2026-03-25,DE.N,32.587271124021
2026-03-25,DECK.N,14.1359281462507
2026-03-25,DEI.N,106.748605895072
2026-03-25,DELL.N,21.0869261287195
2026-03-25,DG.N,17.4556636364433
2026-03-25,DGII.OQ,45.2268933070268
2026-03-25,DGX.N,22.469622662226
2026-03-24,DHI.N,12.5590478620203
2026-03-24,DHR.N,37.7772434336951
2026-03-24,DHT.N,14.106499501093
2026-03-24,DINO.N,20.0773159661065
2026-03-24,DIOD.OQ,50.7329813525051
2026-03-24,DIS.N,14.2031765959234
2026-03-24,DJCO.OQ,7.2088823972215
2026-03-24,DKS.N,18.9515750434252
2026-03-24,DLB.N,23.76962801158
2026-03-24,DLR.N,47.7055151736905
2026-03-24,DLTR.OQ,17.8248138542625
2026-03-24,DOC.N,165.248367306551
2026-03-24,DOCN.N,33.6286199672901
2026-03-24,DOCS.N,20.4376374964314
2026-03-24,DOCU.OQ,31.1708657748486
2026-03-24,DOLE.N,14.1241824915294
2026-03-24,DORM.OQ,15.8453276694459
2026-03-24,DOV.N,27.0613267054548
2026-03-24,DOX.OQ,12.3316953031518
2026-03-24,DPZ.OQ,20.474130578659
2026-03-24,DRH.OQ,21.4511327743313
2026-03-24,DRI.N,21.1438471215075
2026-03-24,DRS.OQ,42.5856836326381
2026-03-24,DT.N,60.2816994326428
2026-03-24,DTE.N,20.1133657328987
2026-03-24,DTM.N,32.0236888835173
2026-03-24,DUK.N,20.1609967490432
2026-03-24,DUOL.OQ,11.5216396397246
2026-03-24,DV.N,32.2939138393149
2026-03-24,DVA.N,16.0386232817442
2026-03-24,DVN.N,12.0360771055952
2026-03-24,DX.N,6.11779955614039
2026-03-24,DXC.N,5.01359106010269
2026-03-24,DXCM.OQ,32.2390140476905
2026-03-24,DXPE.OQ,26.1802151282926
2026-03-24,DY.N,36.5548014470543
2026-03-24,EA.OQ,75.5889806997286
2026-03-24,EAT.N,15.2069322504534
2026-03-24,EBAY.OQ,20.8644094388621
2026-03-24,EBC.OQ,47.8787272363418
2026-03-24,ECG.N,30.6070995091816
2026-03-25,DHI.N,12.5009419512873
2026-03-25,DHR.N,37.1910105661022
2026-03-25,DHT.N,13.5428488730796
2026-03-25,DINO.N,19.9008551812481
2026-03-25,DIOD.OQ,51.5825095484161
2026-03-25,DIS.N,14.1383420933587
2026-03-25,DJCO.OQ,7.16855567097173
2026-03-25,DKS.N,18.9750481198066
2026-03-25,DLB.N,23.6767621301011
2026-03-25,DLR.N,48.1751705231196
2026-03-25,DLTR.OQ,17.8432192754957
2026-03-25,DOC.N,166.336829606175
2026-03-25,DOCN.N,34.4523073145812
2026-03-25,DOCS.N,20.303289838279
2026-03-25,DOCU.OQ,31.2654047958295
2026-03-25,DOLE.N,14.2719249862107
2026-03-25,DORM.OQ,16.1104458051834
2026-03-25,DOV.N,27.008604944548
2026-03-25,DOX.OQ,12.6647227159547
2026-03-25,DPZ.OQ,20.6128650023085
2026-03-25,DRH.OQ,21.7238166655305
2026-03-25,DRI.N,21.2640545108877
2026-03-25,DRS.OQ,44.7700605053063
2026-03-25,DT.N,60.1167700224304
2026-03-25,DTE.N,20.1316097849868
2026-03-25,DTM.N,31.6448340941419
2026-03-25,DUK.N,20.2844508035593
2026-03-25,DUOL.OQ,11.6914918211456
2026-03-25,DV.N,32.195855396483
2026-03-25,DVA.N,16.2301073671148
2026-03-25,DVN.N,12.0695971134485
2026-03-25,DX.N,6.23072844040301
2026-03-25,DXC.N,5.18186132804073
2026-03-25,DXCM.OQ,32.3551906748894
2026-03-25,DXPE.OQ,26.0274304410447
2026-03-25,DY.N,36.856097332124
2026-03-25,EA.OQ,75.8589145659314
2026-03-25,EAT.N,14.7575156894532
2026-03-25,EBAY.OQ,20.9697852441089
2026-03-25,EBC.OQ,48.4790874524715
2026-03-25,ECG.N,31.2405770219969
2026-03-24,ECL.N,36.3482194883296
2026-03-24,ECVT.N,124.738259048759
2026-03-24,ED.N,19.4365041179634
2026-03-24,EEFT.OQ,9.75192373621118
2026-03-24,EFC.N,9.48011728659441
2026-03-24,EFX.N,31.8448002795579
2026-03-24,EG.N,8.55699518564956
2026-03-24,EGP.N,37.5433626865365
2026-03-24,EHC.N,17.6029380963043
2026-03-24,EIG.N,123.260315217057
2026-03-24,EIX.N,6.17046159865857
2026-03-24,ELF.N,38.1863193949876
2026-03-24,ELS.N,31.5318454217851
2026-03-24,ELV.N,11.5618422965189
2026-03-24,EME.N,26.9687560334917
2026-03-24,EMN.N,18.3899886952178
2026-03-24,EMR.N,31.9110853937212
2026-03-24,ENPH.OQ,32.2243196476325
2026-03-24,ENR.N,5.60463729845704
2026-03-24,ENS.N,21.9278537218799
2026-03-24,ENSG.OQ,34.7298645685894
2026-03-24,ENTG.OQ,78.5854997577911
2026-03-24,ENVA.N,11.8755770088553
2026-03-24,EOG.N,15.6435041537109
2026-03-24,EPAC.N,22.3942808820972
2026-03-24,EPAM.N,19.7672328102783
2026-03-24,EPR.N,15.3564620663363
2026-03-24,EPRT.N,24.3835509036027
2026-03-24,EQIX.OQ,70.094619342461
2026-03-24,EQR.N,19.974261902168
2026-03-24,EQT.N,19.7135752996415
2026-03-24,ES.N,14.7913816689466
2026-03-24,ESAB.N,23.2631248035209
2026-03-24,ESE.N,55.509326745895
2026-03-24,ESI.N,42.9205283700116
2026-03-24,ESNT.N,8.33066092425208
2026-03-24,ESS.N,23.4146998158556
2026-03-24,ETN.N,35.7921586374296
2026-03-24,ETR.N,26.2056731243594
2026-03-24,EVER.OQ,5.90159703667719
2026-03-25,ECL.N,36.9048011697835
2026-03-25,ECVT.N,129.52437930003
2026-03-25,ED.N,19.4630373871452
2026-03-25,EEFT.OQ,9.66693651310388
2026-03-25,EFC.N,9.69426415840279
2026-03-25,EFX.N,32.417818809662
2026-03-25,EG.N,8.56122386412411
2026-03-25,EGP.N,37.6870496951783
2026-03-25,EHC.N,17.8430848566703
2026-03-25,EIG.N,123.014531936465
2026-03-25,EIX.N,6.16267061179157
2026-03-25,ELF.N,39.3676309334057
2026-03-25,ELS.N,31.3924781492026
2026-03-25,ELV.N,11.7912233857206
2026-03-25,EME.N,27.0923927964758
2026-03-25,EMN.N,18.7711964665983
2026-03-25,EMR.N,32.0851681492306
2026-03-25,ENPH.OQ,33.4513135126632
2026-03-25,ENR.N,5.63831901299104
2026-03-25,ENS.N,21.9625144368067
2026-03-25,ENSG.OQ,34.8958805780096
2026-03-25,ENTG.OQ,79.5607944453415
2026-03-25,ENVA.N,11.8133378514351
2026-03-25,EOG.N,15.7181381453234
2026-03-25,EPAC.N,22.4782444419122
2026-03-25,EPAM.N,19.7999206576795
2026-03-25,EPR.N,15.1002668699962
2026-03-25,EPRT.N,24.0620957309185
2026-03-25,EQIX.OQ,70.1978140170344
2026-03-25,EQR.N,19.902767185968
2026-03-25,EQT.N,20.498135161559
2026-03-25,ES.N,14.6971131923252
2026-03-25,ESAB.N,23.7748843057982
2026-03-25,ESE.N,57.9014170077016
2026-03-25,ESI.N,44.8148289408444
2026-03-25,ESNT.N,8.4090193443722
2026-03-25,ESS.N,23.2839236690402
2026-03-25,ETN.N,35.8782664769743
2026-03-25,ETR.N,26.2670207789619
2026-03-25,EVER.OQ,6.05720184600437
2026-03-24,EVR.N,19.8817080145926
2026-03-24,EVRG.OQ,21.8277050460695
2026-03-24,EVTC.N,12.8588939164035
2026-03-24,EW.N,45.2185368877867
2026-03-24,EWBC.OQ,11.1107143457292
2026-03-24,EXC.OQ,17.2890960606891
2026-03-24,EXE.OQ,14.5425378180227
2026-03-24,EXEL.OQ,14.9334157179858
2026-03-24,EXLS.OQ,19.6220647851934
2026-03-24,EXP.N,13.8468680586742
2026-03-24,EXPD.N,23.8627902168779
2026-03-24,EXPE.OQ,24.0627078288328
2026-03-24,EXPO.OQ,31.5700937290028
2026-03-24,EXR.N,28.285808931856
2026-03-24,EXTR.OQ,227.000299670363
2026-03-24,EYE.OQ,74.3162901307967
2026-03-24,FAF.N,9.67224875206187
2026-03-24,FANG.OQ,34.9454785984214
2026-03-24,FAST.OQ,41.0291563842428
2026-03-24,FBIN.N,15.9995470300133
2026-03-24,FBK.N,21.6924157595255
2026-03-24,FBNC.OQ,20.6269914842351
2026-03-24,FBP.N,10.2882470353411
2026-03-24,FCF.N,11.6990885593797
2026-03-24,FCFS.OQ,26.4507636945653
2026-03-24,FCN.N,20.7311298762478
2026-03-24,FCNCA.OQ,11.2042753133577
2026-03-24,FCPT.N,21.9113278814771
2026-03-24,FCX.N,36.9824713038809
2026-03-24,FDS.N,12.560016390376
2026-03-24,FDX.N,19.1743869906504
2026-03-24,FE.N,27.8594785131788
2026-03-24,FELE.OQ,29.0934242256189
2026-03-24,FERG.N,23.4910389271459
2026-03-24,FFBC.OQ,10.2769355773065
2026-03-24,FFIN.OQ,16.7145572197837
2026-03-24,FFIV.OQ,23.9274098148407
2026-03-24,FG.N,13.3237484291915
2026-03-24,FHB.OQ,11.1381024814403
2026-03-24,FHN.N,12.0964947354392
2026-03-24,FIBK.OQ,11.2941224395576
2026-03-24,FICO.N,36.8347305234049
2026-03-24,FIGR.OQ,58.7497349636017
2026-03-24,FIGS.N,81.9187795444779
2026-03-25,EVR.N,20.4843787599978
2026-03-25,EVRG.OQ,21.8413593092035
2026-03-25,EVTC.N,12.7039674836758
2026-03-25,EW.N,45.7610043397396
2026-03-25,EWBC.OQ,11.2136399536205
2026-03-25,EXC.OQ,17.4280230326296
2026-03-25,EXE.OQ,15.1033449560502
2026-03-25,EXEL.OQ,15.3698867330773
2026-03-25,EXLS.OQ,19.6091129272494
2026-03-25,EXP.N,14.1384368730797
2026-03-25,EXPD.N,24.0661710449573
2026-03-25,EXPE.OQ,23.9885875000635
2026-03-25,EXPO.OQ,31.5845953797741
2026-03-25,EXR.N,28.3293959708141
2026-03-25,EXTR.OQ,231.64519029068
2026-03-25,EYE.OQ,75.8296400389147
2026-03-25,FAF.N,9.71386056049442
2026-03-25,FANG.OQ,34.761051024371
2026-03-25,FAST.OQ,41.4678731377388
2026-03-25,FBIN.N,15.9510145314389
2026-03-25,FBK.N,21.5677228158992
2026-03-25,FBNC.OQ,20.9309919045814
2026-03-25,FBP.N,10.3078157410669
2026-03-25,FCF.N,11.7603047204462
2026-03-25,FCFS.OQ,25.6558800507109
2026-03-25,FCN.N,20.412636555525
2026-03-25,FCNCA.OQ,11.3096573431218
2026-03-25,FCPT.N,22.0213429168653
2026-03-25,FCX.N,37.3818924705836
2026-03-25,FDS.N,12.3360485195851
2026-03-25,FDX.N,19.0444128150276
2026-03-25,FE.N,28.0634942223885
2026-03-25,FELE.OQ,29.1058866048117
2026-03-25,FERG.N,23.7936057543843
2026-03-25,FFBC.OQ,10.3973096397054
2026-03-25,FFIN.OQ,16.6240553871216
2026-03-25,FFIV.OQ,24.657550122642
2026-03-25,FG.N,13.5212998886029
2026-03-25,FHB.OQ,11.0972370422503
2026-03-25,FHN.N,12.1178195388511
2026-03-25,FIBK.OQ,11.4163311584708
2026-03-25,FICO.N,38.6153843306167
2026-03-25,FIGR.OQ,55.1452399462859
2026-03-25,FIGS.N,85.0880962612806
2026-03-24,FIS.N,67.6878150913248
2026-03-24,FISV.OQ,8.89294373169007
2026-03-24,FITB.OQ,13.0048609167027
2026-03-24,FIVE.OQ,35.7760455773414
2026-03-24,FIVN.OQ,33.210332103321
2026-03-24,FIX.N,50.5819352110171
2026-03-24,FLEX.OQ,30.9295194610443
2026-03-24,FLO.N,20.8902377339403
2026-03-24,FLS.N,28.0656689747599
2026-03-24,FLYW.OQ,123.050779688125
2026-03-24,FN.N,57.6242775508795
2026-03-24,FNB.N,10.5414838771655
2026-03-24,FND.N,26.7177952363138
2026-03-24,FNF.N,19.9454106607115
2026-03-24,FORM.OQ,152.877776007185
2026-03-24,FOUR.N,47.5646879756469
2026-03-24,FOX.OQ,14.1529316270813
2026-03-24,FOXA.OQ,14.1529316270813
2026-03-24,FR.N,30.9581098243903
2026-03-24,FRME.OQ,9.78167648354139
2026-03-24,FRPT.OQ,23.6978831553211
2026-03-24,FRSH.OQ,12.7027242949589
2026-03-24,FRT.N,22.1687161406828
2026-03-24,FSLR.OQ,13.5734727115836
2026-03-24,FSS.N,27.9807263273084
2026-03-24,FTAI.OQ,53.5200589203708
2026-03-24,FTDR.OQ,17.3093777388256
2026-03-24,FTI.N,30.4171959472641
2026-03-24,FTNT.OQ,32.6944711152136
2026-03-24,FTV.N,28.2613843445315
2026-03-24,FUBO.N,2.19583084429879
2026-03-24,FUL.N,19.3354813165418
2026-03-24,FULT.OQ,9.61751050187928
2026-03-24,FWONK.OQ,31.8903930295873
2026-03-24,FWRG.OQ,37.1583281994747
2026-03-24,G.N,12.0879717968633
2026-03-24,GAP.N,11.9409557449161
2026-03-25,FIS.N,65.5665445329073
2026-03-25,FISV.OQ,8.94029699969694
2026-03-25,FITB.OQ,12.9539612653653
2026-03-25,FIVE.OQ,36.1723702849358
2026-03-25,FIVN.OQ,32.2712508562211
2026-03-25,FIX.N,50.8975704737055
2026-03-25,FLEX.OQ,31.343584234204
2026-03-25,FLO.N,20.9408194233687
2026-03-25,FLS.N,28.5123966942149
2026-03-25,FLYW.OQ,123.950419832067
2026-03-25,FN.N,58.6906301933148
2026-03-25,FNB.N,10.5606967882417
2026-03-25,FND.N,27.4192542711061
2026-03-25,FNF.N,20.2070785680449
2026-03-25,FORM.OQ,156.557388923496
2026-03-25,FOUR.N,44.2668696093354
2026-03-25,FOX.OQ,14.0878994361468
2026-03-25,FOXA.OQ,14.0878994361468
2026-03-25,FR.N,31.2367703248003
2026-03-25,FRME.OQ,9.83318610167484
2026-03-25,FRPT.OQ,24.1683824475614
2026-03-25,FRSH.OQ,12.6547894862986
2026-03-25,FRT.N,22.2009631094677
2026-03-25,FSLR.OQ,13.6199258720173
2026-03-25,FSS.N,27.7538892586416
2026-03-25,FTAI.OQ,53.4464084568062
2026-03-25,FTDR.OQ,16.8682442302074
2026-03-25,FTI.N,30.6816556041603
2026-03-25,FTNT.OQ,32.5090348661356
2026-03-25,FTV.N,28.1996108268385
2026-03-25,FUBO.N,1.98209356577719
2026-03-25,FUL.N,20.599570645521
2026-03-25,FULT.OQ,9.66076767055341
2026-03-25,FWONK.OQ,31.9029780307829
2026-03-25,FWRG.OQ,36.5422651664991
2026-03-25,G.N,12.0368328363266
2026-03-25,GAP.N,11.6786201145845
2026-03-17,GLUE.OQ,63.979245659549
2026-03-24,GATX.N,18.5251430628076
2026-03-24,GBCI.N,22.4160339627754
2026-03-24,GBTG.N,24.5576357439656
2026-03-24,GBX.N,9.10301217748169
2026-03-24,GCT.OQ,11.6429208713626
2026-03-24,GD.N,22.4108981835929
2026-03-24,GDDY.N,12.879872853154
2026-03-24,GE.N,35.5295570266322
2026-03-24,GEF.N,14.3944134466635
2026-03-24,GEHC.OQ,15.5892316547521
2026-03-24,GEN.OQ,20.3955309337377
2026-03-24,GEO.N,9.30891985756364
2026-03-24,GEV.N,50.9827555276495
2026-03-24,GFF.N,78.3064040055098
2026-03-24,GFS.OQ,29.050561089396
2026-03-24,GGG.N,27.7239277725549
2026-03-24,GHC.N,15.9933869877967
2026-03-24,GIII.OQ,18.0064652293554
2026-03-24,GILD.OQ,20.3592461285591
2026-03-24,GIS.N,8.9804285226219
2026-03-24,GL.N,9.83692203291656
2026-03-24,GLNG.OQ,90.2558158787979
2026-03-24,GLOB.N,18.7808163638979
2026-03-24,GLPI.OQ,15.6730303918428
2026-03-24,GLW.N,77.3167531428136
2026-03-24,GM.N,25.4335528916259
2026-03-24,GME.N,27.7426416930187
2026-03-24,GMED.N,21.9236371123329
2026-03-24,GNRC.N,77.8545618285272
2026-03-24,GNTX.OQ,12.5444317907306
2026-03-24,GNW.N,15.2491894744779
2026-03-24,GOLD.N,94.0560876991935
2026-03-24,GOLF.N,30.185518196049
2026-03-24,GOOG.OQ,26.8791530160845
2026-03-24,GOOGL.OQ,26.8791530160845
2026-03-24,GPC.N,223.255309926311
2026-03-24,GPI.N,12.7703273599191
2026-03-24,GPK.N,6.06728060159317
2026-03-24,GPN.N,15.0737652341244
2026-03-24,GPOR.N,10.3090802863902
2026-03-25,GATX.N,18.6028143252063
2026-03-25,GBCI.N,22.3959614004627
2026-03-25,GBTG.N,25.2579485503525
2026-03-25,GBX.N,9.15884817320326
2026-03-25,GCT.OQ,12.3827256958876
2026-03-25,GD.N,22.8167449663995
2026-03-25,GDDY.N,13.0835515796328
2026-03-25,GE.N,36.2545003331316
2026-03-25,GEF.N,14.5008777876275
2026-03-25,GEHC.OQ,15.8616477659682
2026-03-25,GEN.OQ,20.0860388103123
2026-03-25,GEO.N,9.61665274541698
2026-03-25,GEV.N,51.7833116562766
2026-03-25,GFF.N,79.1044449789011
2026-03-25,GFS.OQ,29.4666498549994
2026-03-25,GGG.N,27.8925017019483
2026-03-25,GHC.N,16.1085307044643
2026-03-25,GIII.OQ,18.1200074804307
2026-03-25,GILD.OQ,20.3813581184171
2026-03-25,GIS.N,8.82668749084875
2026-03-25,GL.N,9.76096946706853
2026-03-25,GLNG.OQ,87.9046278665453
2026-03-25,GLOB.N,19.016230496593
2026-03-25,GLPI.OQ,15.550345222435
2026-03-25,GLW.N,79.6796480702118
2026-03-25,GM.N,25.4468393238535
2026-03-25,GME.N,30.9910974447115
2026-03-25,GMED.N,22.203242918983
2026-03-25,GNRC.N,76.3474112362728
2026-03-25,GNTX.OQ,12.6134520481761
2026-03-25,GNW.N,15.3811354897082
2026-03-25,GOLD.N,93.2560704015222
2026-03-25,GOLF.N,30.2793122630891
2026-03-25,GOOG.OQ,26.9245007126067
2026-03-25,GOOGL.OQ,26.9245007126067
2026-03-25,GPC.N,227.828348504552
2026-03-25,GPI.N,13.1323240549415
2026-03-25,GPK.N,6.33753808941469
2026-03-25,GPN.N,15.0312859746229
2026-03-25,GPOR.N,10.4908574463117
2026-03-24,GRBK.N,8.85834769329915
2026-03-24,GRMN.N,28.0584280018713
2026-03-24,GRND.N,24.8580130051856
2026-03-24,GS.N,16.2896696689204
2026-03-24,GSHD.OQ,40.1169121439624
2026-03-24,GTES.N,23.7295145530683
2026-03-24,GTLS.N,724.533715925393
2026-03-24,GTM.OQ,14.9110523313106
2026-03-24,GTX.OQ,11.7750416322463
2026-03-24,GVA.N,33.1740053413682
2026-03-24,GWRE.N,68.6697038724373
2026-03-24,GWW.N,29.9853450636619
2026-03-24,GXO.N,172.990547697258
2026-03-24,HAE.N,15.5681580885181
2026-03-24,HAL.N,25.2740620875805
2026-03-24,HALO.OQ,24.8993630675502
2026-03-24,HASI.N,25.7420002545213
2026-03-24,HAYW.N,20.3432091522441
2026-03-24,HBAN.OQ,11.1404575647881
2026-03-24,HCA.N,17.1100766346284
2026-03-24,HCC.N,88.3470287557655
2026-03-24,HCI.N,6.83475138002196
2026-03-24,HCSG.OQ,23.7645616186389
2026-03-24,HD.N,23.2585763847888
2026-03-24,HE.N,20.480404551201
2026-03-24,HEI.N,55.5064476387661
2026-03-24,HEIa.N,55.5064476387661
2026-03-24,HGV.N,44.7757970998845
2026-03-24,HHH.N,30.2762190448253
2026-03-24,HIG.N,10.148263118884
2026-03-24,HII.N,26.1511705198365
2026-03-24,HIMS.N,41.3565891472868
2026-03-24,HIW.N,14.4349399572298
2026-03-24,HL.N,37.0423931906454
2026-03-24,HLF.N,6.66160760132141
2026-03-24,HLI.N,21.3326867952786
2026-03-24,HLIO.N,46.3937354032147
2026-03-24,HLNE.OQ,17.8166504697117
2026-03-24,HLT.N,48.9856918855351
2026-03-24,HNI.N,28.9084236308727
2026-03-24,HOG.N,7.1463955055662
2026-03-24,HOLX.OQ,31.3541420253406
2026-03-24,HOMB.N,11.0579921014342
2026-03-25,GRBK.N,8.96762353073033
2026-03-25,GRMN.N,28.4855128625857
2026-03-25,GRND.N,25.5576590665898
2026-03-25,GS.N,16.4089593573015
2026-03-25,GSHD.OQ,39.3432288383288
2026-03-25,GTES.N,24.4429509383239
2026-03-25,GTLS.N,725.198586275675
2026-03-25,GTM.OQ,15.0666459208547
2026-03-25,GTX.OQ,12.1487484101071
2026-03-25,GVA.N,33.3958775594056
2026-03-25,GWRE.N,68.0820045558087
2026-03-25,GWW.N,30.2800198926618
2026-03-25,GXO.N,174.834081919957
2026-03-25,HAE.N,15.3675799839537
2026-03-25,HAL.N,25.6189194028663
2026-03-25,HALO.OQ,25.3809755059941
2026-03-25,HASI.N,26.0318717212709
2026-03-25,HAYW.N,20.4312114989733
2026-03-25,HBAN.OQ,11.1836376328687
2026-03-25,HCA.N,17.0501920709315
2026-03-25,HCC.N,89.5024355976227
2026-03-25,HCI.N,6.78272914801251
2026-03-25,HCSG.OQ,24.1446965052115
2026-03-25,HD.N,23.371035126488
2026-03-25,HE.N,20.9860935524652
2026-03-25,HEI.N,55.1900476379751
2026-03-25,HEIa.N,55.1900476379751
2026-03-25,HGV.N,43.901227636395
2026-03-25,HHH.N,30.219442262744
2026-03-25,HIG.N,10.0500855493859
2026-03-25,HII.N,26.1823895853197
2026-03-25,HIMS.N,40.3875968992248
2026-03-25,HIW.N,14.4760651422931
2026-03-25,HL.N,37.9307495248327
2026-03-25,HLF.N,6.95242812416219
2026-03-25,HLI.N,21.7715551900024
2026-03-25,HLIO.N,46.1807940651188
2026-03-25,HLNE.OQ,18.0511036300866
2026-03-25,HLT.N,49.5165294655691
2026-03-25,HNI.N,29.1937823505632
2026-03-25,HOG.N,7.09263433572314
2026-03-25,HOLX.OQ,31.341691671128
2026-03-25,HOMB.N,11.0663063812097
2026-03-24,HON.OQ,32.2315985167966
2026-03-24,HOOD.OQ,33.5678743585757
2026-03-24,HOPE.OQ,22.8033086348802
2026-03-24,HPQ.N,7.13171972983279
2026-03-24,HQY.OQ,33.3556787941577
2026-03-24,HRB.N,7.07044640185987
2026-03-24,HRL.N,25.4858055877488
2026-03-24,HRMY.OQ,9.98724875251524
2026-03-24,HSIC.OQ,22.6348396724339
2026-03-24,HST.OQ,17.2146247175513
2026-03-24,HSY.N,49.5637834302192
2026-03-24,HTH.N,13.3688929240198
2026-03-24,HTO.OQ,19.3785143939966
2026-03-24,HUBB.N,30.2954589167046
2026-03-24,HUBG.OQ,20.7576812628405
2026-03-24,HUBS.N,291.439560035765
2026-03-24,HUM.N,17.5596536803599
2026-03-24,HURN.OQ,21.3630608124294
2026-03-24,HWC.OQ,11.1856704875407
2026-03-24,HWKN.OQ,37.4176621495339
2026-03-24,HWM.N,64.5645645645646
2026-03-24,HXL.N,58.7219343696028
2026-03-24,IBKR.OQ,29.8489944247568
2026-03-24,IBM.N,19.4966637115217
2026-03-24,IBOC.OQ,10.2438501414116
2026-03-24,IBP.N,27.5293771761109
2026-03-24,ICE.N,27.0022042615724
2026-03-24,ICFI.OQ,13.9120554298665
2026-03-24,ICUI.OQ,5243.11183144248
2026-03-24,IDA.N,23.3399469108047
2026-03-24,IDCC.OQ,25.600865702244
2026-03-24,IDXX.OQ,43.5945699641586
2026-03-24,IESC.OQ,29.2961062630976
2026-03-24,IEX.N,30.0760321093765
2026-03-24,ILMN.OQ,22.9984519219535
2026-03-25,HON.OQ,32.8454783098231
2026-03-25,HOOD.OQ,35.2491836417353
2026-03-25,HOPE.OQ,22.9469838468012
2026-03-25,HPQ.N,7.3469172018288
2026-03-25,HQY.OQ,33.5060028033396
2026-03-25,HRB.N,7.02933915533743
2026-03-25,HRL.N,25.9358860396296
2026-03-25,HRMY.OQ,10.167830003022
2026-03-25,HSIC.OQ,22.7051721923564
2026-03-25,HST.OQ,17.6774322349973
2026-03-25,HSY.N,49.9783503919961
2026-03-25,HTH.N,13.4521174979667
2026-03-25,HTO.OQ,19.4712017081929
2026-03-25,HUBB.N,30.1504586980059
2026-03-25,HUBG.OQ,20.9188165762199
2026-03-25,HUBS.N,291.598789853386
2026-03-25,HUM.N,17.7645825771695
2026-03-25,HURN.OQ,20.5947777283461
2026-03-25,HWC.OQ,11.2527033654033
2026-03-25,HWKN.OQ,38.5724813671439
2026-03-25,HWM.N,65.1333559771621
2026-03-25,HXL.N,59.6798304814154
2026-03-25,IBKR.OQ,31.0046723698169
2026-03-25,IBM.N,19.5614932180233
2026-03-25,IBOC.OQ,10.2242201219779
2026-03-25,IBP.N,27.9200106087816
2026-03-25,ICE.N,27.1772281757309
2026-03-25,ICFI.OQ,13.3762765185289
2026-03-25,ICUI.OQ,5323.33873581849
2026-03-25,IDA.N,23.4567566835505
2026-03-25,IDCC.OQ,26.0523106611365
2026-03-25,IDXX.OQ,44.0158289398035
2026-03-25,IESC.OQ,29.624100674782
2026-03-25,IEX.N,29.8811179651587
2026-03-25,ILMN.OQ,23.0386143241033
2026-03-24,IMAX.N,60.7076468438696
2026-03-24,INCY.OQ,14.1490727064356
2026-03-24,INDB.OQ,16.8589832916036
2026-03-24,INDV.OQ,30.0139696837013
2026-03-24,INGR.N,9.85174052488312
2026-03-24,INOD.OQ,48.3930873260361
2026-03-24,INSP.N,10.4747535707101
2026-03-24,INSW.N,11.7463620802061
2026-03-24,INTU.OQ,28.0657144637239
2026-03-24,INVA.OQ,7.08216212723337
2026-03-24,INVH.N,26.127471976432
2026-03-24,IOSP.OQ,14.535194865801
2026-03-24,IPAR.OQ,17.2050112721171
2026-03-24,IPGP.OQ,172.293268637691
2026-03-24,IQV.N,21.1289464913151
2026-03-24,IR.N,57.1100854419077
2026-03-24,IRDM.OQ,25.2211432707583
2026-03-24,IRM.N,208.242008188247
2026-03-24,IRT.N,63.1429288283014
2026-03-24,ISRG.OQ,59.9122980748234
2026-03-24,IT.N,15.6836011156098
2026-03-24,ITGR.N,30.0038640548905
2026-03-24,ITRI.OQ,14.2526982330591
2026-03-24,ITT.N,31.7515107692408
2026-03-24,ITW.N,25.2626441898015
2026-03-24,IVT.N,21.5243422532044
2026-03-24,J.N,33.6538461538462
2026-03-24,JBHT.OQ,33.3832384052075
2026-03-24,JBL.N,37.1651180084277
2026-03-24,JCI.N,45.7620694397392
2026-03-24,JEF.N,14.2231295093985
2026-03-25,IMAX.N,60.6758710538441
2026-03-25,INCY.OQ,14.4004521707632
2026-03-25,INDB.OQ,16.8454979030221
2026-03-25,INDV.OQ,31.5464648360126
2026-03-25,INGR.N,9.91708461522624
2026-03-25,INOD.OQ,47.7048786349435
2026-03-25,INSP.N,10.3419835043251
2026-03-25,INSW.N,11.2838942361733
2026-03-25,INTU.OQ,27.7029272192974
2026-03-25,INVA.OQ,7.29863332364059
2026-03-25,INVH.N,26.0021102556334
2026-03-25,IOSP.OQ,15.1452877283567
2026-03-25,IPAR.OQ,17.4207181703474
2026-03-25,IPGP.OQ,174.088846854997
2026-03-25,IQV.N,21.0717002638415
2026-03-25,IR.N,57.4535014698206
2026-03-25,IRDM.OQ,27.9002434691057
2026-03-25,IRM.N,207.869815144122
2026-03-25,IRT.N,62.7665802458811
2026-03-25,ISRG.OQ,59.6672709821905
2026-03-25,IT.N,15.5644563059722
2026-03-25,ITGR.N,30.2022884952117
2026-03-25,ITRI.OQ,14.3834005040495
2026-03-25,ITT.N,31.6893459277121
2026-03-25,ITW.N,25.3970402368421
2026-03-25,IVT.N,21.4470429503036
2026-03-25,J.N,33.941106422095
2026-03-25,JBHT.OQ,34.0276647681042
2026-03-25,JBL.N,37.9502776865927
2026-03-25,JCI.N,46.1142659721127
2026-03-25,JEF.N,13.9039421393972
2026-03-24,JHG.N,9.49835556301001
2026-03-24,JHX.N,72.3359736960096
2026-03-24,JJSF.OQ,24.4142491304514
2026-03-24,JKHY.OQ,22.8061285279733
2026-03-24,JLL.N,18.0471766905407
2026-03-24,JNJ.N,21.3065197388917
2026-03-24,JOE.N,30.9171968141061
2026-03-24,JPM.N,14.6121240651289
2026-03-24,KAI.N,37.4554535496624
2026-03-24,KALU.OQ,16.8429640424296
2026-03-24,KBH.N,8.59647242601091
2026-03-24,KBR.N,10.7891394322021
2026-03-24,KD.N,11.7341029487155
2026-03-24,KDP.OQ,17.1800132406054
2026-03-24,KEX.N,21.5319505088868
2026-03-24,KEY.N,13.0305580392363
2026-03-24,KEYS.N,52.6546901259671
2026-03-24,KFY.N,12.4123374951986
2026-03-24,KGS.N,67.465479858496
2026-03-24,KIM.N,27.6409615525987
2026-03-24,KKR.N,38.8306801242103
2026-03-24,KLAC.OQ,45.5691289438264
2026-03-24,KMB.OQ,20.2486663964661
2026-03-24,KMI.N,24.8165999868347
2026-03-24,KMPR.N,14.116625536971
2026-03-24,KMT.N,25.2720719459705
2026-03-24,KMX.N,13.9252271532007
2026-03-24,KN.N,45.2333040950759
2026-03-24,KNF.N,31.1279669013573
2026-03-24,KNSL.N,15.0565184348968
2026-03-24,KNTK.N,18.10958681334
2026-03-24,KNX.N,135.582776723437
2026-03-24,KO.N,24.5713909638356
2026-03-24,KR.N,46.3398123972536
2026-03-24,KRC.N,12.3608700532774
2026-03-24,KRG.N,17.7449999274826
2026-03-24,KRMN.N,1189.16394208314
2026-03-24,KROS.OQ,6.04593590977857
2026-03-24,KRYS.OQ,36.1215229251577
2026-03-24,KSS.N,5.20431684386628
2026-03-24,KTB.N,17.4767819343559
2026-03-24,KTOS.OQ,589.367204137511
2026-03-25,JHG.N,9.37438470345441
2026-03-25,JHX.N,72.6722463010014
2026-03-25,JJSF.OQ,24.7200244620265
2026-03-25,JKHY.OQ,22.5951068817461
2026-03-25,JLL.N,18.2871965256824
2026-03-25,JNJ.N,21.7285386192557
2026-03-25,JOE.N,30.8620948755197
2026-03-25,JPM.N,14.7630427199739
2026-03-25,KAI.N,36.4907865043774
2026-03-25,KALU.OQ,17.4725799323976
2026-03-25,KBH.N,8.46331966081769
2026-03-25,KBR.N,10.8697843612202
2026-03-25,KD.N,12.0094176619135
2026-03-25,KDP.OQ,17.2848893229593
2026-03-25,KEX.N,21.4577296307117
2026-03-25,KEY.N,13.1488981223373
2026-03-25,KEYS.N,51.691817167002
2026-03-25,KFY.N,12.4756960531578
2026-03-25,KGS.N,67.465479858496
2026-03-25,KIM.N,27.4571785635522
2026-03-25,KKR.N,37.9764137041419
2026-03-25,KLAC.OQ,44.9182619261125
2026-03-25,KMB.OQ,20.3387332506356
2026-03-25,KMI.N,24.8531702785925
2026-03-25,KMPR.N,13.878987295494
2026-03-25,KMT.N,25.4540364628897
2026-03-25,KMX.N,13.8524587452742
2026-03-25,KN.N,45.8352682180142
2026-03-25,KNF.N,31.9009944109748
2026-03-25,KNSL.N,15.0897211708023
2026-03-25,KNTK.N,18.2799570976648
2026-03-25,KNX.N,138.860818771104
2026-03-25,KO.N,24.7622494981737
2026-03-25,KR.N,45.3598942719917
2026-03-25,KRC.N,12.2961082472001
2026-03-25,KRG.N,17.5927134548724
2026-03-25,KRMN.N,1163.00794021485
2026-03-25,KROS.OQ,6.23848163938936
2026-03-25,KRYS.OQ,37.2705583786028
2026-03-25,KSS.N,5.35180760462362
2026-03-25,KTB.N,17.0691458796835
2026-03-25,KTOS.OQ,608.305445695163
2026-03-24,KVUE.N,22.9751135664446
2026-03-24,L.N,13.4282527228747
2026-03-24,LAD.N,7.84995142657561
2026-03-24,LAMR.OQ,22.1154679939647
2026-03-24,LAUR.OQ,18.1502129792032
2026-03-24,LAZ.N,18.1721029430055
2026-03-24,LBRT.N,33.1118444523725
2026-03-24,LC.N,12.6531849478197
2026-03-24,LCII.N,16.2789189389517
2026-03-24,LDOS.N,14.3013400928656
2026-03-24,LEA.N,14.793361112101
2026-03-24,LECO.OQ,27.3333412031607
2026-03-24,LEG.N,6.02484804192439
2026-03-24,LEN.N,11.5640220965705
2026-03-24,LEU.N,47.0828084279766
2026-03-24,LFST.OQ,275.523280649295
2026-03-24,LGIH.OQ,11.9529562364989
2026-03-24,LGND.OQ,34.277730183984
2026-03-24,LH.N,25.4444070493208
2026-03-24,LHX.N,41.1807926089723
2026-03-24,LIF.OQ,112.251456558535
2026-03-24,LII.N,20.9283192888312
2026-03-24,LIN.OQ,32.8651456445668
2026-03-24,LITE.OQ,245.223884247991
2026-03-24,LKQ.OQ,12.2651938346174
2026-03-24,LLY.N,39.3359986548519
2026-03-24,LMAT.OQ,44.4785027983566
2026-03-24,LMB.OQ,24.2810731276062
2026-03-24,LMT.N,28.3924662735638
2026-03-24,LNC.N,6.61558052095813
2026-03-24,LNG.N,12.0868506979748
2026-03-24,LNT.OQ,22.1614932125257
2026-03-24,LNTH.OQ,22.0774315953502
2026-03-24,LOAR.N,78.0406752625282
2026-03-24,LOPE.OQ,21.7631846262283
2026-03-24,LOW.N,19.7831223628692
2026-03-24,LPLA.OQ,27.2644122079024
2026-03-25,KVUE.N,23.1191171272599
2026-03-25,L.N,13.3355057841503
2026-03-25,LAD.N,7.92005418787665
2026-03-25,LAMR.OQ,21.9333691750056
2026-03-25,LAUR.OQ,18.468637768312
2026-03-25,LAZ.N,18.8400256113796
2026-03-25,LBRT.N,32.108455226543
2026-03-25,LC.N,12.5925605161737
2026-03-25,LCII.N,16.2696537602728
2026-03-25,LDOS.N,14.2914454616925
2026-03-25,LEA.N,15.0194578348044
2026-03-25,LECO.OQ,27.5329486418645
2026-03-25,LEG.N,6.00108138298188
2026-03-25,LEN.N,11.5402381152071
2026-03-25,LEU.N,46.4625385865541
2026-03-25,LFST.OQ,284.066638188808
2026-03-25,LGIH.OQ,12.5898071845748
2026-03-25,LGND.OQ,34.770665905166
2026-03-25,LH.N,25.4348457961082
2026-03-25,LHX.N,41.2511029941678
2026-03-25,LIF.OQ,112.546566441111
2026-03-25,LII.N,21.134982986444
2026-03-25,LIN.OQ,33.7212941952443
2026-03-25,LITE.OQ,237.634691356515
2026-03-25,LKQ.OQ,12.3954957567809
2026-03-25,LLY.N,39.9149176401711
2026-03-25,LMAT.OQ,44.9192843971402
2026-03-25,LMB.OQ,25.6504576464515
2026-03-25,LMT.N,29.0453110575062
2026-03-25,LNC.N,6.76816082340619
2026-03-25,LNG.N,11.6687469278194
2026-03-25,LNT.OQ,22.196488392735
2026-03-25,LNTH.OQ,22.4907886793687
2026-03-25,LOAR.N,79.1040808188223
2026-03-25,LOPE.OQ,22.1065342675899
2026-03-25,LOW.N,19.9308016877637
2026-03-25,LPLA.OQ,27.3107354588136
2026-03-26,LIF.OQ,108.986419951647
2026-03-24,LPX.N,35.2829492115395
2026-03-24,LRCX.OQ,48.9500457036518
2026-03-24,LRN.N,13.2301460177733
2026-03-24,LSCC.OQ,4521.12029384757
2026-03-24,LSTR.OQ,47.332001172946
2026-03-24,LTC.N,15.1534822580514
2026-03-24,LTH.N,15.5869724072542
2026-03-24,LULU.OQ,12.1032509956325
2026-03-24,LUV.N,49.8435740207734
2026-03-24,LVS.N,23.3584220088243
2026-03-24,LW.N,14.9287027608565
2026-03-24,LXP.N,25.6874274618951
2026-03-24,LYFT.OQ,1.89750584679803
2026-03-24,LZ.OQ,71.0129438308989
2026-03-24,LZB.N,16.1624595565761
2026-03-24,M.N,7.87125066378882
2026-03-24,MA.N,30.1914125754286
2026-03-24,MAA.N,32.1895273707438
2026-03-24,MANH.OQ,36.8318348743543
2026-03-24,MAR.OQ,34.1514991632993
2026-03-24,MAS.N,15.6631476258799
2026-03-24,MASI.OQ,46.1022459010049
2026-03-24,MAT.OQ,11.8978456543019
2026-03-24,MATX.N,11.7297034572212
2026-03-24,MBC.N,42.2549314108341
2026-03-24,MBIN.OQ,11.2921703562008
2026-03-24,MC.N,18.4101899210165
2026-03-24,MCD.N,25.753342145331
2026-03-24,MCK.N,25.3740554210524
2026-03-24,MCO.N,31.3407485322968
2026-03-24,MCY.N,9.06950557887194
2026-03-24,MD.N,10.7043735748997
2026-03-24,MDLZ.OQ,30.2616537533342
2026-03-24,MDT.N,24.1763887880531
2026-03-24,MDU.N,21.925919569205
2026-03-24,MEDP.OQ,30.1326125329537
2026-03-25,LPX.N,35.6761007043165
2026-03-25,LRCX.OQ,47.8453699946304
2026-03-25,LRN.N,13.5029482453025
2026-03-25,LSCC.OQ,4624.42607897153
2026-03-25,LSTR.OQ,47.4831540156775
2026-03-25,LTC.N,15.1129106857407
2026-03-25,LTH.N,15.9553588143997
2026-03-25,LULU.OQ,11.9355576143323
2026-03-25,LUV.N,50.294080840946
2026-03-25,LVS.N,23.0478273263754
2026-03-25,LW.N,15.0366471047528
2026-03-25,LXP.N,25.3573962739479
2026-03-25,LYFT.OQ,1.91192458423571
2026-03-25,LZ.OQ,70.4191901199382
2026-03-25,LZB.N,16.2568896708365
2026-03-25,M.N,7.92264076605512
2026-03-25,MA.N,30.423174766846
2026-03-25,MAA.N,32.1446031473382
2026-03-25,MANH.OQ,36.232266230684
2026-03-25,MAR.OQ,34.4147781663776
2026-03-25,MAS.N,15.9615180047065
2026-03-25,MASI.OQ,45.9474451424812
2026-03-25,MAT.OQ,11.8341782528073
2026-03-25,MATX.N,11.8131070125134
2026-03-25,MBC.N,43.5065585260839
2026-03-25,MBIN.OQ,11.3609605223819
2026-03-25,MC.N,18.8185490320188
2026-03-25,MCD.N,26.0762628206201
2026-03-25,MCK.N,25.3110475278033
2026-03-25,MCO.N,31.3107580853513
2026-03-25,MCY.N,9.05005630054253
2026-03-25,MD.N,10.9313578820301
2026-03-25,MDLZ.OQ,30.3939624878276
2026-03-25,MDT.N,24.542190004412
2026-03-25,MDU.N,22.0439162009375
2026-03-25,MEDP.OQ,30.5289393809584
2026-03-24,MET.N,14.835617368859
2026-03-24,META.OQ,20.2842365768999
2026-03-24,MGEE.OQ,20.6522060861446
2026-03-24,MGM.N,51.0868517779216
2026-03-24,MGNI.OQ,13.5074442523186
2026-03-24,MGRC.OQ,17.1697765281243
2026-03-24,MGY.N,18.1334538753086
2026-03-24,MHK.N,17.2216057171137
2026-03-24,MHO.N,8.35615581476939
2026-03-24,MIDD.OQ,18.9034078913742
2026-03-24,MIR.N,175.766983199416
2026-03-24,MKC.N,17.7831014466046
2026-03-24,MKL.N,11.1834284670802
2026-03-24,MKSI.OQ,55.9115002398896
2026-03-24,MKTX.OQ,25.0026646490394
2026-03-24,MLI.N,16.121308858739
2026-03-24,MLM.N,33.5890589840152
2026-03-24,MMM.N,24.4628986875397
2026-03-24,MMS.N,10.228304658122
2026-03-24,MMSI.OQ,31.7753756126932
2026-03-24,MNKD.OQ,118.591403417918
2026-03-24,MNST.OQ,37.7134295972929
2026-03-24,MO.N,15.6242408931469
2026-03-24,MOD.N,122.221568700841
2026-03-24,MOGa.N,37.0908028896123
2026-03-24,MOH.N,16.6059398980728
2026-03-24,MORN.OQ,18.4962878040384
2026-03-24,MOS.N,14.9283793230098
2026-03-24,MPC.N,18.2915671758198
2026-03-24,MPWR.OQ,85.6884384898287
2026-03-24,MRK.N,15.99350199558
2026-03-24,MRP.N,11.7950547715426
2026-03-24,MRSH.N,20.5567055118335
2026-03-24,MRVL.OQ,29.9473424813883
2026-03-24,MRX.OQ,9.41678620509785
2026-03-24,MS.N,16.2523797532601
2026-03-24,MSA.N,24.6799699857263
2026-03-24,MSCI.N,34.2700414249045
2026-03-24,MSFT.OQ,23.3218457256839
2026-03-25,MET.N,14.9417528486763
2026-03-25,META.OQ,20.3516317500371
2026-03-25,MGEE.OQ,20.506900662216
2026-03-25,MGM.N,51.6099723296761
2026-03-25,MGNI.OQ,13.5972693180032
2026-03-25,MGRC.OQ,17.248580349164
2026-03-25,MGY.N,18.2203831843945
2026-03-25,MHK.N,17.2199166620218
2026-03-25,MHO.N,8.36975411552573
2026-03-25,MIDD.OQ,19.027023122993
2026-03-25,MIR.N,171.749452154858
2026-03-25,MKC.N,18.0117461975013
2026-03-25,MKL.N,11.1499107568876
2026-03-25,MKSI.OQ,55.9390473741842
2026-03-25,MKTX.OQ,24.9366113770756
2026-03-25,MLI.N,16.2519045200609
2026-03-25,MLM.N,34.3608996257389
2026-03-25,MMM.N,24.6930670940905
2026-03-25,MMS.N,10.3319132856734
2026-03-25,MMSI.OQ,32.0387984157
2026-03-25,MNKD.OQ,118.073537027447
2026-03-25,MNST.OQ,37.8219202851755
2026-03-25,MO.N,15.4930672289321
2026-03-25,MOD.N,124.52612273488
2026-03-25,MOGa.N,37.5436086285876
2026-03-25,MOH.N,16.3833401675356
2026-03-25,MORN.OQ,17.885370268905
2026-03-25,MOS.N,15.5148513678424
2026-03-25,MPC.N,18.0920855281314
2026-03-25,MPWR.OQ,87.0162479697816
2026-03-25,MRK.N,16.4058119207046
2026-03-25,MRP.N,12.0616328522624
2026-03-25,MRSH.N,20.6873373781709
2026-03-25,MRVL.OQ,31.9219994293274
2026-03-25,MRX.OQ,9.74530790759261
2026-03-25,MS.N,16.2308235734463
2026-03-25,MSA.N,24.828066730983
2026-03-25,MSCI.N,33.8455301705758
2026-03-25,MSFT.OQ,23.2154789881895
2026-03-24,MSGE.N,53.2220943613349
2026-03-24,MSI.N,35.6642890473969
2026-03-24,MSM.N,24.7289972899729
2026-03-24,MTB.N,11.9540796273809
2026-03-24,MTCH.OQ,12.718301548042
2026-03-24,MTD.N,30.0228128359717
2026-03-24,MTDR.N,10.0030541169825
2026-03-24,MTG.N,8.24051608301651
2026-03-24,MTH.N,9.62461627862909
2026-03-24,MTN.N,21.2200249397724
2026-03-24,MTRN.N,39.474345164009
2026-03-24,MTSI.OQ,110.788873944557
2026-03-24,MTZ.N,63.610071151014
2026-03-24,MU.OQ,18.6735469494318
2026-03-24,MUR.N,53.8445451376786
2026-03-24,MUSA.N,19.271780228177
2026-03-24,MWA.N,22.234316091682
2026-03-24,MYRG.OQ,37.6956752454232
2026-03-24,MZTI.OQ,21.5608746620367
2026-03-24,NATL.N,20.3622876196542
2026-03-24,NBHC.N,13.4718367118064
2026-03-24,NBIX.OQ,27.4188809854156
2026-03-24,NBR.N,5.19457454205406
2026-03-24,NCLH.N,23.0556337367483
2026-03-24,NDAQ.OQ,27.2671390209971
2026-03-24,NDSN.OQ,29.0940414443372
2026-03-24,NE.N,37.0947189579499
2026-03-24,NEE.N,27.7623744375256
2026-03-24,NEM.N,15.5031720285326
2026-03-24,NESR.OQ,42.9855033088164
2026-03-24,NEU.N,13.9729770678563
2026-03-24,NFG.N,13.2200373251951
2026-03-24,NFLX.OQ,35.9768595826178
2026-03-24,NHI.N,27.3613044342812
2026-03-24,NI.N,23.3858251592161
2026-03-24,NIC.N,14.952545782216
2026-03-24,NJR.N,16.7639746174684
2026-03-24,NKE.N,31.3648917269161
2026-03-24,NLY.N,7.58731895533992
2026-03-25,MSGE.N,53.4819406807974
2026-03-25,MSI.N,35.3709752683154
2026-03-25,MSM.N,25.1059970277122
2026-03-25,MTB.N,12.0109814687714
2026-03-25,MTCH.OQ,12.6973764056464
2026-03-25,MTD.N,30.0534420599554
2026-03-25,MTDR.N,10.0244000958927
2026-03-25,MTG.N,8.28190971094511
2026-03-25,MTH.N,9.72567869730542
2026-03-25,MTN.N,21.5546226716894
2026-03-25,MTRN.N,41.3329463573091
2026-03-25,MTSI.OQ,114.436225061645
2026-03-25,MTZ.N,63.7875051012261
2026-03-25,MU.OQ,18.0390249890233
2026-03-25,MUR.N,55.7267340536772
2026-03-25,MUSA.N,19.6525966326773
2026-03-25,MWA.N,22.2579780101904
2026-03-25,MYRG.OQ,37.8323162642611
2026-03-25,MZTI.OQ,21.3751763369897
2026-03-25,NATL.N,20.4840492291554
2026-03-25,NBHC.N,13.5804805562565
2026-03-25,NBIX.OQ,28.1201146849488
2026-03-25,NBR.N,5.2851881228551
2026-03-25,NCLH.N,23.7123557556994
2026-03-25,NDAQ.OQ,27.0924326248018
2026-03-25,NDSN.OQ,29.2734541595109
2026-03-25,NE.N,36.8041014329679
2026-03-25,NEE.N,27.6229868339318
2026-03-25,NEM.N,15.8945871979058
2026-03-25,NESR.OQ,43.3736342642007
2026-03-25,NEU.N,13.9907621257512
2026-03-25,NFG.N,13.167034432353
2026-03-25,NFLX.OQ,36.5150088240648
2026-03-25,NHI.N,27.5468946775369
2026-03-25,NI.N,23.3858251592161
2026-03-25,NIC.N,15.2006657374932
2026-03-25,NJR.N,16.7361428942518
2026-03-25,NKE.N,31.0658434042254
2026-03-25,NLY.N,7.70609577010568
2026-03-24,NMIH.OQ,7.56105244972002
2026-03-24,NMRK.OQ,21.4088296798912
2026-03-24,NNN.N,20.4517144484893
2026-03-24,NOC.N,23.4227515483889
2026-03-24,NOG.N,83.507785839236
2026-03-24,NOV.N,51.8662271373883
2026-03-24,NOVT.OQ,81.8056687370316
2026-03-24,NOW.N,62.6733023110967
2026-03-24,NPO.N,134.960825780992
2026-03-24,NRG.N,38.3105146684175
2026-03-24,NSA.N,53.8941123957898
2026-03-24,NSC.N,22.2663404118692
2026-03-24,NSIT.OQ,13.2927691121308
2026-03-24,NSSC.OQ,32.3890934994468
2026-03-24,NTAP.OQ,17.4484833987658
2026-03-24,NTCT.OQ,24.4616078044905
2026-03-24,NTNX.OQ,42.6999489468939
2026-03-24,NTRS.OQ,16.0508339298415
2026-03-24,NTST.N,228.567993266803
2026-03-24,NU.N,24.1273187900634
2026-03-24,NUE.N,21.6012307153201
2026-03-24,NUTX.OQ,10.1407928145007
2026-03-24,NVAX.OQ,3.83540083252221
2026-03-24,NVDA.OQ,35.7423369204876
2026-03-24,NVR.N,14.8630510586974
2026-03-24,NVST.N,94.6648725315489
2026-03-24,NVT.N,48.2058563917565
2026-03-24,NWE.OQ,22.1588766312528
2026-03-24,NWN.N,18.7874625599131
2026-03-24,NWS.OQ,30.8724659333866
2026-03-24,NWSA.OQ,30.8724659333866
2026-03-24,NXST.OQ,75.8040915679786
2026-03-24,NXT.OQ,31.8966310045676
2026-03-24,NYT.N,40.3472858108529
2026-03-24,O.N,51.9299812756601
2026-03-24,ODFL.OQ,38.2521795038773
2026-03-25,NMIH.OQ,7.56511753168223
2026-03-25,NMRK.OQ,21.9937703815276
2026-03-25,NNN.N,20.2730757717674
2026-03-25,NOC.N,23.7334937518499
2026-03-25,NOG.N,84.912964927877
2026-03-25,NOV.N,52.1586558911102
2026-03-25,NOVT.OQ,80.5661889076827
2026-03-25,NOW.N,61.721075357684
2026-03-25,NPO.N,134.897853158339
2026-03-25,NRG.N,38.2877002283979
2026-03-25,NSA.N,53.8797137550215
2026-03-25,NSC.N,22.1854832315553
2026-03-25,NSIT.OQ,13.0692766293307
2026-03-25,NSSC.OQ,31.449400566847
2026-03-25,NTAP.OQ,17.6475409698955
2026-03-25,NTCT.OQ,24.6755131819189
2026-03-25,NTNX.OQ,42.3523533309436
2026-03-25,NTRS.OQ,15.977652098146
2026-03-25,NTST.N,224.479980762294
2026-03-25,NU.N,24.3483583561458
2026-03-25,NUE.N,21.9237758218595
2026-03-25,NUTX.OQ,10.2315085206511
2026-03-25,NVAX.OQ,3.86853604489821
2026-03-25,NVDA.OQ,36.4522874483603
2026-03-25,NVR.N,14.9825741426134
2026-03-25,NVST.N,95.0649161726734
2026-03-25,NVT.N,48.743140039145
2026-03-25,NWE.OQ,22.2064424504551
2026-03-25,NWN.N,18.8665676654286
2026-03-25,NWS.OQ,31.2588547435666
2026-03-25,NWSA.OQ,31.2588547435666
2026-03-25,NXST.OQ,74.5630828980116
2026-03-25,NXT.OQ,33.3169839469463
2026-03-25,NYT.N,40.8314915935165
2026-03-25,O.N,51.5864154054936
2026-03-25,ODFL.OQ,39.0832542571908
2026-03-24,OFG.N,8.6995388590304
2026-03-24,OGE.N,20.2135708635691
2026-03-24,OGN.N,8.52613658563814
2026-03-24,OGS.N,19.5879592537484
2026-03-24,OHI.N,23.1573279767236
2026-03-24,OII.N,10.6259908307982
2026-03-24,OKE.N,16.8038034912147
2026-03-24,OKTA.OQ,56.2200168454975
2026-03-24,OLED.OQ,18.9111510784281
2026-03-24,OLLI.OQ,23.9381704214976
2026-03-24,OMC.N,152.463193657984
2026-03-24,OMCL.OQ,797.316057380842
2026-03-24,OMF.N,8.11255831948492
2026-03-24,ON.OQ,188.156465048895
2026-03-24,ONB.OQ,12.2287657504476
2026-03-24,ONON.N,51.2209677948853
2026-03-24,ONTO.N,79.0470839096358
2026-03-24,OPCH.OQ,22.3313944348373
2026-03-24,ORA.N,54.3125145250374
2026-03-24,ORC.N,6.70726411179417
2026-03-24,ORCL.N,24.9311423171776
2026-03-24,ORI.N,10.5221058169529
2026-03-24,ORLY.OQ,29.6599171450434
2026-03-24,OSIS.OQ,32.3705495742479
2026-03-24,OSK.N,14.6340781927787
2026-03-24,OSW.OQ,33.2493410953746
2026-03-24,OTIS.N,22.234956693295
2026-03-24,OTTR.OQ,13.2945391485938
2026-03-24,OUT.N,34.3825180433039
2026-03-24,OVV.N,12.2023138252195
2026-03-24,OWL.N,76.0611205432937
2026-03-24,OXY.N,45.2142973144553
2026-03-24,OZK.OQ,7.23621799956615
2026-03-24,PACS.N,28.6058569452577
2026-03-24,PAG.N,10.3481574092297
2026-03-24,PAGS.N,7.32720072538642
2026-03-24,PANW.OQ,87.0511365209447
2026-03-25,OFG.N,8.81073597226613
2026-03-25,OGE.N,20.3597344980569
2026-03-25,OGN.N,8.51218218860763
2026-03-25,OGS.N,19.5078402197551
2026-03-25,OHI.N,23.1573279767236
2026-03-25,OII.N,10.3203507719554
2026-03-25,OKE.N,17.0218427271904
2026-03-25,OKTA.OQ,57.2160984362984
2026-03-25,OLED.OQ,19.0746537387937
2026-03-25,OLLI.OQ,23.3606357501662
2026-03-25,OMC.N,153.17100792752
2026-03-25,OMCL.OQ,808.422026839426
2026-03-25,OMF.N,8.08514073597933
2026-03-25,ON.OQ,190.450319932392
2026-03-25,ONB.OQ,12.2569166844956
2026-03-25,ONON.N,45.6741800991432
2026-03-25,ONTO.N,79.6161825726141
2026-03-25,OPCH.OQ,22.3942776293036
2026-03-25,ORA.N,54.7377581748147
2026-03-25,ORC.N,6.90027890637817
2026-03-25,ORCL.N,24.7497817741129
2026-03-25,ORI.N,10.5650531876344
2026-03-25,ORLY.OQ,30.7284696777151
2026-03-25,OSIS.OQ,32.2911182120227
2026-03-25,OSK.N,14.7578167332427
2026-03-25,OSW.OQ,33.5968951834796
2026-03-25,OTIS.N,22.4373777633327
2026-03-25,OTTR.OQ,13.2121065944517
2026-03-25,OUT.N,33.9439655172414
2026-03-25,OVV.N,12.44441501524
2026-03-25,OWL.N,76.6553480475382
2026-03-25,OXY.N,45.6572128799847
2026-03-25,OZK.OQ,7.28802090247132
2026-03-25,PACS.N,27.6724115984827
2026-03-25,PAG.N,10.4855004028256
2026-03-25,PAGS.N,7.51676950003163
2026-03-25,PANW.OQ,84.8417730280462
2026-03-24,PARR.N,8.45638724497208
2026-03-24,PATH.N,26.0648442466624
2026-03-24,PATK.OQ,28.7250565120892
2026-03-24,PAYC.N,14.7273107677985
2026-03-24,PAYO.OQ,23.8696003229713
2026-03-24,PAYX.OQ,20.5350303458842
2026-03-24,PB.N,11.610403732952
2026-03-24,PBH.N,16.3949165181428
2026-03-24,PBI.N,12.7452504214541
2026-03-24,PCAR.OQ,25.6753071391988
2026-03-24,PCG.N,14.8870592477485
2026-03-24,PCRX.OQ,147.695441813089
2026-03-24,PCTY.OQ,25.4820677388694
2026-03-24,PD.N,3.52468364742302
2026-03-24,PECO.OQ,41.5815433931172
2026-03-24,PEG.N,19.0102080004552
2026-03-24,PEGA.OQ,19.7236340384317
2026-03-24,PEN.N,73.8861361510756
2026-03-24,PENG.OQ,78.0256871082278
2026-03-24,PEP.OQ,25.0986679822398
2026-03-24,PFE.N,19.8952106855583
2026-03-24,PFG.OQ,16.6210969696625
2026-03-24,PFGC.N,38.0606335869195
2026-03-24,PFS.N,9.34152135909274
2026-03-24,PFSI.N,9.06257693246284
2026-03-24,PG.N,21.2122828541455
2026-03-24,PGNY.OQ,27.6747109870903
2026-03-24,PGR.N,10.7216818601788
2026-03-24,PGY.OQ,12.5230981588263
2026-03-24,PH.N,33.7256526963232
2026-03-24,PHIN.N,20.7389522117135
2026-03-24,PHM.N,10.6210370103881
2026-03-24,PINS.N,34.4124251497006
2026-03-24,PIPR.N,18.673595369171
2026-03-24,PJT.N,19.7308326512213
2026-03-24,PKG.N,24.8882070698828
2026-03-24,PLAB.OQ,18.1644972082552
2026-03-25,PARR.N,8.42349368032389
2026-03-25,PATH.N,25.7352075533894
2026-03-25,PATK.OQ,28.7045532597608
2026-03-25,PAYC.N,14.833779221567
2026-03-25,PAYO.OQ,24.6770286637061
2026-03-25,PAYX.OQ,21.1582654573639
2026-03-25,PB.N,11.5736896118268
2026-03-25,PBH.N,16.1648588186141
2026-03-25,PBI.N,13.0441540429704
2026-03-25,PCAR.OQ,25.7950365507287
2026-03-25,PCG.N,14.9729131073087
2026-03-25,PCRX.OQ,149.541634835752
2026-03-25,PCTY.OQ,25.7855657296656
2026-03-25,PD.N,3.43778851898115
2026-03-25,PECO.OQ,41.5702563292211
2026-03-25,PEG.N,19.2188248235054
2026-03-25,PEGA.OQ,19.5073558105967
2026-03-25,PEN.N,74.3504533726013
2026-03-25,PENG.OQ,80.8311050716697
2026-03-25,PEP.OQ,25.2886705156069
2026-03-25,PFE.N,20.1313556195115
2026-03-25,PFG.OQ,16.8105759592848
2026-03-25,PFGC.N,38.9054161462473
2026-03-25,PFS.N,9.35945134250751
2026-03-25,PFSI.N,9.29156019303396
2026-03-25,PG.N,21.3248934644358
2026-03-25,PGNY.OQ,27.2147434914599
2026-03-25,PGR.N,10.5464620945573
2026-03-25,PGY.OQ,12.901574014293
2026-03-25,PH.N,33.6154929793243
2026-03-25,PHIN.N,21.2163115216059
2026-03-25,PHM.N,10.6291316274677
2026-03-25,PINS.N,34.9550898203593
2026-03-25,PIPR.N,18.8481622409326
2026-03-25,PJT.N,20.3669762862261
2026-03-25,PKG.N,24.8718869340993
2026-03-25,PLAB.OQ,18.4806243939116
2026-03-24,PLD.N,36.672753002608
2026-03-24,PLMR.OQ,16.9926611203735
2026-03-24,PLNT.N,28.7193703962517
2026-03-24,PLPC.OQ,38.7188147467426
2026-03-24,PLTR.OQ,244.595448798989
2026-03-24,PLUS.OQ,16.3522092946486
2026-03-24,PLXS.OQ,33.3003124285605
2026-03-24,PM.N,22.5583886039321
2026-03-24,PMT.N,11.4623344245016
2026-03-24,PNC.N,12.4190370266051
2026-03-24,PNR.N,22.3125799334546
2026-03-24,PNW.N,19.3693105617337
2026-03-24,PODD.OQ,64.4162403197102
2026-03-24,POOL.OQ,18.7641199448636
2026-03-24,POR.N,18.5752371057407
2026-03-24,POST.N,17.7282311279823
2026-03-24,POWI.OQ,129.234917082104
2026-03-24,POWL.OQ,36.4042622982765
2026-03-24,PPC.OQ,7.75849535415483
2026-03-24,PPG.N,14.9553739277306
2026-03-24,PPL.N,23.3218171634981
2026-03-24,PR.N,16.5658669443666
2026-03-24,PRDO.OQ,15.1515151515152
2026-03-24,PRG.N,9.4443549262242
2026-03-24,PRGS.OQ,17.2430332390043
2026-03-24,PRI.N,10.9378303505067
2026-03-24,PRIM.N,29.3173635504591
2026-03-24,PRKS.N,10.1825565807113
2026-03-24,PRMB.N,87.5798438608943
2026-03-24,PRU.N,9.47467523251933
2026-03-24,PRVA.OQ,118.532296246195
2026-03-24,PSA.N,29.7239820861811
2026-03-24,PSIX.OQ,11.9532312374539
2026-03-24,PSMT.OQ,30.3336579867811
2026-03-24,PSN.N,22.9352374022194
2026-03-24,PSTG.N,172.500529548824
2026-03-24,PSX.N,17.0961757381384
2026-03-24,PTC.OQ,21.0571279173387
2026-03-24,PTCT.OQ,8.30915088048161
2026-03-24,PUMP.N,2219.73094170404
2026-03-25,PLD.N,36.6755664090524
2026-03-25,PLMR.OQ,16.9703756631665
2026-03-25,PLNT.N,28.7002776091248
2026-03-25,PLPC.OQ,38.7426296405772
2026-03-25,PLTR.OQ,244.8798988622
2026-03-25,PLUS.OQ,16.2265541307538
2026-03-25,PLXS.OQ,33.7870727045676
2026-03-25,PM.N,22.782774845614
2026-03-25,PMT.N,11.5738160148372
2026-03-25,PNC.N,12.3949632935756
2026-03-25,PNR.N,22.3202229729385
2026-03-25,PNW.N,19.3257929113704
2026-03-25,PODD.OQ,61.7024740978156
2026-03-25,POOL.OQ,18.6653322635951
2026-03-25,POR.N,18.4886560821365
2026-03-25,POST.N,17.9479415533342
2026-03-25,POWI.OQ,132.23623969885
2026-03-25,POWL.OQ,37.9696598670386
2026-03-25,PPC.OQ,7.80255268154923
2026-03-25,PPG.N,15.4282425483425
2026-03-25,PPL.N,23.3847470533079
2026-03-25,PR.N,16.7581207193495
2026-03-25,PRDO.OQ,15.6688435847136
2026-03-25,PRG.N,9.53314238548884
2026-03-25,PRGS.OQ,16.3856779701664
2026-03-25,PRI.N,10.9805511418003
2026-03-25,PRIM.N,29.7838577073208
2026-03-25,PRKS.N,10.2581289593355
2026-03-25,PRMB.N,87.1540099361249
2026-03-25,PRU.N,9.52064939503999
2026-03-25,PRVA.OQ,115.770488107316
2026-03-25,PSA.N,29.6895921688612
2026-03-25,PSIX.OQ,13.1410671501651
2026-03-25,PSMT.OQ,30.0518832962738
2026-03-25,PSN.N,24.4860833181735
2026-03-25,PSTG.N,173.347807667867
2026-03-25,PSX.N,16.833400497323
2026-03-25,PTC.OQ,21.145504223651
2026-03-25,PTCT.OQ,8.59367556975747
2026-03-25,PUMP.N,2174.88789237668
2026-03-24,PVH.N,9.87386890046324
2026-03-24,PWP.OQ,37.7573368374945
2026-03-24,PWR.N,85.1477249141443
2026-03-24,PYPL.OQ,8.15557765139287
2026-03-24,PZZA.OQ,38.5339707373606
2026-03-24,Q.N,35.878219004481
2026-03-24,QCOM.OQ,26.5825138418313
2026-03-24,QGEN.N,20.039113995713
2026-03-24,QLYS.OQ,16.9596489358183
2026-03-24,QRVO.OQ,21.9163907854291
2026-03-24,QSR.N,28.1779887364356
2026-03-24,QTWO.N,60.5455323674756
2026-03-24,R.N,17.1552430989155
2026-03-24,RAMP.N,24.4102971195282
2026-03-24,RBA.N,47.1772166529688
2026-03-24,RBC.N,64.94928538497
2026-03-24,RCL.N,17.4875698744802
2026-03-24,RDDT.N,52.023099295632
2026-03-24,RDN.N,7.72525731266369
2026-03-24,REG.OQ,26.4741275571601
2026-03-24,REGN.OQ,17.6747974531935
2026-03-24,RELY.OQ,51.5256831298027
2026-03-24,REXR.N,39.7284443977051
2026-03-24,REYN.OQ,14.7477723987932
2026-03-24,RF.N,11.134658143413
2026-03-24,RGA.N,11.4751166552235
2026-03-24,RGEN.OQ,134.558202496789
2026-03-24,RGLD.OQ,33.3355813128396
2026-03-24,RH.N,23.2151065843436
2026-03-24,RHI.N,18.5023288063549
2026-03-24,RHP.N,24.4023364688543
2026-03-25,PVH.N,10.062885533927
2026-03-25,PWP.OQ,38.173455978975
2026-03-25,PWR.N,84.4205453258103
2026-03-25,PYPL.OQ,8.2736407524309
2026-03-25,PZZA.OQ,36.9070303881256
2026-03-25,Q.N,36.4603229464161
2026-03-25,QCOM.OQ,26.9295925956533
2026-03-25,QGEN.N,20.2295913408789
2026-03-25,QLYS.OQ,16.5204511792184
2026-03-25,QRVO.OQ,22.2191033653383
2026-03-25,QSR.N,27.8231406724562
2026-03-25,QTWO.N,59.9229561991725
2026-03-25,R.N,17.055576354358
2026-03-25,RAMP.N,24.1173357526272
2026-03-25,RBA.N,47.6505644534749
2026-03-25,RBC.N,66.0583735568916
2026-03-25,RCL.N,17.8470568443569
2026-03-25,RDDT.N,53.3645706336254
2026-03-25,RDN.N,7.75111788187833
2026-03-25,REG.OQ,26.4208811220089
2026-03-25,REGN.OQ,17.8601982597108
2026-03-25,RELY.OQ,51.3662596052674
2026-03-25,REXR.N,39.0857783853893
2026-03-25,REYN.OQ,14.8109169999298
2026-03-25,RF.N,11.1867704280156
2026-03-25,RGA.N,11.5383031382808
2026-03-25,RGEN.OQ,132.267357776724
2026-03-25,RGLD.OQ,34.1580485974074
2026-03-25,RH.N,24.6861057280635
2026-03-25,RHI.N,18.4797190359194
2026-03-25,RHP.N,24.8791668472842
2026-03-24,RIGL.OQ,1.40301554377994
2026-03-24,RITM.N,8.76747019156059
2026-03-24,RJF.N,14.2289155211364
2026-03-24,RL.N,23.382712721421
2026-03-24,RLI.N,13.2796163157425
2026-03-24,RMBS.OQ,43.8943769356809
2026-03-24,RMD.N,22.5567997595945
2026-03-24,RNG.N,76.1649860990083
2026-03-24,RNR.N,5.19530107561824
2026-03-24,RNST.N,16.9518767136239
2026-03-24,ROAD.OQ,50.3143219496172
2026-03-24,ROCK.OQ,13.1643619902136
2026-03-24,ROK.N,41.3198277291939
2026-03-24,ROKU.OQ,166.347626339969
2026-03-24,ROL.N,48.9901357823805
2026-03-24,ROOT.OQ,21.3600577891974
2026-03-24,ROP.OQ,24.3673422811039
2026-03-24,ROST.OQ,32.6106010142834
2026-03-24,RPD.OQ,15.8783126164456
2026-03-24,RPM.N,18.5444110623218
2026-03-24,RPRX.OQ,25.5976722239698
2026-03-24,RRC.N,16.7533386333302
2026-03-24,RRR.OQ,18.8064288915925
2026-03-24,RRX.N,45.1327855186376
2026-03-24,RS.N,21.4932288668769
2026-03-24,RSG.N,31.417104495038
2026-03-24,RSI.N,70.6880602252065
2026-03-24,RTX.N,39.0924900102567
2026-03-24,RUN.OQ,7.46032860553293
2026-03-24,RUSHA.OQ,20.3708404309651
2026-03-24,RVLV.N,25.6754704638639
2026-03-24,RVTY.N,42.2189826123056
2026-03-24,RYAN.N,80.3875485634803
2026-03-24,RYN.N,47.2898811330889
2026-03-24,SAIA.OQ,34.6899739819943
2026-03-25,RIGL.OQ,1.41160653065345
2026-03-25,RITM.N,8.86339437308751
2026-03-25,RJF.N,14.2758982510679
2026-03-25,RL.N,23.5481275450398
2026-03-25,RLI.N,13.0482880563616
2026-03-25,RMBS.OQ,45.4287148499285
2026-03-25,RMD.N,22.3709599614086
2026-03-25,RNG.N,74.048715714345
2026-03-25,RNR.N,5.17887645719921
2026-03-25,RNST.N,17.0275125271816
2026-03-25,ROAD.OQ,51.121796333975
2026-03-25,ROCK.OQ,13.1455781205486
2026-03-25,ROK.N,41.2546256312879
2026-03-25,ROKU.OQ,165.425309759154
2026-03-25,ROL.N,49.1648050598932
2026-03-25,ROOT.OQ,21.5337911359418
2026-03-25,ROP.OQ,24.4229899566512
2026-03-25,ROST.OQ,32.6453574472458
2026-03-25,RPD.OQ,15.5724256833792
2026-03-25,RPM.N,19.035513442724
2026-03-25,RPRX.OQ,26.4177863658833
2026-03-25,RRC.N,16.990379776379
2026-03-25,RRR.OQ,18.8096305308318
2026-03-25,RRX.N,46.4761224246755
2026-03-25,RS.N,21.405171204142
2026-03-25,RSG.N,31.4579684763573
2026-03-25,RSI.N,69.9224855657278
2026-03-25,RTX.N,39.293997690722
2026-03-25,RUN.OQ,7.63001451107054
2026-03-25,RUSHA.OQ,20.59409089658
2026-03-25,RVLV.N,26.5398857570059
2026-03-25,RVTY.N,42.4024174784464
2026-03-25,RYAN.N,80.3395846323565
2026-03-25,RYN.N,47.0096448004484
2026-03-25,SAIA.OQ,36.1710150803596
2026-03-24,SAIC.OQ,12.3756914682359
2026-03-24,SAM.N,22.1231615957114
2026-03-24,SANM.OQ,32.2505012225524
2026-03-24,SARO.N,31.4589683964481
2026-03-24,SBAC.OQ,16.9991712445298
2026-03-24,SBCF.OQ,18.3058872467456
2026-03-24,SBH.N,7.86213649716485
2026-03-24,SBRA.OQ,30.83631589641
2026-03-24,SBUX.OQ,76.6225435885475
2026-03-24,SCCO.N,30.401910672995
2026-03-24,SCHW.N,20.4823016900896
2026-03-24,SCI.N,20.3725858827551
2026-03-24,SEB.A,10.0916708949825
2026-03-24,SEE.N,14.0213311407247
2026-03-24,SEI.N,88.6009760632117
2026-03-24,SEIC.OQ,13.9105421098425
2026-03-24,SEZL.OQ,20.2154873395768
2026-03-24,SF.N,18.3974095630807
2026-03-24,SFBS.N,14.7312321098161
2026-03-24,SFD.OQ,10.6408411828373
2026-03-24,SFM.OQ,14.2830440537035
2026-03-24,SGHC.N,25.3259722086523
2026-03-24,SGI.N,42.1026782973641
2026-03-24,SHAK.N,82.3930966956744
2026-03-24,SHC.OQ,51.0441263282172
2026-03-24,SHLS.OQ,34.4100065303662
2026-03-24,SHO.N,218.247298919568
2026-03-24,SHOO.OQ,53.6429784915216
2026-03-24,SHW.N,30.5743633427321
2026-03-24,SIG.N,12.4081146018894
2026-03-24,SIGI.OQ,9.95149679425167
2026-03-24,SIRI.OQ,9.90590278393082
2026-03-24,SITE.N,41.597594814115
2026-03-24,SKT.N,34.324942791762
2026-03-24,SKWD.OQ,10.4348082770021
2026-03-24,SKY.N,19.9399107733686
2026-03-24,SKYT.OQ,12.0087515833457
2026-03-24,SKYW.OQ,8.86860735316293
2026-03-25,SAIC.OQ,12.5197608707503
2026-03-25,SAM.N,22.9086778606991
2026-03-25,SANM.OQ,33.1500700993832
2026-03-25,SARO.N,32.0975456944227
2026-03-25,SBAC.OQ,16.8350511575563
2026-03-25,SBCF.OQ,18.4374082411667
2026-03-25,SBH.N,7.87921572199576
2026-03-25,SBRA.OQ,31.008236562837
2026-03-25,SBUX.OQ,77.2223286655615
2026-03-25,SCCO.N,31.4686777412681
2026-03-25,SCHW.N,20.3345927836707
2026-03-25,SCI.N,20.7170371928533
2026-03-25,SEB.A,10.4732801537241
2026-03-25,SEE.N,14.0514126616464
2026-03-25,SEI.N,89.0802928189635
2026-03-25,SEIC.OQ,13.708116554504
2026-03-25,SEZL.OQ,18.6410639958377
2026-03-25,SF.N,18.5071305909881
2026-03-25,SFBS.N,14.6007622602122
2026-03-25,SFD.OQ,9.94868405861721
2026-03-25,SFM.OQ,14.2094103831028
2026-03-25,SGHC.N,24.3110880764295
2026-03-25,SGI.N,41.6952690296404
2026-03-25,SHAK.N,81.8989577328172
2026-03-25,SHC.OQ,50.5460448642267
2026-03-25,SHLS.OQ,34.7114080474205
2026-03-25,SHO.N,222.328931572629
2026-03-25,SHOO.OQ,54.4763919607655
2026-03-25,SHW.N,31.3784388848983
2026-03-25,SIG.N,12.5746383007306
2026-03-25,SIGI.OQ,9.83674368023911
2026-03-25,SIRI.OQ,10.1850046960004
2026-03-25,SITE.N,40.4924451732887
2026-03-25,SKT.N,34.2241353239448
2026-03-25,SKWD.OQ,10.6143794708308
2026-03-25,SKY.N,20.1773859585459
2026-03-25,SKYT.OQ,11.8565858954745
2026-03-25,SKYW.OQ,9.09865951120682
2026-03-23,SMTC.OQ,216.86883573291
2026-03-24,SLB.N,21.3696729183502
2026-03-24,SLDE.OQ,5.3419446484248
2026-03-24,SLGN.N,14.4542553980856
2026-03-24,SLM.OQ,5.83334778662319
2026-03-24,SLNO.OQ,202.756032865368
2026-03-24,SLVM.N,12.0446741205513
2026-03-24,SM.N,5.39449104265647
2026-03-24,SMCI.OQ,16.9456641053787
2026-03-24,SMG.N,23.930399914074
2026-03-24,SMPL.OQ,15.5008524911686
2026-03-24,SN.N,21.9295584970215
2026-03-24,SNA.N,18.911677445163
2026-03-24,SNCY.OQ,17.7899096385542
2026-03-24,SNDR.N,42.7710639450255
2026-03-24,SNEX.OQ,16.5738441924445
2026-03-24,SNPS.OQ,64.3047116870819
2026-03-24,SNX.N,16.4064779617543
2026-03-24,SO.N,23.9928516721981
2026-03-24,SOFI.OQ,43.9300276206761
2026-03-24,SOLS.OQ,48.3301274103068
2026-03-24,SOLV.N,7.21594879076791
2026-03-24,SON.N,8.86284606520342
2026-03-24,SPB.N,17.193928611142
2026-03-24,SPG.N,12.5779196726227
2026-03-24,SPGI.N,28.0485009877001
2026-03-24,SPNT.N,5.96178932569233
2026-03-24,SPOT.N,39.9975217140269
2026-03-24,SPSC.OQ,22.9148690230044
2026-03-24,SPXC.N,39.8289895976611
2026-03-24,SR.N,19.6195909365218
2026-03-24,SRE.N,34.5675777952435
2026-03-24,SSB.N,11.5637689734949
2026-03-24,SSD.N,20.9463610772137
2026-03-25,SLB.N,21.953520644094
2026-03-25,SLDE.OQ,5.34796374098641
2026-03-25,SLGN.N,14.6249165244491
2026-03-25,SLM.OQ,5.90561423591238
2026-03-25,SLNO.OQ,205.990813223782
2026-03-25,SLVM.N,12.46891225956
2026-03-25,SM.N,5.5988951513568
2026-03-25,SMCI.OQ,18.3330284180998
2026-03-25,SMG.N,24.2275607747664
2026-03-25,SMPL.OQ,16.0357489107057
2026-03-25,SN.N,21.7354379238805
2026-03-25,SNA.N,19.1481515434362
2026-03-25,SNCY.OQ,17.9990796519411
2026-03-25,SNDR.N,43.7527504146779
2026-03-25,SNEX.OQ,16.9440157462703
2026-03-25,SNPS.OQ,63.4552990814276
2026-03-25,SNX.N,16.4215187372968
2026-03-25,SO.N,24.1536890477406
2026-03-25,SOFI.OQ,43.5617519400237
2026-03-25,SOLS.OQ,51.1718933265417
2026-03-25,SOLV.N,7.28469357856064
2026-03-25,SON.N,9.01300660200203
2026-03-25,SPB.N,17.4533896734497
2026-03-25,SPG.N,12.810752650239
2026-03-25,SPGI.N,27.862966156264
2026-03-25,SPNT.N,6.06040115291314
2026-03-25,SPOT.N,39.2026676343943
2026-03-25,SPSC.OQ,22.3857512658125
2026-03-25,SPXC.N,39.948077621574
2026-03-25,SR.N,19.5891998905922
2026-03-25,SRE.N,34.6840159520275
2026-03-25,SSB.N,11.6450340678513
2026-03-25,SSD.N,21.1863020371957
2026-03-16,STOK.OQ,51.455325080683
2026-03-24,SSNC.OQ,21.5273957574813
2026-03-24,SSRM.OQ,13.2362817096683
2026-03-24,ST.N,185.913185913186
2026-03-24,STAG.N,24.865398051868
2026-03-24,STC.N,14.4805122425473
2026-03-24,STE.N,30.8592662695541
2026-03-24,STLD.OQ,21.2141440961675
2026-03-24,STNE.OQ,8.54986764772909
2026-03-24,STNG.N,10.69442585796
2026-03-24,STRA.OQ,15.0839163935878
2026-03-24,STRL.OQ,47.6083769231262
2026-03-24,STT.N,13.3644761893675
2026-03-24,STWD.N,14.9897738157906
2026-03-24,STZ.N,24.0743105914037
2026-03-24,SW.N,30.0277225335985
2026-03-24,SWK.N,27.0543013617861
2026-03-24,SWKS.OQ,21.2756962832865
2026-03-24,SWX.N,35.6824079736855
2026-03-24,SXI.N,58.1588909671819
2026-03-24,SXT.N,26.8484856162041
2026-03-24,SYF.N,7.24460531601319
2026-03-24,SYK.N,39.1161099885334
2026-03-24,SYY.N,22.1450644261621
2026-03-24,T.N,9.4636189901758
2026-03-24,TBBK.OQ,10.7656523843023
2026-03-24,TCBI.OQ,13.9126495080265
2026-03-24,TDC.N,19.3954790928472
2026-03-24,TDG.N,37.3956270034003
2026-03-24,TDS.N,79.6846663459048
2026-03-24,TDW.N,11.5355306344092
2026-03-24,TDY.N,33.1665276913965
2026-03-24,TECH.OQ,103.300167471185
2026-03-24,TER.OQ,91.9158074861397
2026-03-25,SSNC.OQ,21.4447203823418
2026-03-25,SSRM.OQ,14.1244773726739
2026-03-25,ST.N,186.322686322686
2026-03-25,STAG.N,24.6461989505843
2026-03-25,STC.N,14.5201441611037
2026-03-25,STE.N,31.08890497133
2026-03-25,STLD.OQ,21.6854306208731
2026-03-25,STNE.OQ,8.77169472846456
2026-03-25,STNG.N,10.3057706051348
2026-03-25,STRA.OQ,15.4049685590293
2026-03-25,STRL.OQ,48.329715967416
2026-03-25,STT.N,13.4322087262791
2026-03-25,STWD.N,15.084700420266
2026-03-25,STZ.N,23.8977109852839
2026-03-25,SW.N,30.6379196046526
2026-03-25,SWK.N,27.1563502772329
2026-03-25,SWKS.OQ,21.5946780014066
2026-03-25,SWX.N,35.4633960891916
2026-03-25,SXI.N,58.1879771248557
2026-03-25,SXT.N,27.4850208378197
2026-03-25,SYF.N,7.28337531621781
2026-03-25,SYK.N,39.0137086777967
2026-03-25,SYY.N,22.2687798698836
2026-03-25,T.N,9.44395092161291
2026-03-25,TBBK.OQ,10.6741595878351
2026-03-25,TCBI.OQ,13.9891411314582
2026-03-25,TDC.N,19.32119537361
2026-03-25,TDG.N,37.1933372376223
2026-03-25,TDS.N,79.7771938265665
2026-03-25,TDW.N,11.6735369827012
2026-03-25,TDY.N,33.1299738401569
2026-03-25,TECH.OQ,103.812432272682
2026-03-25,TER.OQ,92.8403058309432
2026-03-24,TEX.N,18.1340640405877
2026-03-24,TFC.N,11.8560220586889
2026-03-24,TFX.N,85.9431078563421
2026-03-24,TGLS.N,11.9806457474276
2026-03-24,TGT.N,14.2568646212805
2026-03-24,TGTX.OQ,10.8822078422476
2026-03-24,THC.N,12.8877609847455
2026-03-24,THG.N,9.51474943609241
2026-03-24,THO.N,14.7390721144633
2026-03-24,TIGO.OQ,11.4966820884848
2026-03-24,TJX.N,32.4963375449856
2026-03-24,TKO.N,83.3196964868613
2026-03-24,TKR.N,24.6038974638722
2026-03-24,TMDX.OQ,22.5744675559388
2026-03-24,TMHC.N,7.58615539515732
2026-03-24,TMO.N,27.6610401282262
2026-03-24,TMUS.OQ,21.7423969536356
2026-03-24,TNET.N,11.9462199691426
2026-03-24,TNK.N,7.23067732990968
2026-03-24,TNL.N,20.6629320849661
2026-03-24,TOL.N,9.74910660575916
2026-03-24,TOST.N,47.2579384812105
2026-03-24,TOWN.OQ,15.108986945146
2026-03-24,TPB.N,27.7685390096325
2026-03-24,TPC.N,49.9174123874785
2026-03-24,TPG.OQ,75.1034779840054
2026-03-24,TPH.N,17.1863671994318
2026-03-24,TPL.N,76.7581628863112
2026-03-24,TPR.N,59.4313539388438
2026-03-24,TREE.OQ,4.10675022148055
2026-03-24,TREX.N,20.6668317611833
2026-03-24,TRGP.N,28.9535543105619
2026-03-24,TRIP.OQ,31.9989465367395
2026-03-24,TRMB.OQ,37.1578612348822
2026-03-24,TRMK.OQ,11.3616720146069
2026-03-24,TRN.N,9.90801285603458
2026-03-24,TRNO.N,15.6681838263246
2026-03-24,TROW.OQ,9.60535823226794
2026-03-24,TRS.OQ,20.5503289399825
2026-03-24,TRU.N,29.6314848560744
2026-03-24,TRUP.OQ,57.2522502350992
2026-03-24,TRV.N,10.635977051757
2026-03-24,TSCO.OQ,22.0831674708972
2026-03-25,TEX.N,18.2178241516297
2026-03-25,TFC.N,11.8743345375968
2026-03-25,TFX.N,87.2496753744284
2026-03-25,TGLS.N,12.2707836948335
2026-03-25,TGT.N,14.3122095926364
2026-03-25,TGTX.OQ,11.4583670926644
2026-03-25,THC.N,12.9142298621875
2026-03-25,THG.N,9.41917655956428
2026-03-25,THO.N,14.4817992775069
2026-03-25,TIGO.OQ,9.81044611712869
2026-03-25,TJX.N,32.7753817365577
2026-03-25,TKO.N,83.5177896250872
2026-03-25,TKR.N,24.8157690940174
2026-03-25,TMDX.OQ,21.7889623040382
2026-03-25,TMHC.N,7.66340748675771
2026-03-25,TMO.N,27.6881206300956
2026-03-25,TMUS.OQ,21.7526887253641
2026-03-25,TNET.N,11.6470921628515
2026-03-25,TNK.N,6.9711297945711
2026-03-25,TNL.N,21.0048304096643
2026-03-25,TOL.N,9.78125593869622
2026-03-25,TOST.N,47.6131277971159
2026-03-25,TOWN.OQ,15.0953834154835
2026-03-25,TPB.N,28.2674324894785
2026-03-25,TPC.N,51.9870778578962
2026-03-25,TPG.OQ,76.1991272264155
2026-03-25,TPH.N,17.1937275279968
2026-03-25,TPL.N,76.0554856861787
2026-03-25,TPR.N,60.3227004497999
2026-03-25,TREE.OQ,4.13252073553909
2026-03-25,TREX.N,20.9932686463
2026-03-25,TRGP.N,28.8782585984174
2026-03-25,TRIP.OQ,31.3076112720569
2026-03-25,TRMB.OQ,37.4363462762572
2026-03-25,TRMK.OQ,11.3657234844802
2026-03-25,TRN.N,10.0283402732699
2026-03-25,TRNO.N,15.837708438216
2026-03-25,TROW.OQ,9.68972962214598
2026-03-25,TRS.OQ,20.8646743157375
2026-03-25,TRU.N,29.2428469025555
2026-03-25,TRUP.OQ,57.0955174421208
2026-03-25,TRV.N,10.5481334134332
2026-03-25,TSCO.OQ,22.3113294561978
2026-03-24,TSLA.OQ,356.078424081287
2026-03-24,TSN.N,108.03569844396
2026-03-24,TT.N,32.7220769023588
2026-03-24,TTC.N,28.5176281811405
2026-03-24,TTD.OQ,24.7041910870286
2026-03-24,TTEK.OQ,23.7448812755936
2026-03-24,TTI.N,269.559708584099
2026-03-24,TTMI.OQ,65.8825702761784
2026-03-24,TW.OQ,32.6889027894106
2026-03-24,TWLO.N,623.204588133787
2026-03-24,TXN.OQ,35.7331042067134
2026-03-24,TXNM.N,40.4323846121947
2026-03-24,TXRH.OQ,27.5566904401653
2026-03-24,TXT.N,17.6772506391366
2026-03-24,TYL.N,46.9894497037721
2026-03-24,UAL.OQ,9.14424667963958
2026-03-24,UBER.N,15.2772351456659
2026-03-24,UBSI.OQ,12.4730158439362
2026-03-24,UCB.N,11.8671701686528
2026-03-24,UDR.N,30.2409702643758
2026-03-24,UE.N,27.2135381635234
2026-03-24,UFPI.OQ,18.3181402454345
2026-03-24,UFPT.OQ,21.6435240685304
2026-03-24,UGI.N,13.4839919110809
2026-03-24,UHALb.N,67.8994466210345
2026-03-24,UHS.N,8.03127497354154
2026-03-24,UI.N,56.8661082819346
2026-03-24,ULTA.OQ,20.0943289156387
2026-03-24,UMBF.OQ,12.2169930549704
2026-03-24,UNF.N,34.8593733672483
2026-03-24,UNH.N,20.6369658475951
2026-03-24,UNIT.OQ,2.1314876649269
2026-03-24,UNM.N,17.3730548248813
2026-03-24,UNP.N,20.0002670374036
2026-03-24,UPBD.OQ,14.7612688613992
2026-03-24,UPS.N,15.0132609003991
2026-03-25,TSLA.OQ,358.792960797256
2026-03-25,TSN.N,109.029293305655
2026-03-25,TT.N,33.0203249991251
2026-03-25,TTC.N,28.6373746778071
2026-03-25,TTD.OQ,24.2950348335729
2026-03-25,TTEK.OQ,23.7073814630927
2026-03-25,TTI.N,266.708900855242
2026-03-25,TTMI.OQ,66.5045106068537
2026-03-25,TW.OQ,31.7930259433212
2026-03-25,TWLO.N,636.603562909202
2026-03-25,TXN.OQ,36.1259976095925
2026-03-25,TXNM.N,40.287242718715
2026-03-25,TXRH.OQ,27.7470534756023
2026-03-25,TXT.N,17.7026209480689
2026-03-25,TYL.N,46.0448543864645
2026-03-25,UAL.OQ,9.0846272859395
2026-03-25,UBER.N,15.4335131938798
2026-03-25,UBSI.OQ,12.4730158439362
2026-03-25,UCB.N,11.9168076243132
2026-03-25,UDR.N,30.0813873078355
2026-03-25,UE.N,27.1462778121553
2026-03-25,UFPI.OQ,18.4930198900469
2026-03-25,UFPT.OQ,21.7006099050777
2026-03-25,UGI.N,13.436019307128
2026-03-25,UHALb.N,69.6220863759013
2026-03-25,UHS.N,8.06583295535541
2026-03-25,UI.N,57.1775334986545
2026-03-25,ULTA.OQ,20.5202247887779
2026-03-25,UMBF.OQ,12.3340748513772
2026-03-25,UNF.N,34.6834495356537
2026-03-25,UNH.N,20.5058436538374
2026-03-25,UNIT.OQ,2.12608465436941
2026-03-25,UNM.N,17.5283394427635
2026-03-25,UNP.N,20.1387926905187
2026-03-25,UPBD.OQ,14.6573162637837
2026-03-25,UPS.N,15.0025850748909
2026-03-24,UPST.OQ,54.9008276402964
2026-03-24,UPWK.OQ,13.6063553272237
2026-03-24,URBN.OQ,12.1762266526923
2026-03-24,URI.N,19.3268168770903
2026-03-24,USB.N,11.2890374655743
2026-03-24,USFD.N,30.9762638811936
2026-03-24,UTHR.OQ,19.0615940886191
2026-03-24,UTI.N,40.5949637748853
2026-03-24,UWMC.N,34.0919822457267
2026-03-24,V.N,28.5094305622297
2026-03-24,VAL.N,7.0072483102417
2026-03-24,VC.OQ,12.0691102040592
2026-03-24,VCEL.OQ,125.636156475503
2026-03-24,VCTR.OQ,16.5312097206155
2026-03-24,VCYT.OQ,40.4305720913677
2026-03-24,VECO.OQ,58.7652295757079
2026-03-24,VEEV.N,32.8434896138951
2026-03-24,VERX.OQ,276.894724717807
2026-03-24,VFC.N,31.1711711711712
2026-03-24,VICI.N,10.4516810744175
2026-03-24,VICR.OQ,69.3068546591101
2026-03-24,VIK.N,28.2977356359884
2026-03-24,VIRT.N,8.44601509094134
2026-03-24,VISN.OQ,114.1581231524
2026-03-24,VITL.OQ,9.57635057770376
2026-03-24,VLO.N,31.6124231919459
2026-03-24,VLTO.N,23.1300994865896
2026-03-24,VLY.OQ,12.1465906391067
2026-03-24,VMC.N,32.7391510898933
2026-03-24,VMI.N,24.0067646784431
2026-03-24,VNO.N,6.22245515401291
2026-03-24,VNT.N,13.3767997826678
2026-03-24,VOYA.N,10.7787512786465
2026-03-24,VRRM.OQ,16.8335441466788
2026-03-24,VRSK.OQ,30.0412366998915
2026-03-24,VRSN.OQ,27.400062040449
2026-03-24,VRT.N,79.4429113133345
2026-03-24,VRTX.OQ,29.2584048945316
2026-03-25,UPST.OQ,53.8482177870426
2026-03-25,UPWK.OQ,13.8138064846791
2026-03-25,URBN.OQ,12.1328035717458
2026-03-25,URI.N,19.3462254688339
2026-03-25,USB.N,11.2349089775345
2026-03-25,USFD.N,31.435146315514
2026-03-25,UTHR.OQ,19.4121307179048
2026-03-25,UTI.N,41.1658466712337
2026-03-25,UWMC.N,33.3364812541316
2026-03-25,V.N,28.6173639476213
2026-03-25,VAL.N,7.17177129016775
2026-03-25,VC.OQ,12.0526016753405
2026-03-25,VCEL.OQ,119.407519939233
2026-03-25,VCTR.OQ,17.174456969694
2026-03-25,VCYT.OQ,40.2464620180919
2026-03-25,VECO.OQ,63.1568155021274
2026-03-25,VEEV.N,32.6601191174745
2026-03-25,VERX.OQ,268.601704676342
2026-03-25,VFC.N,31.009009009009
2026-03-25,VICI.N,10.3636266184792
2026-03-25,VICR.OQ,71.4186978758697
2026-03-25,VIK.N,29.0103385837503
2026-03-25,VIRT.N,8.52593353514365
2026-03-25,VISN.OQ,116.233725391534
2026-03-25,VITL.OQ,9.39592658131224
2026-03-25,VLO.N,30.6696080059524
2026-03-25,VLTO.N,23.196672418568
2026-03-25,VLY.OQ,12.1465906391067
2026-03-25,VMC.N,33.0865519057328
2026-03-25,VMI.N,24.1487848952289
2026-03-25,VNO.N,6.18910355670962
2026-03-25,VNT.N,13.3079779045549
2026-03-25,VOYA.N,10.8343446023648
2026-03-25,VRRM.OQ,16.8808293830459
2026-03-25,VRSK.OQ,28.5478911894158
2026-03-25,VRSN.OQ,28.599965230078
2026-03-25,VRT.N,80.9884247786572
2026-03-25,VRTX.OQ,29.6725435220566
2026-03-24,VSCO.N,25.4172480020549
2026-03-24,VSEC.OQ,70.6760546331229
2026-03-24,VST.N,70.4980842911878
2026-03-24,VTR.N,151.606833191898
2026-03-24,VVV.N,49.771986970684
2026-03-24,VVX.N,28.0081377202945
2026-03-24,VYX.N,49.7189454516665
2026-03-24,VZ.N,12.5395632951145
2026-03-24,WAB.N,35.9259540957518
2026-03-24,WAFD.OQ,10.9313450608182
2026-03-24,WAL.N,7.98304647899425
2026-03-24,WAT.N,28.0615919971671
2026-03-24,WAY.OQ,39.3624688769493
2026-03-24,WBD.OQ,95.0588891211931
2026-03-24,WBS.N,11.6230260151318
2026-03-24,WCC.N,20.9546750761187
2026-03-24,WD.N,26.7557307636151
2026-03-24,WDAY.OQ,43.5858451352344
2026-03-24,WDC.OQ,28.4415396693582
2026-03-24,WDFC.OQ,32.7054458942724
2026-03-24,WEC.N,23.4207365063585
2026-03-24,WEN.OQ,8.34391012081042
2026-03-24,WEX.N,18.2564647296664
2026-03-24,WFC.N,12.7136576399325
2026-03-24,WFRD.OQ,15.6818281223189
2026-03-24,WGO.N,27.1380497427765
2026-03-24,WH.N,31.2809464719506
2026-03-24,WHD.N,20.0931470392548
2026-03-24,WHR.N,9.55526489061316
2026-03-24,WINA.OQ,37.3729240950957
2026-03-24,WING.OQ,27.8760603173986
2026-03-24,WLDN.OQ,23.5289381207907
2026-03-24,WLY.N,12.852472772407
2026-03-24,WM.N,33.5867194044158
2026-03-24,WMB.N,34.8977812772419
2026-03-24,WMS.N,22.7042249774737
2026-03-24,WMT.OQ,44.713511137163
2026-03-24,WPC.N,31.9466102940131
2026-03-24,WRB.N,14.6084276452643
2026-03-24,WRBY.N,1907.36145574855
2026-03-25,VSCO.N,26.0126911109684
2026-03-25,VSEC.OQ,71.9510964956524
2026-03-25,VST.N,69.9395282278539
2026-03-25,VTR.N,152.566136590045
2026-03-25,VVV.N,50.9591024249005
2026-03-25,VVX.N,28.4820210306145
2026-03-25,VYX.N,50.1939672234977
2026-03-25,VZ.N,12.4065567309942
2026-03-25,WAB.N,36.3208733859503
2026-03-25,WAFD.OQ,10.9209606291581
2026-03-25,WAL.N,8.10332483748103
2026-03-25,WAT.N,28.0987695170361
2026-03-25,WAY.OQ,39.5426549600315
2026-03-25,WBD.OQ,94.8498153181406
2026-03-25,WBS.N,11.7550481542289
2026-03-25,WCC.N,21.2044456090187
2026-03-25,WD.N,27.4188446001849
2026-03-25,WDAY.OQ,42.8374455977589
2026-03-25,WDC.OQ,27.9776700138972
2026-03-25,WDFC.OQ,32.831539911795
2026-03-25,WEC.N,23.3461745578062
2026-03-25,WEN.OQ,8.39091806515301
2026-03-25,WEX.N,17.7805769639771
2026-03-25,WFC.N,12.8174621552692
2026-03-25,WFRD.OQ,16.3227610245506
2026-03-25,WGO.N,25.2736626310293
2026-03-25,WH.N,32.0085043431163
2026-03-25,WHD.N,20.2511643379907
2026-03-25,WHR.N,9.80018066975592
2026-03-25,WINA.OQ,38.0400449466038
2026-03-25,WING.OQ,26.9429162049547
2026-03-25,WLDN.OQ,23.8107562503235
2026-03-25,WLY.N,13.0727409401605
2026-03-25,WM.N,33.573281133115
2026-03-25,WMB.N,34.5931404253724
2026-03-25,WMS.N,23.1032155313723
2026-03-25,WMT.OQ,45.0835287221571
2026-03-25,WPC.N,31.9655697066505
2026-03-25,WRB.N,14.4871213108273
2026-03-25,WRBY.N,1933.82961124897
2026-03-24,WSBC.OQ,16.2137321263589
2026-03-24,WSFS.OQ,12.68291151781
2026-03-24,WSM.N,20.4445668752632
2026-03-24,WSO.N,29.8017344647175
2026-03-24,WST.N,36.1036284683889
2026-03-24,WT.N,18.6121815457076
2026-03-24,WTFC.OQ,11.9377587537717
2026-03-24,WTM.N,5.11326882985849
2026-03-24,WTRG.N,17.9779554943711
2026-03-24,WTS.N,29.3370581747622
2026-03-24,WTW.OQ,17.8932383126096
2026-03-24,WU.N,6.01019832999069
2026-03-24,WWD.OQ,46.4712972140395
2026-03-24,WWW.N,15.0586602862302
2026-03-24,WY.N,52.5751552240139
2026-03-24,WYNN.OQ,32.7115892669574
2026-03-24,XEL.OQ,22.7673617195257
2026-03-24,XOM.N,24.7558173476338
2026-03-24,XP.OQ,10.4181205363385
2026-03-24,XPO.N,70.4490545920624
2026-03-24,XYL.N,30.7191259394901
2026-03-24,XYZ.N,28.3603646264946
2026-03-24,YELP.N,10.6986502490585
2026-03-24,YETI.N,18.0850595083645
2026-03-24,YOU.N,47.9195760375264
2026-03-24,YUM.N,27.4156105445979
2026-03-24,Z.OQ,502.885682574917
2026-03-24,ZBH.N,24.3455992057784
2026-03-24,ZBRA.OQ,25.4047197510095
2026-03-24,ZD.OQ,40.5640636284513
2026-03-24,ZG.OQ,502.885682574917
2026-03-24,ZION.OQ,9.35825538948619
2026-03-24,ZM.OQ,12.2357154704985
2026-03-24,ZTS.N,19.2511433116683
2026-03-24,ZWS.N,40.3797310978101
2026-03-25,WSBC.OQ,16.2137321263589
2026-03-25,WSFS.OQ,12.7241089102113
2026-03-25,WSM.N,20.5394005832273
2026-03-25,WSO.N,30.1034660597051
2026-03-25,WST.N,36.3612276440715
2026-03-25,WT.N,20.0706486833654
2026-03-25,WTFC.OQ,12.0105606624097
2026-03-25,WTM.N,5.09847396003508
2026-03-25,WTRG.N,17.9553132330432
2026-03-25,WTS.N,29.2721814503683
2026-03-25,WTW.OQ,17.6584109077025
2026-03-25,WU.N,5.96431895342588
2026-03-25,WWD.OQ,46.8604576476322
2026-03-25,WWW.N,14.9963976624832
2026-03-25,WY.N,52.8208335194532
2026-03-25,WYNN.OQ,32.4314861380781
2026-03-25,XEL.OQ,22.6914315752584
2026-03-25,XOM.N,24.4384734561295
2026-03-25,XP.OQ,10.6600332492607
2026-03-25,XPO.N,72.9179663426456
2026-03-25,XYL.N,31.0506731683928
2026-03-25,XYZ.N,28.4171895347461
2026-03-25,YELP.N,10.7385705858088
2026-03-25,YETI.N,18.1340174388148
2026-03-25,YOU.N,48.7700075196047
2026-03-25,YUM.N,27.3691812976115
2026-03-25,Z.OQ,483.906770255272
2026-03-25,ZBH.N,24.7178905745415
2026-03-25,ZBRA.OQ,25.5222605045927
2026-03-25,ZD.OQ,40.2399955556379
2026-03-25,ZG.OQ,483.906770255272
2026-03-25,ZION.OQ,9.52138399641783
2026-03-25,ZM.OQ,12.5787277625775
2026-03-25,ZTS.N,19.3806688165686
2026-03-25,ZWS.N,41.0368896861624
