Date,RIC,Earnings Per Share - Mean
2025-09-23,AA.N,2.65444
2025-11-19,ABAT.OQ,-0.24
2026-02-10,ADPT.OQ,-0.485
2026-02-11,ACM.N,5.94136
2026-02-13,AFG.N,11.08433
2026-02-20,ACLS.OQ,3.64833
2026-02-26,ACVA.N,-0.27444
2026-02-26,ADC.N,2.01667
2026-02-26,ADMA.OQ,0.955
2026-02-27,AEVA.OQ,-1.744
2026-02-28,ADUS.OQ,6.89571
2026-03-02,ACHC.OQ,1.48692
2026-03-02,ACI.N,2.14494
2026-03-02,AEHR.OQ,-0.1275
2026-03-03,AAON.OQ,1.98017
2026-03-03,ACLX.OQ,-3.47406
2026-03-03,ADT.N,0.8964
2026-03-04,ABR.N,0.732
2026-03-04,ACAD.OQ,0.48733
2026-03-04,ADNT.N,2.08046
2026-03-05,AAP.N,2.77483
2026-03-05,ACA.N,4.794
2026-03-05,ACMR.OQ,1.786
2026-03-05,AEO.N,1.76846
2026-03-06,ADSK.OQ,12.44193
2026-03-09,ACHR.N,-1.20125
2026-03-10,ADI.OQ,11.33384
2026-03-10,AES.N,2.32092
2026-03-11,ABM.N,3.96
2026-03-11,AESI.N,-0.47144
2026-03-12,ACT.OQ,4.77
2026-03-13,ABNB.OQ,4.95357
2026-03-13,ACIW.OQ,2.618
2026-03-16,ADEA.OQ,1.43625
2026-03-17,AAOI.OQ,0.81571
2026-03-17,ABBV.N,14.5537
2026-03-17,ADBE.OQ,23.54287
2026-03-18,A.N,5.97285
2026-03-18,ADP.OQ,10.96644
2026-03-19,ABCB.N,6.51029
2026-03-20,ABG.N,26.74956
2026-03-20,AEIS.OQ,8.6765
2026-03-20,AEP.OQ,6.33635
2026-03-23,AAL.OQ,1.3471
2026-03-23,AAPL.OQ,8.50697
2026-03-23,ABT.N,5.67
2026-03-23,ACGL.OQ,9.39584
2026-03-23,AEE.N,5.36453
2026-03-24,ACN.N,13.87074
2026-03-24,ADM.N,4.13442
2026-03-25,A.N,5.97511
2026-03-25,AAPL.OQ,8.50674
2026-03-25,ABT.N,5.66231
2026-03-25,ADM.N,4.13525
2026-03-25,ADUS.OQ,6.89279
2026-03-26,A.N,5.97616
2026-03-26,AAL.OQ,1.33633
2026-03-26,AEO.N,1.76192
2026-03-27,ABG.N,26.75956
2026-03-29,ABT.N,5.65462
2026-03-30,ABG.N,26.7006
2026-03-30,ABNB.OQ,4.93614
2026-03-30,AEIS.OQ,8.6845
2026-02-02,AGYS.OQ,1.645
2026-02-04,AGNC.OQ,1.52846
2026-02-10,AGCO.N,5.789
2026-02-16,AMKR.OQ,1.73111
2026-02-19,AL.N,5.115
2026-02-23,ALLE.N,8.80167
2026-02-24,AKAM.OQ,6.84626
2026-02-25,AIN.N,2.59333
2026-02-25,AIZ.N,20.76857
2026-02-25,AMC.N,-0.454
2026-02-26,ALKT.OQ,0.80756
2026-02-26,ALRM.OQ,2.78867
2026-02-27,AMBA.OQ,0.75108
2026-02-28,ALIT.N,0.299
2026-03-02,AHR.N,0.746
2026-03-02,ALKS.OQ,-0.6515
2026-03-04,ALAB.OQ,2.44595
2026-03-04,AMLX.OQ,-1.37889
2026-03-05,AGIO.OQ,-6.66656
2026-03-06,AMG.N,32.39143
2026-03-10,AGX.N,8.315
2026-03-10,AMAT.OQ,10.94858
2026-03-10,AMH.N,0.71667
2026-03-11,AI.N,-1.393
2026-03-11,AME.N,8.05111
2026-03-12,AFRM.OQ,1.08961
2026-03-12,ALHC.OQ,0.1311
2026-03-13,AMD.OQ,6.66183
2026-03-16,ALG.N,10.4086
2026-03-16,AM.N,1.205
2026-03-17,AIT.N,10.65957
2026-03-17,ALGN.OQ,11.29833
2026-03-17,ALSN.N,8.9111
2026-03-18,AGO.N,7.045
2026-03-18,ALB.N,7.55544
2026-03-19,AFL.N,7.34362
2026-03-19,AKR.N,0.246
2026-03-19,ALH.N,1.24271
2026-03-19,AMGN.OQ,22.39277
2026-03-20,ALMS.OQ,-2.971
2026-03-23,AIG.N,7.84882
2026-03-23,ALGT.OQ,7.73642
2026-03-23,ALK.N,4.21963
2026-03-23,ALL.N,25.67186
2026-03-23,ALLY.N,5.24775
2026-03-23,AMCR.N,4.00922
2026-03-24,AIR.N,4.75
2026-03-24,AJG.N,13.25159
2026-03-24,ALGM.OQ,0.53108
2026-03-24,ALNY.OQ,6.99
2026-03-25,AFL.N,7.35892
2026-03-25,AIR.N,4.815
2026-03-25,ALNY.OQ,6.73857
2026-03-25,AM.N,1.2075
2026-03-26,AGX.N,10.334
2026-03-26,AIR.N,4.81833
2026-03-26,ALMS.OQ,-2.9325
2026-03-26,AMAT.OQ,10.94858
2026-03-26,AME.N,8.05605
2026-03-27,AGX.N,10.836
2026-03-28,ALIT.N,0.29883
2026-03-29,AMD.OQ,6.679
2026-03-30,AIR.N,4.86167
2026-03-30,AME.N,8.05305
2025-08-28,AROC.N,1.8304
2026-01-22,APLD.OQ,-0.47571
2026-01-30,APPF.OQ,6.55786
2026-02-06,AMSC.OQ,2.805
2026-02-09,ARE.N,-0.11333
2026-02-11,APAM.N,4.12
2026-02-12,AMTM.N,2.41556
2026-02-12,ARWR.OQ,-3.45667
2026-02-13,AORT.N,0.43029
2026-02-19,ANDE.OQ,4.78333
2026-02-20,AMN.N,2.02
2026-02-20,APPN.OQ,0.88771
2026-02-23,AMPL.OQ,0.11118
2026-02-25,APH.N,4.36314
2026-02-25,ARR.N,3.08
2026-02-27,APG.N,1.6635
2026-02-27,ARQT.OQ,0.28043
2026-03-02,ANGI.OQ,1.04333
2026-03-04,AMR.N,6.403
2026-03-04,AMT.N,6.4764
2026-03-04,APLE.N,0.85333
2026-03-05,ARW.N,13.283
2026-03-09,AMPX.N,-0.05433
2026-03-09,AOS.N,4.00621
2026-03-09,APO.N,9.24456
2026-03-09,AQST.OQ,-0.50714
2026-03-11,ANET.N,3.52292
2026-03-12,APTV.N,8.39021
2026-03-13,AMRC.N,1.15364
2026-03-13,ANF.N,10.73691
2026-03-13,ARCB.OQ,4.54615
2026-03-16,APD.N,13.0685
2026-03-17,AMP.N,42.60839
2026-03-17,AMRX.OQ,0.99
2026-03-17,ANAB.OQ,-3.9958
2026-03-17,APGE.OQ,-4.78463
2026-03-17,APLS.OQ,-1.19278
2026-03-18,ANIP.OQ,9.05375
2026-03-18,APP.OQ,15.57939
2026-03-18,ARDX.OQ,0.00264
2026-03-18,ARES.N,6.39871
2026-03-18,ARVN.OQ,-3.43038
2026-03-22,ARMK.N,2.21423
2026-03-23,AON.N,19.11315
2026-03-23,AR.N,3.746
2026-03-24,AMZN.OQ,7.79331
2026-03-24,AN.N,21.632
2026-03-24,APA.OQ,3.48232
2026-03-24,ARLO.N,0.805
2026-03-24,ARRY.OQ,0.7021
2026-03-25,AMZN.OQ,7.80648
2026-03-25,APA.OQ,3.80832
2026-03-25,APPF.OQ,6.55786
2026-03-25,AR.N,3.89011
2026-03-26,ANF.N,10.72717
2026-03-26,APLE.N,0.8075
2026-03-27,APA.OQ,3.97212
2026-03-27,AR.N,3.97844
2026-03-29,APGE.OQ,-4.75719
2026-03-29,APTV.N,8.38811
2026-03-30,AON.N,19.08865
2026-03-30,APA.OQ,4.12835
2025-09-24,BAH.N,6.3835
2025-12-04,ASPI.OQ,-1.18
2026-02-09,ASGN.N,5.03143
2026-02-09,ATR.N,5.545
2026-02-10,AVY.N,10.15244
2026-02-13,AX.N,8.7025
2026-02-17,ASH.N,3.8978
2026-02-18,ATMU.N,2.9468
2026-02-18,ATRC.OQ,0.0625
2026-02-25,AWI.N,8.27811
2026-02-25,AXON.OQ,7.7761
2026-02-27,AUPH.OQ,0.792
2026-03-01,AXSM.OQ,-0.66905
2026-03-04,ATO.N,8.24333
2026-03-04,AWR.N,3.7
2026-03-04,AZZ.N,6.06556
2026-03-05,AVT.OQ,4.54
2026-03-06,ATRO.OQ,2.51
2026-03-06,AVTR.N,0.78778
2026-03-08,ASAN.N,0.36553
2026-03-09,ASTS.OQ,-1.00613
2026-03-09,ATEC.OQ,0.27889
2026-03-09,ATEN.N,1.012
2026-03-13,ASTH.OQ,1.23444
2026-03-13,AUR.OQ,-0.47
2026-03-13,AVB.N,4.9625
2026-03-13,AVPT.OQ,0.37617
2026-03-13,AXS.N,13.375
2026-03-15,AZO.N,148.97792
2026-03-16,AXP.N,17.56573
2026-03-17,ATKR.N,5.262
2026-03-17,AVAV.OQ,2.88193
2026-03-17,AZTA.OQ,0.78514
2026-03-18,ASO.OQ,6.346
2026-03-18,AVNT.N,3.06
2026-03-18,AWK.N,6.09475
2026-03-19,AUB.N,3.76822
2026-03-19,AYI.N,19.76156
2026-03-19,BA.N,0.08763
2026-03-20,AXTA.N,2.63681
2026-03-20,BAC.N,4.33589
2026-03-23,AS.N,1.17779
2026-03-23,ASB.N,2.81811
2026-03-23,ASST.OQ,-0.34
2026-03-23,ATI.N,4.16943
2026-03-23,AU.N,10.26733
2026-03-23,AVGO.OQ,11.28207
2026-03-23,AXGN.OQ,0.53714
2026-03-24,ATGE.N,7.905
2026-03-24,AVA.N,2.5728
2026-03-25,ATO.N,8.247
2026-03-25,ATRC.OQ,0.06571
2026-03-25,AVTR.N,0.78706
2026-03-25,AYI.N,19.71933
2026-03-25,BA.N,0.00395
2026-03-25,BAC.N,4.33689
2026-03-26,AVB.N,4.95625
2026-03-26,AXS.N,13.389
2026-03-26,BAC.N,4.34073
2026-03-27,ASB.N,2.84589
2026-03-27,AXGN.OQ,0.53571
2026-03-27,BAC.N,4.33804
2026-03-30,ATMU.N,2.9308
2026-03-30,BAC.N,4.33919
2025-09-26,BIRK.N,2.45888864186841
2026-01-30,BANR.OQ,5.8645
2026-02-04,BHE.N,2.5465
2026-02-07,BKU.N,4.14022
2026-02-09,BANF.OQ,7.00167
2026-02-13,BILL.N,2.38742
2026-02-16,BGC.OQ,1.405
2026-02-17,BK.N,8.36633
2026-02-19,BELFB.OQ,7.6655
2026-02-23,BKD.N,-0.23
2026-02-24,BBNX.OQ,-1.90746
2026-02-24,BE.N,1.3797
2026-02-27,BCO.N,9.19667
2026-02-27,BCRX.OQ,0.29429
2026-03-02,BHF.OQ,20.652
2026-03-03,BBAI.N,-0.3
2026-03-05,BJRI.OQ,2.34578
2026-03-06,BCPC.OQ,5.68567
2026-03-06,BEN.N,2.629
2026-03-06,BIO.N,10.2276
2026-03-10,BBIO.OQ,-1.97184
2026-03-10,BKSY.N,-1.295
2026-03-11,BFH.N,10.04682
2026-03-13,BBT.N,3.63371
2026-03-13,BJ.N,4.52884
2026-03-16,BCC.N,3.95143
2026-03-16,BETR.OQ,-4.77
2026-03-16,BHVN.N,-2.892
2026-03-16,BKE.N,4.235
2026-03-16,BKNG.OQ,267.09663
2026-03-17,BAX.N,1.91731
2026-03-17,BBY.N,6.50546
2026-03-17,BDC.N,7.9218
2026-03-17,BIIB.OQ,15.77223
2026-03-17,BKR.OQ,2.63936
2026-03-19,BATRK.OQ,-0.19267
2026-03-19,BBW.N,3.926
2026-03-19,BC.N,4.25315
2026-03-19,BFb.N,1.73879
2026-03-20,BALL.N,3.9442
2026-03-20,BEAM.OQ,-4.62779
2026-03-20,BFAM.N,5.01444
2026-03-20,BKH.N,4.324
2026-03-22,BEPC.N,-1.04
2026-03-22,BIPC.N,-0.63
2026-03-23,BAM.N,1.8774
2026-03-23,BANC.N,1.709
2026-03-23,BDX.N,12.45717
2026-03-24,BBWI.N,2.63169
2026-03-24,BG.N,8.1349
2026-03-25,BAX.N,1.92047
2026-03-25,BBNX.OQ,-1.9132
2026-03-25,BEAM.OQ,-4.62806
2026-03-25,BFAM.N,5.02222
2026-03-25,BIO.N,10.217
2026-03-25,BKD.N,-0.21
2026-03-26,BGC.OQ,1.415
2026-03-26,BKR.OQ,2.63818
2026-03-27,BE.N,1.38044
2026-03-27,BEAM.OQ,-4.61053
2026-03-27,BHF.OQ,20.34333
2026-03-28,BALL.N,3.94307
2025-11-19,BYND.OQ,-1.19
2025-11-22,BTBT.OQ,0.015
2025-12-08,BTBT.OQ,0.2525
2026-01-26,BOKF.OQ,9.5914
2026-02-02,CACC.OQ,44.71533
2026-02-04,BPOP.OQ,14.42244
2026-02-06,BOOT.N,7.33988
2026-02-08,BOH.N,5.977
2026-02-09,BUSE.OQ,2.5418
2026-02-11,BL.OQ,2.40087
2026-02-11,BLKB.OQ,5.194
2026-02-16,BRKR.OQ,2.11867
2026-02-18,BLBD.OQ,4.54517
2026-02-19,BR.N,9.49625
2026-02-23,BMI.N,5.115
2026-02-27,BORR.N,-0.07343
2026-02-27,BUR.N,1.03667
2026-02-28,BXMT.N,1.64667
2026-03-01,BRSL.N,1.045
2026-03-02,BLMN.OQ,0.861
2026-03-04,BWA.N,5.20907
2026-03-05,BSY.OQ,1.35806
2026-03-06,BLK.N,54.2885
2026-03-06,BURL.N,11.43331
2026-03-07,BRX.N,1.01667
2026-03-09,BNL.N,0.68
2026-03-09,BULL.OQ,0.18667
2026-03-09,BWIN.OQ,2.00878
2026-03-10,CABO.N,20.604
2026-03-11,BYD.N,7.51957
2026-03-12,BROS.N,0.90174
2026-03-15,BLDR.N,5.80745
2026-03-15,BWXT.N,4.5973
2026-03-16,BMRN.OQ,4.28688
2026-03-16,BRBR.N,1.91154
2026-03-16,BRKb.N,23.982
2026-03-16,CACI.N,28.72323
2026-03-17,BLD.N,18.52393
2026-03-17,BMY.N,6.26911
2026-03-17,BTDR.OQ,-0.8725
2026-03-18,BLSH.N,0.71043
2026-03-18,BTSG.OQ,1.55529
2026-03-19,BOX.N,1.6336
2026-03-19,BX.N,6.3561
2026-03-19,BXP.N,1.96833
2026-03-20,BSX.N,3.45871
2026-03-20,C.N,10.24623
2026-03-23,BKV.N,2.16222
2026-03-23,BRO.N,4.52553
2026-03-24,BRZE.OQ,0.63081
2026-03-24,BTU.N,2.8835
2026-03-25,BKV.N,2.16444
2026-03-25,BRZE.OQ,0.63262
2026-03-25,BSX.N,3.45836
2026-03-25,BWXT.N,4.593
2026-03-25,C.N,10.24832
2026-03-25,CACI.N,28.69708
2026-03-26,BSX.N,3.45586
2026-03-26,C.N,10.24786
2026-03-27,BRSL.N,1.06333
2026-03-27,BTU.N,2.91017
2026-03-27,BUSE.OQ,2.5515
2026-03-27,BWA.N,5.21121
2026-03-27,C.N,10.23196
2026-03-29,BWA.N,5.19836
2026-03-30,BMI.N,5.11571
2026-03-30,BSX.N,3.45425
2026-03-30,BUR.N,0.86333
2025-12-12,CELC.OQ,-3.7385
2026-01-23,CASH.OQ,8.64
2026-01-26,CATY.OQ,5.2558
2026-01-30,CALX.N,1.80057
2026-02-02,CCB.OQ,5.28
2026-02-10,CDP.N,1.3375
2026-02-11,CFR.N,10.21214
2026-02-12,CDW.OQ,10.5126
2026-02-17,CCS.N,4.6575
2026-02-23,CAH.N,10.30518
2026-02-24,CARG.OQ,2.51146
2026-02-24,CBU.N,4.67217
2026-02-24,CENX.OQ,7.9
2026-02-25,CDNA.OQ,0.70043
2026-02-26,CAR.OQ,4.02833
2026-02-26,CBZ.N,3.78
2026-02-26,CDNS.OQ,8.07804
2026-02-26,CECO.OQ,1.53633
2026-02-27,CAI.OQ,0.1197
2026-02-27,CBT.N,6.2608
2026-03-04,CC.N,1.39978
2026-03-04,CCI.N,2.19053
2026-03-06,CG.OQ,4.60014
2026-03-09,CERT.OQ,0.45046
2026-03-10,CCC.OQ,0.42354
2026-03-11,CBSH.OQ,3.99333
2026-03-12,CART.OQ,2.42919
2026-03-13,CAKE.OQ,4.03355
2026-03-16,CASY.OQ,18.04357
2026-03-16,CBOE.Z,11.88308
2026-03-17,CAVA.N,0.50709
2026-03-17,CCOI.OQ,-3.53282
2026-03-17,CELH.OQ,1.63937
2026-03-18,CALM.OQ,7.89
2026-03-20,CAG.N,1.723
2026-03-20,CCK.N,8.0515
2026-03-20,CEVA.OQ,0.50114
2026-03-23,CAPR.OQ,0.10667
2026-03-23,CARR.N,2.77865
2026-03-23,CAT.N,22.85221
2026-03-23,CB.N,26.80325
2026-03-23,CBRL.OQ,-1.42878
2026-03-23,CF.N,10.24436
2026-03-24,CALY.N,0.38167
2026-03-24,CBRE.N,7.46836
2026-03-24,CCL.N,2.37213
2026-03-24,CDE.N,2.216
2026-03-24,CE.N,4.96738
2026-03-24,CEG.OQ,11.46758
2026-03-24,CFG.N,5.13238
2026-03-25,CARR.N,2.77778
2026-03-25,CC.N,1.40089
2026-03-25,CCL.N,2.36344
2026-03-25,CEG.OQ,11.5652
2026-03-25,CELC.OQ,-3.9091
2026-03-25,CERT.OQ,0.4505
2026-03-25,CF.N,11.10255
2026-03-26,CASY.OQ,18.06625
2026-03-26,CAVA.N,0.51113
2026-03-26,CEG.OQ,11.51495
2026-03-26,CELC.OQ,-3.7861
2026-03-27,CCL.N,2.33061
2026-03-27,CEG.OQ,11.57019
2026-03-27,CELC.OQ,-3.8511
2026-03-28,CCK.N,8.03239
2026-03-29,CARR.N,2.77865
2026-03-29,CART.OQ,2.43215
2026-03-29,CCL.N,2.33713
2026-01-29,CNS.N,3.34
2026-02-04,COLB.OQ,3.05573
2026-02-06,CNMD.N,4.35567
2026-02-12,CLSK.OQ,-1.19186
2026-02-13,COHU.OQ,0.526
2026-02-18,CINF.OQ,8.47333
2026-02-20,CNR.N,3.44667
2026-02-24,CNO.N,4.41525
2026-02-25,CNK.N,2.0356
2026-02-26,CHEF.OQ,2.15375
2026-02-26,CHRW.OQ,6.0456
2026-03-03,CHTR.OQ,44.69775
2026-03-03,CLDX.OQ,-4.80615
2026-03-05,CHWY.N,0.56824
2026-03-06,CGON.OQ,-2.51583
2026-03-06,CIFR.OQ,-0.88264
2026-03-08,CMI.N,26.06465
2026-03-09,CLMT.OQ,-1.11333
2026-03-09,COLD.N,-0.056
2026-03-10,CNA.N,4.6
2026-03-11,CIEN.N,6.13189
2026-03-11,COHR.N,5.35047
2026-03-12,CHH.N,7.18079
2026-03-12,CLH.N,8.22469
2026-03-12,CNC.N,2.9912
2026-03-12,CNH.N,0.4114
2026-03-12,COCO.OQ,1.5519
2026-03-13,CHDN.OQ,6.71867
2026-03-13,CI.N,30.34563
2026-03-13,CLX.N,5.92479
2026-03-16,CGNX.OQ,1.25042
2026-03-16,CME.OQ,12.09462
2026-03-16,CMS.N,3.876
2026-03-16,COF.N,20.33553
2026-03-17,COGT.OQ,-2.18167
2026-03-18,CHE.N,23.875
2026-03-18,CMCSA.OQ,3.68824
2026-03-20,CMG.N,1.13986
2026-03-20,CNP.N,1.9085
2026-03-23,CHD.N,3.76326
2026-03-23,CHRD.OQ,7.72753
2026-03-23,CL.N,3.87826
2026-03-23,CNX.N,2.755
2026-03-23,COLL.OQ,7.3012
2026-03-24,CLF.N,-0.45211
2026-03-24,CMC.N,7.26
2026-03-24,CNM.N,3.13364
2026-03-24,CNXC.OQ,11.7675
2026-03-24,COIN.OQ,3.32496
2026-03-25,CHTR.OQ,44.70525
2026-03-25,CHWY.N,0.85647
2026-03-25,CI.N,30.347
2026-03-25,CMCSA.OQ,3.67252
2026-03-25,CNM.N,3.06167
2026-03-25,CNO.N,4.4024
2026-03-25,CNX.N,2.78429
2026-03-25,CNXC.OQ,11.71
2026-03-26,CHRD.OQ,7.70812
2026-03-26,CHRW.OQ,6.04536
2026-03-26,CHWY.N,0.86588
2026-03-26,CMC.N,7.07429
2026-03-26,CMCSA.OQ,3.66633
2026-03-26,CMG.N,1.13792
2026-03-26,CNM.N,3.11917
2026-03-26,CNP.N,1.90842
2026-03-26,COIN.OQ,3.38933
2026-03-27,CHRW.OQ,6.04496
2026-03-27,CMCSA.OQ,3.64395
2026-03-27,CNX.N,2.73933
2026-03-29,CMC.N,7.03571
2026-03-29,CMCSA.OQ,3.62443
2026-03-30,CHTR.OQ,44.69588
2026-03-30,CL.N,3.87721
2026-03-30,CNM.N,3.14583
2025-09-10,CORT.OQ,2.19
2026-02-06,CSGS.OQ,5.12667
2026-02-13,COLM.OQ,3.40222
2026-02-16,CSCO.OQ,4.15405
2026-02-18,CSTM.N,2.0125
2026-02-23,CPRI.N,1.39631
2026-02-27,CPRT.OQ,1.57791
2026-02-27,CPRX.OQ,1.894
2026-03-02,COMP.N,0.25
2026-03-02,CRAI.OQ,8.53333
2026-03-03,CRS.N,10.32
2026-03-04,CSGP.OQ,1.30667
2026-03-05,CRNX.OQ,-4.915
2026-03-06,CRCL.N,0.9612
2026-03-06,CRMD.OQ,0.83071
2026-03-09,CORZ.OQ,0.09555
2026-03-09,CRDO.OQ,3.3098
2026-03-09,CRI.N,3.065
2026-03-09,CSL.N,20.8115
2026-03-09,CSW.N,9.73186
2026-03-10,CRM.N,13.19933
2026-03-10,CROX.OQ,13.2882
2026-03-11,CRL.N,11.00621
2026-03-11,CRML.OQ,-0.185
2026-03-11,CRSP.OQ,-4.92126
2026-03-12,CPK.N,6.5186
2026-03-12,CRK.N,0.83307
2026-03-13,COO.OQ,4.62
2026-03-13,COUR.N,0.43231
2026-03-13,CPAY.N,25.90629
2026-03-13,CPT.N,1.13875
2026-03-13,CSTL.OQ,-1.14
2026-03-15,CRH.N,6.0204
2026-03-15,CRUS.OQ,9.05171
2026-03-16,COST.OQ,20.48007
2026-03-16,CRWD.OQ,4.85806
2026-03-17,CPNG.N,0.19892
2026-03-17,CTAS.OQ,4.87965
2026-03-19,CR.N,6.67967
2026-03-19,CRVS.OQ,-0.69486
2026-03-19,CSX.OQ,1.84388
2026-03-20,CON.N,1.45543
2026-03-20,CPB.OQ,2.21995
2026-03-20,CRBG.N,5.12743
2026-03-23,COR.N,17.62071
2026-03-23,CRC.N,2.8144
2026-03-24,COP.N,6.30359
2026-03-24,COTY.N,0.27131
2026-03-24,CRGY.N,1.44886
2026-03-25,COMP.N,0.27714
2026-03-25,COP.N,6.46986
2026-03-25,CORZ.OQ,0.07008
2026-03-25,COUR.N,0.43333
2026-03-25,CRBG.N,5.12533
2026-03-25,CRC.N,3.1613
2026-03-25,CRL.N,11.019
2026-03-25,CTAS.OQ,4.88487
2026-03-26,COR.N,17.61846
2026-03-26,CRCL.N,0.9692
2026-03-26,CRI.N,3.05557
2026-03-26,CSX.OQ,1.84544
2026-03-26,CTAS.OQ,4.89591
2026-03-27,COUR.N,0.43727
2026-03-27,CPB.OQ,2.20679
2026-03-27,CRK.N,0.83021
2026-03-27,CRWD.OQ,4.85828
2026-03-29,CRBG.N,5.125
2026-03-29,CRH.N,6.0128
2026-03-30,CRL.N,11.02631
2025-12-30,DBRG.N,0.45667
2026-01-28,CVLT.OQ,4.18739
2026-02-02,CVCO.OQ,23.825
2026-02-06,DGII.OQ,2.31067
2026-02-10,CUZ.N,0.29667
2026-02-13,DBD.N,5.48567
2026-02-17,DD.N,2.29725
2026-02-17,DDOG.OQ,2.15824
2026-02-18,CW.N,15.01975
2026-02-20,CVBF.OQ,1.57533
2026-02-20,CXT.N,4.27317
2026-02-20,DECK.N,6.87996
2026-02-23,DBX.OQ,2.97563
2026-02-25,DAN.N,2.72
2026-02-26,CWH.N,0.663
2026-02-28,DDS.N,33.17667
2026-03-02,CTSH.OQ,5.65915
2026-03-04,CTRI.N,0.65067
2026-03-04,DE.N,17.91418
2026-03-06,CURB.N,0.255
2026-03-10,CWAN.N,0.7
2026-03-10,CWST.OQ,1.17627
2026-03-10,DAVE.OQ,13.58571
2026-03-10,DAWN.OQ,-0.87413
2026-03-11,CVI.N,1.13333
2026-03-12,CUBI.N,8.1338
2026-03-12,CWK.N,1.44786
2026-03-12,DCI.N,3.9775
2026-03-13,CXM.N,0.48089
2026-03-16,CZR.OQ,-0.13247
2026-03-16,DEI.N,-0.182
2026-03-16,DFTX.OQ,-1.94923
2026-03-17,CVNA.N,7.1609
2026-03-17,CVS.N,7.17157
2026-03-18,DGX.N,10.553
2026-03-19,CWT.N,2.58333
2026-03-22,CUBE.N,1.59557
2026-03-22,CVX.N,8.08709
2026-03-22,CYTK.OQ,-6.46439
2026-03-22,D.N,3.59028
2026-03-22,DASH.OQ,2.6965
2026-03-23,CTRE.N,1.47857
2026-03-23,CWEN.N,1.12857
2026-03-23,DAL.N,6.66804
2026-03-23,DELL.N,12.89687
2026-03-24,CTRA.N,2.34838
2026-03-24,CTVA.N,3.66262
2026-03-24,CXW.N,1.51
2026-03-24,DAR.N,3.05282
2026-03-24,DG.N,7.28974
2026-03-25,CTRA.N,2.413
2026-03-25,CVS.N,7.172
2026-03-25,CYTK.OQ,-6.47161
2026-03-25,CZR.OQ,-0.146
2026-03-26,CTVA.N,3.66068
2026-03-26,D.N,3.5905
2026-03-26,DAL.N,6.66367
2026-03-26,DAN.N,2.6675
2026-03-27,CWEN.N,1.09143
2026-03-27,CWK.N,1.45188
2026-03-27,DAL.N,6.71283
2026-03-27,DAN.N,2.684
2026-03-28,CXT.N,4.2715
2026-03-29,DASH.OQ,2.69428
2026-03-30,CTRA.N,2.43967
2026-01-18,DRH.OQ,0.485
2026-01-27,DX.N,1.4625
2026-02-05,DXC.N,3.17778
2026-02-26,DOC.N,0.215
2026-02-28,DVA.N,13.98125
2026-03-01,DT.N,1.68115
2026-03-02,DLB.N,4.3375
2026-03-03,DRS.OQ,1.25022
2026-03-03,DV.N,0.52733
2026-03-03,ECG.N,4.168
2026-03-04,DXPE.OQ,6.44
2026-03-05,DHT.N,2.13
2026-03-05,DIOD.OQ,2.226
2026-03-05,DORM.OQ,8.46088
2026-03-06,DOLE.N,1.4398
2026-03-06,EBAY.OQ,6.01579
2026-03-09,DHI.N,10.63396
2026-03-09,DPZ.OQ,19.85239
2026-03-09,DUOL.OQ,2.89535
2026-03-11,DY.N,14.2619
2026-03-13,DNLI.OQ,-2.77035
2026-03-13,DUK.N,6.70753
2026-03-15,DOX.OQ,7.464
2026-03-16,DYN.OQ,-2.95923
2026-03-17,DOCS.N,1.54595
2026-03-17,DTE.N,7.72008
2026-03-18,DHR.N,8.40929
2026-03-19,DKS.N,14.16529
2026-03-19,DNTH.OQ,-4.43071
2026-03-23,DINO.N,4.31667
2026-03-23,DKNG.OQ,0.34508
2026-03-23,DLR.N,2.05141
2026-03-23,DLTR.OQ,6.70883
2026-03-23,DNOW.N,0.74
2026-03-23,DRVN.OQ,1.215
2026-03-23,DTM.N,4.75507
2026-03-23,EA.OQ,8.5185
2026-03-24,DIS.N,6.64781
2026-03-24,DK.N,1.7325
2026-03-24,DOCN.N,0.981
2026-03-24,DOCU.OQ,4.4427
2026-03-24,DOV.N,10.53763
2026-03-24,DOW.N,0.2905
2026-03-24,DRI.N,10.61796
2026-03-24,DVN.N,3.9443
2026-03-24,DXCM.OQ,2.49217
2026-03-24,EAT.N,10.70578
2026-03-24,EBC.OQ,1.94367
2026-03-25,DIS.N,6.64358
2026-03-25,DNLI.OQ,-2.70518
2026-03-25,DTE.N,7.71758
2026-03-25,DVN.N,4.23565
2026-03-25,DXCM.OQ,2.49296
2026-03-26,DIS.N,6.64165
2026-03-26,DOCN.N,0.98308
2026-03-26,DOV.N,10.54075
2026-03-26,DOW.N,0.27121
2026-03-26,DRS.OQ,1.2552
2026-03-26,DTM.N,4.75521
2026-03-27,DHR.N,8.40888
2026-03-27,DIS.N,6.64127
2026-03-27,DPZ.OQ,19.84723
2026-03-27,DUK.N,6.70965
2026-03-27,DVN.N,4.22814
2026-03-29,DOV.N,10.53375
2026-03-29,DOW.N,0.3155
2026-03-30,DOLE.N,1.4298
2026-03-30,DVN.N,4.33171
2026-01-16,EPAC.N,1.9175
2026-02-08,ENSG.OQ,7.518
2026-02-12,ENR.N,3.31967
2026-02-16,EPC.N,1.92833
2026-02-17,EEFT.OQ,10.48433
2026-02-17,ELF.N,3.08812
2026-02-19,EGP.N,5.11875
2026-02-20,EIG.N,2.15
2026-03-02,EVER.OQ,1.97143
2026-03-04,EFC.N,1.864
2026-03-04,ESAB.N,5.82671
2026-03-05,ENVA.N,15.82483
2026-03-05,EOSE.OQ,-0.60825
2026-03-05,EPR.N,3.045
2026-03-05,EQH.N,7.57962
2026-03-06,ELAN.N,1.03153
2026-03-06,ESTC.N,2.52363
2026-03-10,ELVN.OQ,-2.072
2026-03-10,EME.N,28.3159
2026-03-11,ELV.N,25.92282
2026-03-12,EL.N,2.22812
2026-03-12,EPRT.N,1.5132
2026-03-12,ESNT.N,7.12857
2026-03-13,ED.N,6.09144
2026-03-13,ELS.N,2.02111
2026-03-13,ENVX.OQ,-0.58722
2026-03-13,EPAM.N,12.78053
2026-03-13,EQR.N,1.4275
2026-03-16,ENOV.N,3.6212
2026-03-17,EQIX.OQ,16.676
2026-03-18,ECVT.N,0.602
2026-03-18,EIX.N,6.11933
2026-03-18,ENTG.OQ,3.41082
2026-03-18,ESI.N,1.748
2026-03-18,ESS.N,5.72333
2026-03-19,EFX.N,8.6485
2026-03-19,EMN.N,5.88463
2026-03-19,ENS.N,10.3434
2026-03-19,ERAS.OQ,-0.54444
2026-03-19,ETR.N,4.41755
2026-03-20,EHC.N,5.95782
2026-03-23,ECL.N,8.49055
2026-03-23,EG.N,54.27615
2026-03-23,EMR.N,6.51104
2026-03-23,EOG.N,11.23793
2026-03-23,EQT.N,4.65958
2026-03-24,ENPH.OQ,2.21736
2026-03-24,ES.N,4.87593
2026-03-24,ESE.N,8.11667
2026-03-24,ETN.N,13.26185
2026-03-25,ELV.N,25.91282
2026-03-25,ELVN.OQ,-2.105
2026-03-25,ENPH.OQ,2.20514
2026-03-25,EOG.N,11.66459
2026-03-25,EQH.N,7.53423
2026-03-25,EQT.N,4.63733
2026-03-26,ELVN.OQ,-2.09
2026-03-26,EMR.N,6.50693
2026-03-26,EOG.N,11.67252
2026-03-26,EOSE.OQ,-0.64025
2026-03-26,EPAC.N,1.905
2026-03-26,EQT.N,4.65025
2026-03-26,ETN.N,13.2577
2026-03-27,EL.N,2.22748
2026-03-27,EOG.N,11.94481
2026-03-27,EPAC.N,1.8975
2026-03-27,EQT.N,4.64275
2026-03-27,ES.N,4.86593
2026-03-27,ESI.N,1.74636
2026-03-27,ETR.N,4.41605
2026-03-29,EMR.N,6.50359
2026-03-29,EPAM.N,12.77158
2026-03-29,ETN.N,13.26252
2026-03-30,EOG.N,12.07648
2026-01-28,EXTR.OQ,0.99638
2026-01-30,FFIV.OQ,15.95225
2026-02-06,FBNC.OQ,4.59275
2026-02-08,FBP.N,2.16717
2026-02-09,FFBC.OQ,3.02286
2026-02-09,FFIN.OQ,1.9806
2026-02-11,FBK.N,4.75767
2026-02-18,FCF.N,1.757
2026-02-19,FELE.OQ,4.5558
2026-02-20,FG.N,5.51
2026-02-23,EW.N,2.92441
2026-02-24,EXP.N,12.80864
2026-02-26,FIBK.OQ,2.66986
2026-02-27,EWTX.OQ,-2.10818
2026-02-27,FCN.N,9.28
2026-03-02,EVTC.N,3.91217
2026-03-02,FAF.N,6.48
2026-03-03,EVH.N,0.12983
2026-03-04,F.N,1.5245
2026-03-04,FDS.N,17.49056
2026-03-05,EYE.OQ,0.98892
2026-03-05,FIGR.OQ,0.83667
2026-03-06,EXLS.OQ,2.17989
2026-03-08,EXPD.N,6.03413
2026-03-09,EXPO.OQ,2.26
2026-03-09,FCPT.N,1.17
2026-03-09,FERG.N,11.13144
2026-03-09,FHB.OQ,2.24111
2026-03-10,FHN.N,2.12122
2026-03-11,EVLV.OQ,-0.06667
2026-03-11,EYPT.OQ,-3.20746
2026-03-12,EVR.N,18.19478
2026-03-13,EXC.OQ,2.85943
2026-03-16,EVRG.OQ,4.252
2026-03-16,EXPE.OQ,19.16041
2026-03-18,EXEL.OQ,3.13324
2026-03-19,FCNCA.OQ,176.14164
2026-03-20,FCFS.OQ,10.48157
2026-03-20,FE.N,2.72508
2026-03-20,FIGS.N,0.25063
2026-03-22,EXR.N,4.67667
2026-03-23,EXE.OQ,8.95309
2026-03-23,FANG.OQ,12.3597
2026-03-23,FBIN.N,3.49431
2026-03-24,EWBC.OQ,10.287
2026-03-24,EXAS.OQ,0.33167
2026-03-24,FAST.OQ,1.22861
2026-03-24,FCX.N,3.00915
2026-03-24,FDX.N,19.69548
2026-03-24,FICO.N,41.78467
2026-03-25,EVRG.OQ,4.24644
2026-03-25,EW.N,2.9235
2026-03-25,EXE.OQ,9.23174
2026-03-25,FANG.OQ,13.09259
2026-03-25,FBIN.N,3.48494
2026-03-25,FDX.N,19.69565
2026-03-26,EW.N,2.9251
2026-03-26,EXC.OQ,2.85853
2026-03-26,EXPD.N,6.0465
2026-03-26,EXPE.OQ,19.19218
2026-03-26,FDS.N,17.49722
2026-03-26,FDX.N,19.58262
2026-03-26,FIGR.OQ,0.845
2026-03-27,EXE.OQ,9.26304
2026-03-27,F.N,1.52595
2026-03-27,FANG.OQ,12.99064
2026-03-27,FCX.N,3.00765
2026-03-27,FERG.N,11.11455
2026-03-27,FFBC.OQ,3.04286
2026-03-29,FCFS.OQ,10.21871
2026-03-30,FANG.OQ,13.24146
2026-02-10,G.N,4.01667
2026-02-11,FORM.OQ,1.89022
2026-02-11,FRME.OQ,4.1055
2026-02-12,FNB.N,1.70525
2026-02-12,FUBO.N,-0.99996
2026-02-18,FLS.N,4.13782
2026-02-18,FSLY.OQ,0.27733
2026-02-19,FLO.N,0.8338
2026-02-22,FIVN.OQ,3.19205
2026-02-23,FLG.N,0.57594
2026-02-23,FOLD.OQ,0.33463
2026-02-24,FLR.N,2.745
2026-02-24,FRMI.OQ,-0.2342
2026-02-26,FIX.N,36.76038
2026-02-26,FRSH.OQ,0.5685
2026-02-27,FR.N,1.7448
2026-03-01,FTDR.OQ,4.478
2026-03-02,FSS.N,4.71429
2026-03-02,FWRD.OQ,-0.555
2026-03-03,FN.N,13.571
2026-03-05,FWRG.OQ,0.18164
2026-03-06,FOXF.OQ,1.44167
2026-03-06,FULT.OQ,2.05617
2026-03-09,FLUT.N,7.49532
2026-03-10,FND.N,2.07491
2026-03-11,FLEX.OQ,3.24546
2026-03-11,FRT.N,2.93875
2026-03-12,FTNT.OQ,2.9788
2026-03-16,FITB.OQ,3.795
2026-03-18,FUL.N,4.51957
2026-03-19,FOX.OQ,4.64254
2026-03-19,FOXA.OQ,4.64254
2026-03-19,FTRE.OQ,0.68936
2026-03-19,FWONK.OQ,1.81667
2026-03-20,FIVE.OQ,8.0632
2026-03-20,FLNC.OQ,-0.06708
2026-03-20,FNF.N,5.895
2026-03-21,FUN.N,-0.267
2026-03-23,FIS.N,6.26258
2026-03-23,FLYW.OQ,0.36727
2026-03-23,FOUR.N,5.59181
2026-03-23,FTI.N,2.94139
2026-03-23,FTV.N,2.96433
2026-03-23,GAP.N,2.333
2026-03-24,FISV.OQ,8.11539
2026-03-24,FLY.OQ,-1.59429
2026-03-24,FMC.N,1.84517
2026-03-24,FRPT.OQ,1.54347
2026-03-24,FSLR.OQ,17.69812
2026-03-24,FTAI.OQ,7.08133
2026-03-25,FITB.OQ,3.78864
2026-03-25,FIVE.OQ,8.16
2026-03-25,FLUT.N,7.38441
2026-03-25,FRPT.OQ,1.54213
2026-03-25,FTDR.OQ,4.478
2026-03-26,FLY.OQ,-1.66333
2026-03-26,FSLR.OQ,17.68612
2026-03-26,FUL.N,4.55386
2026-03-26,FUN.N,-0.27818
2026-03-27,FITB.OQ,3.78818
2026-03-27,FLUT.N,7.24441
2026-03-27,FRME.OQ,4.15167
2026-03-27,FTAI.OQ,7.05733
2026-03-27,FUL.N,4.68614
2026-03-30,FLUT.N,7.32639
2026-03-30,FMC.N,1.84961
2026-03-30,FTRE.OQ,0.68336
2026-03-30,FWONK.OQ,1.76
2025-09-26,GME.N,0.81
2026-01-20,GHC.N,69.6
2026-01-26,GBX.N,4.11667
2026-02-02,GGG.N,3.19346
2026-02-06,GFF.N,5.27667
2026-02-06,GOLD.N,2.28667
2026-02-08,GNW.N,0.455
2026-02-10,GBCI.N,3.14833
2026-02-13,GPRE.OQ,0.41167
2026-02-17,GEO.N,1.18333
2026-02-21,GFS.OQ,1.78161
2026-02-24,GATX.N,10.00825
2026-02-26,GH.OQ,-2.80154
2026-02-27,GNTX.OQ,1.94286
2026-03-01,GDDY.N,6.94892
2026-03-02,GEN.OQ,2.54782
2026-03-02,GNL.N,-0.61
2026-03-03,GE.N,7.44937
2026-03-04,GEHC.OQ,5.06625
2026-03-05,GPC.N,7.74
2026-03-06,GCT.OQ,3.9325
2026-03-06,GLOB.N,6.25495
2026-03-11,GMED.N,4.4705
2026-03-12,GD.N,16.30981
2026-03-12,GENI.N,0.05386
2026-03-12,GLW.N,3.09823
2026-03-12,GOLF.N,3.77875
2026-03-13,GILD.OQ,8.6733
2026-03-13,GPN.N,13.8449
2026-03-14,GIII.OQ,2.2515
2026-03-16,GBTG.N,0.155
2026-03-17,GKOS.N,-0.5644
2026-03-17,GLUE.OQ,-1.67
2026-03-18,GL.N,15.28783
2026-03-18,GO.OQ,0.49769
2026-03-18,GRAL.OQ,-11.036
2026-03-19,GIS.N,3.42794
2026-03-19,GLPI.OQ,3.27417
2026-03-20,GEF.N,3.96667
2026-03-20,GNRC.N,8.4819
2026-03-20,GPI.N,42.74073
2026-03-20,GPK.N,1.0583
2026-03-23,GEV.N,14.6195
2026-03-23,GLNG.OQ,0.91857
2026-03-23,GM.N,12.31233
2026-03-23,GPOR.N,22.90939
2026-03-24,GOOG.OQ,11.41433
2026-03-24,GOOGL.OQ,11.46211
2026-03-24,GPGI.N,1.13
2026-03-25,GD.N,16.32029
2026-03-25,GE.N,7.45884
2026-03-25,GH.OQ,-2.80833
2026-03-25,GKOS.N,-0.57043
2026-03-25,GL.N,15.32067
2026-03-25,GNRC.N,8.488
2026-03-25,GNW.N,0.422
2026-03-25,GPN.N,13.8454
2026-03-25,GPOR.N,23.37223
2026-03-26,GEV.N,14.61939
2026-03-26,GILD.OQ,8.66854
2026-03-26,GNRC.N,8.497
2026-03-26,GOOG.OQ,11.41608
2026-03-26,GOOGL.OQ,11.46343
2026-03-26,GPN.N,13.83293
2026-03-27,GE.N,7.46568
2026-03-27,GLUE.OQ,-1.648
2026-03-27,GM.N,12.32133
2026-03-27,GNTX.OQ,1.94625
2026-03-29,GPI.N,42.79982
2026-03-30,GENI.N,0.04463
2026-03-30,GPN.N,13.8326
2025-12-18,HHH.N,3.69
2026-02-06,HAE.N,4.94582
2026-02-10,HOMB.N,2.49344
2026-02-11,HLNE.OQ,5.75833
2026-02-12,HII.N,17.42315
2026-02-16,GTM.OQ,1.11124
2026-02-16,GVA.N,6.1425
2026-02-17,GXO.N,3.00971
2026-02-18,HIW.N,0.64333
2026-02-24,GRMN.N,9.38457
2026-02-24,GTX.OQ,1.779
2026-02-24,HALO.OQ,8.016
2026-02-25,HL.N,1.05571
2026-02-25,HLF.N,2.54633
2026-02-26,HNI.N,4.1125
2026-02-27,HD.N,15.06452
2026-03-02,GSAT.OQ,-0.075
2026-03-03,GTLS.N,12.27709
2026-03-04,GRBK.N,6.46967
2026-03-04,GRND.N,0.55
2026-03-04,HAYW.N,0.84513
2026-03-04,HLIO.N,2.79833
2026-03-05,HGV.N,3.732
2026-03-05,HOLX.OQ,4.41089
2026-03-06,HEI.N,5.64359
2026-03-06,HEIa.N,5.56383
2026-03-06,HELE.OQ,3.465
2026-03-09,GS.N,58.21168
2026-03-09,GTLB.OQ,0.81192
2026-03-09,GWRE.N,3.5128
2026-03-10,GTES.N,1.61075
2026-03-10,HASI.N,2.95479
2026-03-10,HLT.N,9.05941
2026-03-12,GRPN.OQ,0.74
2026-03-12,HLI.N,7.9
2026-03-16,HBAN.OQ,1.59035
2026-03-17,HCA.N,30.35727
2026-03-17,HCC.N,6.48771
2026-03-17,HCSG.OQ,0.948
2026-03-17,HE.N,1.07667
2026-03-18,H.N,3.42074
2026-03-19,GSHD.OQ,2.06123
2026-03-22,HOG.N,0.388
2026-03-23,GT.OQ,0.517
2026-03-23,HCI.N,16.97475
2026-03-23,HIG.N,13.45436
2026-03-23,HIMS.N,0.5775
2026-03-24,GWW.N,43.61183
2026-03-24,HAL.N,2.22554
2026-03-24,HAS.OQ,5.72588
2026-03-25,GTLS.N,12.14527
2026-03-25,GWW.N,43.61128
2026-03-25,HD.N,15.065
2026-03-25,HIMS.N,0.57
2026-03-25,HL.N,1.02875
2026-03-26,GTES.N,1.61408
2026-03-27,GS.N,58.20052
2026-03-27,HAL.N,2.22669
2026-03-27,HASI.N,2.95513
2026-03-29,HIG.N,13.45209
2025-12-31,IBOC.OQ,6.74
2026-02-02,IESC.OQ,17.56
2026-02-06,HRB.N,5.01
2026-02-06,IDCC.OQ,7.02
2026-02-09,IEX.N,8.27186
2026-02-10,IAC.OQ,0.33286
2026-02-12,HXL.N,2.232
2026-02-18,HOPE.OQ,1.1065
2026-02-18,HR.N,-0.14
2026-02-19,HP.N,0.24
2026-02-20,ICUI.OQ,8.11129
2026-02-24,HRI.N,6.86243
2026-02-26,IDA.N,6.38643
2026-03-02,IE.A,-0.607
2026-03-03,HRMY.OQ,3.5989
2026-03-04,HTH.N,2.0395
2026-03-04,HUT.OQ,-0.88583
2026-03-04,ICFI.OQ,7.026
2026-03-05,IDXX.OQ,14.51793
2026-03-06,IBKR.OQ,2.467
2026-03-06,IFF.N,4.43407
2026-03-08,HSY.N,8.42313
2026-03-10,HUBB.N,19.65813
2026-03-10,HUBS.N,12.35674
2026-03-11,HPQ.N,2.88829
2026-03-11,IBRX.OQ,-0.256
2026-03-12,HON.OQ,10.53905
2026-03-12,HTO.OQ,2.845
2026-03-13,HRL.N,1.47911
2026-03-13,HUBG.OQ,1.82913
2026-03-13,HUM.N,9.24219
2026-03-13,IDYA.OQ,-3.95624
2026-03-16,HOOD.OQ,2.37985
2026-03-16,HPE.N,2.41839
2026-03-16,ICE.N,7.71257
2026-03-16,ICHR.OQ,1.13
2026-03-17,IBM.N,12.39026
2026-03-18,HST.OQ,1.1725
2026-03-18,HTZ.OQ,-0.74171
2026-03-18,HWC.OQ,6.30438
2026-03-19,HSIC.OQ,5.2945
2026-03-19,HTFL.OQ,-0.56333
2026-03-19,HWM.N,4.60595
2026-03-20,ILMN.OQ,5.12955
2026-03-22,IBP.N,11.3165
2026-03-23,HUN.N,-0.43736
2026-03-23,HURN.OQ,8.7982
2026-03-23,HWKN.OQ,3.91267
2026-03-24,HQY.OQ,4.6236
2026-03-24,HROW.OQ,0.46857
2026-03-25,HUBG.OQ,1.82973
2026-03-25,HWM.N,4.60174
2026-03-25,HXL.N,2.22933
2026-03-25,ILMN.OQ,5.13268
2026-03-26,HON.OQ,10.53091
2026-03-26,HOOD.OQ,2.35991
2026-03-26,HST.OQ,1.122
2026-03-26,HUBG.OQ,1.82747
2026-03-26,HWM.N,4.59915
2026-03-26,IEX.N,8.2724
2026-03-26,ILMN.OQ,5.13105
2026-03-27,HSIC.OQ,5.32364
2026-03-29,HON.OQ,10.53
2026-03-30,HSY.N,8.42271
2025-09-24,INTC.OQ,0.63277
2026-02-02,INDB.OQ,7.278
2026-02-04,INTA.OQ,1.2182
2026-02-17,IT.N,13.06479
2026-02-19,IPGP.OQ,1.58875
2026-02-19,IRDM.OQ,1.11386
2026-02-19,IRT.N,0.2225
2026-02-23,IRM.N,2.34286
2026-02-24,IOSP.OQ,5.06
2026-02-26,IMAX.N,1.6892
2026-02-27,INOD.OQ,0.7405
2026-03-02,INVA.OQ,1.914
2026-03-03,IONS.OQ,-4.0065
2026-03-04,INSP.N,1.92322
2026-03-05,INSW.N,5.9125
2026-03-05,INTU.OQ,23.21646
2026-03-05,IOVA.OQ,-0.4878
2026-03-05,IVT.N,0.2075
2026-03-06,IQV.N,12.6916
2026-03-06,ITRI.OQ,6.017
2026-03-06,IVZ.N,2.66727
2026-03-08,IONQ.N,-1.50611
2026-03-09,ITT.N,7.18325
2026-03-10,IMNM.OQ,-2.46077
2026-03-10,IOT.N,0.679
2026-03-11,IRON.OQ,-7.157
2026-03-13,ITGR.N,6.49089
2026-03-15,INCY.OQ,7.60585
2026-03-17,INGR.N,11.39471
2026-03-17,IP.N,1.67754
2026-03-17,JACK.OQ,3.56388
2026-03-18,INDV.OQ,3.08667
2026-03-18,JANX.OQ,-2.59993
2026-03-18,JAZZ.OQ,23.7476
2026-03-18,JBTM.N,8.21333
2026-03-19,IR.N,3.5346
2026-03-19,ITW.N,11.26356
2026-03-19,JBL.N,12.34827
2026-03-20,IMVT.OQ,-2.62607
2026-03-20,INBX.OQ,-5.464
2026-03-20,JBHT.OQ,7.18013
2026-03-22,JEF.N,3.99833
2026-03-23,INSM.OQ,-2.901
2026-03-23,INVH.N,0.74154
2026-03-23,IPAR.OQ,4.8914
2026-03-23,IRTC.OQ,-0.265
2026-03-23,ISRG.OQ,10.01848
2026-03-23,J.N,7.12894
2026-03-23,JBLU.OQ,-1.18356
2026-03-23,JCI.N,4.74919
2026-03-25,INCY.OQ,7.58835
2026-03-25,INSM.OQ,-2.9135
2026-03-25,INSP.N,1.95518
2026-03-25,IONS.OQ,-4.10629
2026-03-25,IP.N,1.67215
2026-03-25,IQV.N,12.69625
2026-03-25,JAZZ.OQ,23.7616
2026-03-25,JBHT.OQ,7.18513
2026-03-25,JEF.N,3.8125
2026-03-26,INTU.OQ,23.2158
2026-03-26,ITT.N,7.18325
2026-03-27,IT.N,13.05336
2026-03-27,JACK.OQ,3.56263
2026-03-27,JEF.N,3.75667
2026-03-29,IR.N,3.5326
2026-03-29,ITW.N,11.25744
2026-03-29,JCI.N,4.75014
2026-03-30,INSM.OQ,-2.9015
2026-03-30,IQV.N,12.69513
2025-08-13,KBR.N,4.23938
2026-01-30,KEX.N,6.76467
2026-02-05,KLIC.OQ,2.62267
2026-02-06,KN.N,1.24
2026-02-11,JHX.N,1.09157
2026-02-11,KMPR.N,3.932
2026-02-12,KOD.OQ,-4.21667
2026-02-18,KALV.OQ,-2.93
2026-02-20,KALU.OQ,7.54
2026-02-24,KAI.N,11.455
2026-02-24,KHC.OQ,2.03537
2026-02-25,JXN.N,25.12
2026-02-26,KEYS.N,8.86192
2026-03-02,KTOS.OQ,0.77738
2026-03-04,JOBY.N,-0.87375
2026-03-04,KTB.N,6.37111
2026-03-05,KNF.N,3.227
2026-03-07,KRG.N,0.7875
2026-03-08,KMB.OQ,7.578
2026-03-10,KFY.N,5.3125
2026-03-11,KRC.N,0.43
2026-03-11,KROS.OQ,-4.83714
2026-03-12,JHG.N,4.4
2026-03-12,JLL.N,21.9522
2026-03-12,KEY.N,1.8051
2026-03-13,KLAC.OQ,36.56585
2026-03-13,KURA.OQ,-3.8039
2026-03-16,KDP.OQ,2.291
2026-03-17,JJSF.OQ,4.32
2026-03-17,KMT.N,2.298
2026-03-18,KGS.N,2.354
2026-03-18,KNX.N,1.90153
2026-03-18,KSS.N,1.35925
2026-03-19,JNJ.N,11.5405
2026-03-19,KIM.N,0.78
2026-03-19,KNSL.N,20.33217
2026-03-20,JPM.N,21.7428
2026-03-20,KKR.N,6.48168
2026-03-20,KRMN.N,0.36278
2026-03-23,KMI.N,1.38539
2026-03-23,KNTK.N,1.13046
2026-03-23,KR.N,5.23926
2026-03-24,JKHY.OQ,6.69077
2026-03-24,KBH.N,3.99467
2026-03-24,KD.N,1.716
2026-03-24,KMX.N,2.64028
2026-03-24,KO.N,3.23205
2026-03-24,KRUS.OQ,-0.19514
2026-03-24,KRYS.OQ,7.6025
2026-03-25,JPM.N,21.7524
2026-03-25,JXN.N,25.14733
2026-03-25,KALV.OQ,-1.175
2026-03-25,KBH.N,3.73487
2026-03-25,KRMN.N,0.6504
2026-03-25,KTOS.OQ,0.7805
2026-03-26,JPM.N,21.7852
2026-03-26,KALV.OQ,-1.1525
2026-03-26,KBH.N,3.5822
2026-03-26,KMI.N,1.3865
2026-03-26,KNX.N,1.89895
2026-03-26,KOD.OQ,-4.26667
2026-03-26,KRMN.N,0.6566
2026-03-26,KRYS.OQ,7.63333
2026-03-26,KSS.N,1.35623
2026-03-27,JHG.N,4.40125
2026-03-27,JPM.N,21.7
2026-03-27,KBH.N,3.58331
2026-03-30,KDP.OQ,2.29314
2026-03-30,KHC.OQ,2.03537
2026-03-30,KMI.N,1.38761
2026-03-30,KO.N,3.23114
2026-01-29,LFUS.OQ,12.901
2026-02-04,LC.N,1.738
2026-02-10,LION.N,-0.262
2026-02-17,LEG.N,1.09
2026-02-19,LGIH.OQ,2.52875
2026-02-19,LOPE.OQ,10.09
2026-02-23,LAMR.OQ,5.6906
2026-02-26,LBTYA.OQ,-1.57714
2026-02-26,LKQ.OQ,3.035
2026-02-27,KWR.N,8.01
2026-03-02,LHX.N,11.59672
2026-03-03,LMAT.OQ,2.88667
2026-03-04,LINE.OQ,-0.73
2026-03-04,LIVN.OQ,4.2091
2026-03-05,LASR.OQ,0.32714
2026-03-05,LEU.N,3.57336
2026-03-05,LMB.OQ,3.656
2026-03-06,LDOS.N,12.15546
2026-03-06,LNTH.OQ,5.1935
2026-03-10,LBRDK.OQ,11.672
2026-03-10,LFST.OQ,0.06667
2026-03-10,LNC.N,8.05354
2026-03-10,LOW.N,12.60697
2026-03-11,LAUR.OQ,2.1
2026-03-11,LEA.N,14.50536
2026-03-12,LAZ.N,3.6228
2026-03-12,LGN.OQ,-0.23875
2026-03-13,LH.N,17.86747
2026-03-13,LIN.OQ,17.81654
2026-03-16,LII.N,24.18295
2026-03-16,LMT.N,29.91248
2026-03-16,LNT.OQ,3.42292
2026-03-16,LOAR.N,0.79725
2026-03-17,LBRT.N,-0.43222
2026-03-17,LECO.OQ,10.8151
2026-03-18,LCID.OQ,-8.069
2026-03-18,LMND.N,-1.71067
2026-03-19,KVUE.N,1.14279
2026-03-19,LEN.N,6.21906
2026-03-19,LIF.OQ,0.5152
2026-03-19,LITE.OQ,7.45744
2026-03-23,LCII.N,8.7959
2026-03-23,LLY.N,34.63679
2026-03-23,LNG.N,14.70454
2026-03-23,LPLA.OQ,23.86458
2026-03-24,KYMR.OQ,-3.77965
2026-03-24,LAD.N,36.128
2026-03-24,LENZ.OQ,-3.70371
2026-03-24,LGND.OQ,9.39856
2026-03-25,LBRT.N,-0.43125
2026-03-25,LENZ.OQ,-3.79157
2026-03-25,LHX.N,11.59339
2026-03-25,LII.N,24.18347
2026-03-25,LMT.N,29.9077
2026-03-25,LNC.N,8.04993
2026-03-26,LMB.OQ,3.874
2026-03-27,LEA.N,14.5325
2026-03-27,LGN.OQ,1.14933
2026-03-27,LIN.OQ,17.8134
2026-03-27,LNC.N,8.04136
2026-03-27,LOW.N,12.6074
2026-03-29,LII.N,24.1919
2026-03-30,LAD.N,35.57729
2026-03-30,LBRT.N,-0.41375
2026-03-30,LECO.OQ,10.8461
2025-11-05,MBC.N,1.01
2026-01-16,MASI.OQ,5.89644
2026-02-02,MBIN.OQ,5.23633
2026-02-11,LSCC.OQ,1.56407
2026-02-16,MAS.N,4.199
2026-02-18,LZB.N,2.63
2026-02-23,LZ.OQ,0.7435
2026-02-24,LPX.N,2.89791
2026-02-24,MD.N,2.23414
2026-02-24,MDU.N,0.994
2026-02-25,MATX.N,11.95
2026-02-25,MCY.N,9
2026-03-04,LTC.N,1.992
2026-03-04,LXP.N,0.17667
2026-03-06,MEDP.OQ,17.10036
2026-03-09,MAC.N,-0.13286
2026-03-10,LRCX.OQ,5.3139
2026-03-10,LUMN.N,-0.44557
2026-03-11,LQDA.OQ,2.651
2026-03-11,LTH.N,1.53462
2026-03-11,LVS.N,3.255
2026-03-12,MAR.OQ,11.54779
2026-03-12,MC.N,3.44482
2026-03-13,MCO.N,16.72644
2026-03-16,LYV.N,1.5381
2026-03-16,MANH.OQ,5.21583
2026-03-16,MDB.OQ,5.83
2026-03-17,MARA.OQ,-2.48517
2026-03-17,MAZE.OQ,-3.13909
2026-03-18,LSTR.OQ,5.34206
2026-03-18,MAN.N,3.67282
2026-03-19,MA.N,19.59764
2026-03-19,MBX.OQ,-2.961
2026-03-19,MCK.N,39.02288
2026-03-20,LRN.N,7.315
2026-03-20,LUNR.OQ,-0.08667
2026-03-20,MDGL.OQ,-5.18321
2026-03-23,LUV.N,4.05496
2026-03-23,LYB.N,4.14578
2026-03-23,LYFT.OQ,0.62605
2026-03-23,M.N,2.067
2026-03-23,MAA.N,3.26125
2026-03-23,MAT.OQ,1.24633
2026-03-23,MDLZ.OQ,3.03504
2026-03-24,LULU.OQ,12.31684
2026-03-24,LW.N,2.779
2026-03-24,MCD.N,13.24769
2026-03-24,MCHP.OQ,1.56978
2026-03-24,MDT.N,5.63023
2026-03-25,MAZE.OQ,-3.0484
2026-03-25,MCO.N,16.75035
2026-03-25,MDLZ.OQ,3.0336
2026-03-25,MDT.N,5.62562
2026-03-25,MEDP.OQ,17.10654
2026-03-26,LSTR.OQ,5.34233
2026-03-26,LUV.N,4.04696
2026-03-26,LYB.N,4.09856
2026-03-26,MAZE.OQ,-2.9984
2026-03-26,MDT.N,5.61792
2026-03-27,LUV.N,4.02923
2026-03-29,LYFT.OQ,0.62687
2026-03-30,MCD.N,13.24291
2026-03-30,MDLZ.OQ,3.0324
2026-03-30,MEDP.OQ,17.11569
2026-02-02,MGEE.OQ,3.907
2026-02-02,MHO.N,13.955
2026-02-05,MLI.N,7.015
2026-02-06,MMS.N,8.515
2026-02-06,MOGa.N,10.26
2026-02-06,MRCY.OQ,0.96778
2026-02-10,MLKN.OQ,1.94
2026-02-18,MHK.N,9.62941
2026-02-18,MOD.N,4.8835
2026-02-19,MORN.OQ,11.365
2026-02-20,MPT.N,0.092
2026-02-24,MSCI.N,19.45122
2026-02-26,MGNI.OQ,1.06
2026-02-26,MMSI.OQ,4.0624
2026-02-26,MSA.N,8.72886
2026-02-27,METC.OQ,-0.21333
2026-02-27,MGRC.OQ,6.4756
2026-02-27,MRP.N,3.14
2026-03-04,MIAX.N,1.4725
2026-03-05,MNKD.OQ,0.00857
2026-03-05,MO.N,5.61786
2026-03-05,MPWR.OQ,21.50538
2026-03-09,MLM.N,20.22368
2026-03-10,MET.N,9.79029
2026-03-10,MIR.N,0.54938
2026-03-11,MIDD.OQ,9.38
2026-03-12,MP.N,0.35667
2026-03-13,MOH.N,5.54033
2026-03-13,MQ.OQ,0.01917
2026-03-16,MIRM.OQ,-1.86222
2026-03-16,MLYS.OQ,-2.02
2026-03-17,MRNA.OQ,-6.88932
2026-03-17,MRVL.OQ,3.83655
2026-03-18,META.OQ,29.79767
2026-03-20,MGM.N,1.98205
2026-03-20,MKSI.OQ,9.85108
2026-03-20,MNST.OQ,2.26471
2026-03-20,MS.N,11.336
2026-03-23,MGY.N,1.966
2026-03-23,MKTX.OQ,8.17367
2026-03-23,MNRO.OQ,0.542
2026-03-23,MOS.N,1.67375
2026-03-23,MRSH.N,10.3857
2026-03-23,MRX.OQ,4.309
2026-03-24,MKC.N,3.09407
2026-03-24,MKL.N,115.929
2026-03-24,MMM.N,8.64075
2026-03-24,MPC.N,15.09577
2026-03-24,MRK.N,5.13273
2026-03-24,MSFT.OQ,16.5905
2026-03-25,MET.N,9.79282
2026-03-25,META.OQ,29.79888
2026-03-25,MKC.N,3.09264
2026-03-25,MOS.N,1.66625
2026-03-25,MRK.N,5.13044
2026-03-26,MKC.N,3.09136
2026-03-26,MLKN.OQ,1.865
2026-03-26,MOS.N,1.64471
2026-03-26,MRX.OQ,4.382
2026-03-27,MLKN.OQ,1.845
2026-03-27,MRX.OQ,4.62914
2026-03-27,MS.N,11.35282
2026-03-29,META.OQ,29.79397
2026-03-29,MRK.N,5.12924
2026-03-30,MIR.N,0.54813
2026-03-30,MMM.N,8.63388
2026-03-30,MRX.OQ,4.69629
2026-03-30,MSA.N,8.71314
2025-12-29,NCNO.OQ,0.90588
2026-01-09,NEOG.OQ,0.29333
2026-02-04,MSGE.N,1.28833
2026-02-05,MXL.OQ,0.8654
2026-02-08,NBHC.N,3.4095
2026-02-09,MWA.N,1.445
2026-02-10,MTCH.OQ,2.67024
2026-02-10,MZTI.OQ,7.011
2026-02-13,MTRN.N,6.314
2026-02-17,MSI.N,16.78325
2026-02-18,NE.N,1.138
2026-02-18,NET.N,1.13807
2026-02-19,NIC.N,11.975
2026-02-19,NJR.N,3.358
2026-02-23,MTB.N,18.76845
2026-02-23,NEO.OQ,0.16546
2026-02-24,NBR.N,-4.601
2026-03-02,MTSI.OQ,4.47179
2026-03-02,NGVT.N,4.915
2026-03-03,MTH.N,5.9589
2026-03-03,MUSA.N,24.71
2026-03-03,NIQ.N,0.97154
2026-03-04,NATL.N,4.84575
2026-03-05,NHI.N,3.355
2026-03-08,NBIX.OQ,6.0699
2026-03-10,MYRG.OQ,9.28575
2026-03-12,MTG.N,3.0675
2026-03-12,NESR.OQ,1.585
2026-03-16,NDAQ.OQ,3.90663
2026-03-17,MSM.N,4.27375
2026-03-17,NAVN.OQ,-0.58791
2026-03-17,NB.OQ,-0.57
2026-03-17,NDSN.OQ,11.4598
2026-03-18,MTZ.N,8.50721
2026-03-18,NFLX.OQ,3.15854
2026-03-18,NLY.N,3.02
2026-03-19,MSTR.OQ,41.6858
2026-03-19,MTD.N,46.498
2026-03-20,MTN.N,4.89
2026-03-20,NFG.N,8.03667
2026-03-20,NI.N,2.05067
2026-03-22,MSGS.N,-0.326
2026-03-23,MTDR.N,4.80553
2026-03-23,MUR.N,1.51215
2026-03-23,NEE.N,4.01191
2026-03-23,NKE.N,1.574
2026-03-24,MU.OQ,57.18558
2026-03-24,NCLH.N,2.31014
2026-03-24,NEM.N,9.78313
2026-03-25,MUR.N,2.33262
2026-03-25,NAVN.OQ,-0.13578
2026-03-25,NBHC.N,3.3276
2026-03-25,NEE.N,4.00844
2026-03-25,NEO.OQ,0.15917
2026-03-25,NKE.N,1.56979
2026-03-26,MTB.N,18.76895
2026-03-26,MTDR.N,4.83411
2026-03-26,MU.OQ,57.07603
2026-03-26,MUSA.N,25.08222
2026-03-26,NAVN.OQ,-0.0337
2026-03-26,NEE.N,4.00917
2026-03-26,NET.N,1.1375
2026-03-26,NFLX.OQ,3.16811
2026-03-26,NKE.N,1.56637
2026-03-27,NEM.N,9.73875
2026-03-27,NHI.N,3.29
2026-03-27,NIC.N,12.04
2026-03-27,NKE.N,1.5619
2026-03-29,MU.OQ,57.11373
2026-03-29,NEM.N,9.76219
2026-02-03,NSSC.OQ,1.40833
2026-02-06,NTCT.OQ,2.41333
2026-02-11,NSP.N,2.142
2026-02-12,NWE.OQ,3.82143
2026-02-16,NSIT.OQ,10.6546
2026-02-17,NTRS.OQ,10.08088
2026-02-18,NWS.OQ,1.07825
2026-02-18,NWSA.OQ,1.07825
2026-02-19,NPO.N,8.92
2026-02-20,NYT.N,2.7405
2026-02-22,NOC.N,27.98568
2026-02-24,NNE.OQ,-1.12667
2026-02-25,NOVT.OQ,3.56333
2026-02-25,NRIX.OQ,-3.04875
2026-02-25,NVRI.N,-0.495
2026-03-02,NUVL.OQ,-5.47077
2026-03-02,OCUL.OQ,-1.34062
2026-03-03,NWL.OQ,0.56544
2026-03-04,NTNX.OQ,1.84362
2026-03-04,NVR.N,396.89857
2026-03-04,NVTS.OQ,-0.1825
2026-03-04,OC.N,9.48271
2026-03-05,NOV.N,1.01372
2026-03-05,NTLA.OQ,-3.60733
2026-03-05,NVCR.OQ,-1.57
2026-03-06,NWN.N,3.05
2026-03-09,NNN.N,2.064
2026-03-09,NTAP.OQ,7.97763
2026-03-09,NTST.N,0.31125
2026-03-09,O.N,1.64333
2026-03-10,NUTX.OQ,19.62333
2026-03-10,NXT.OQ,4.373
2026-03-12,NMIH.OQ,5.13667
2026-03-12,NTRA.OQ,-1.82153
2026-03-13,NOW.N,4.17149
2026-03-13,ODFL.OQ,5.00792
2026-03-16,NMRK.OQ,1.88733
2026-03-16,NSA.N,0.765
2026-03-17,NVST.N,1.41093
2026-03-18,NN.OQ,-0.59
2026-03-18,NVAX.OQ,-0.40038
2026-03-19,NSC.N,12.13435
2026-03-19,NUE.N,12.294
2026-03-19,NUVB.N,-0.4894
2026-03-20,NU.N,0.8873
2026-03-20,NXST.OQ,25.63714
2026-03-22,NRG.N,8.96942
2026-03-23,NOG.N,2.7835
2026-03-23,NVDA.OQ,8.25796
2026-03-23,NVT.N,4.18146
2026-03-25,NOC.N,27.97977
2026-03-25,NOG.N,3.24638
2026-03-25,NTRA.OQ,-1.83217
2026-03-26,NSC.N,12.14091
2026-03-26,NUE.N,12.425
2026-03-26,NVCR.OQ,-1.6
2026-03-26,ODFL.OQ,5.024
2026-03-27,NOG.N,3.27122
2026-03-27,NSC.N,12.14135
2026-03-27,OCUL.OQ,-1.3315
2026-03-29,NVT.N,4.18531
2025-09-22,OXY.N,2.74341
2026-01-08,OMER.OQ,-2.0325
2026-01-23,ORI.N,3.3
2026-01-29,OFG.N,4.265
2026-02-03,ORC.N,1.06667
2026-02-03,OSIS.OQ,10.438
2026-02-11,ONB.OQ,2.61033
2026-02-18,OSCR.N,0.56
2026-02-20,OHI.N,1.97714
2026-02-20,ONTO.N,6.51886
2026-02-23,OTTR.OQ,5.6315
2026-02-25,OI.N,1.75811
2026-02-26,OLED.OQ,4.81614
2026-02-26,OPLN.N,1.31257
2026-02-27,OGN.N,3.4665
2026-03-02,ORIC.OQ,-1.41079
2026-03-03,ON.OQ,2.85479
2026-03-04,ORA.N,2.3145
2026-03-05,ORLY.OQ,3.22562
2026-03-05,PACS.N,2.1025
2026-03-09,OII.N,1.82367
2026-03-09,OUST.OQ,-0.95333
2026-03-11,PANW.OQ,3.69153
2026-03-13,OMCL.OQ,1.75125
2026-03-13,OSK.N,11.27994
2026-03-15,OMDA.OQ,0.05967
2026-03-15,OUT.N,1.23475
2026-03-16,OLLI.OQ,4.4792
2026-03-16,PAR.N,0.52167
2026-03-18,OLMA.OQ,-2.2473
2026-03-18,OLN.N,-0.80158
2026-03-19,OKTA.OQ,3.79243
2026-03-19,ORKA.OQ,-2.36327
2026-03-19,OXM.N,2.24
2026-03-20,OGE.N,2.43057
2026-03-20,OGS.N,4.776
2026-03-20,OMC.N,10.71446
2026-03-20,PAG.N,13.4917
2026-03-22,OPCH.OQ,1.86364
2026-03-23,OKE.N,5.60433
2026-03-23,ONON.N,1.61918087000763
2026-03-23,OTIS.N,4.34031
2026-03-23,OVV.N,5.93893
2026-03-23,OWL.N,0.93029
2026-03-23,OZK.OQ,5.9696
2026-03-23,PAGS.N,1.64925952112515
2026-03-24,OKLO.N,-0.75758
2026-03-24,OMF.N,7.48557
2026-03-24,ORCL.N,7.47705
2026-03-24,OSW.OQ,1.12067
2026-03-25,OKLO.N,-0.79008
2026-03-25,ONON.N,1.60839019459186
2026-03-25,OVV.N,6.2158
2026-03-26,OLMA.OQ,-2.25391
2026-03-26,OMC.N,10.83718
2026-03-26,ORKA.OQ,-2.35418
2026-03-26,OTTR.OQ,5.45433
2026-03-26,OXM.N,2.6312
2026-03-27,ONB.OQ,2.60617
2026-03-27,OVV.N,6.12077
2026-03-27,OXM.N,2.4632
2026-03-28,OXM.N,2.4132
2025-08-18,PCTY.OQ,7.2949
2025-11-14,PGEN.OQ,-0.87667
2026-01-08,PGEN.OQ,-0.18
2026-01-13,PENG.OQ,2.0405
2026-02-10,PB.N,6.10929
2026-02-10,PGY.OQ,1.22333
2026-02-20,PBI.N,1.46333
2026-02-23,PATK.OQ,5.39222
2026-02-24,PFS.N,2.374
2026-02-26,PHIN.N,5.8495
2026-02-27,PH.N,30.95225
2026-03-02,PCAR.OQ,5.717
2026-03-03,PCVX.OQ,-7.14625
2026-03-03,PHM.N,10.19959
2026-03-05,PCT.OQ,-1.052
2026-03-08,PCRX.OQ,2.67617
2026-03-10,PEB.N,-0.52
2026-03-11,PARR.N,5.0575
2026-03-11,PCOR.N,1.8216
2026-03-11,PEGA.OQ,2.72108
2026-03-11,PFSI.N,12.206
2026-03-11,PK.N,0.30333
2026-03-12,PJT.N,7.69614
2026-03-13,PAYO.OQ,0.2475
2026-03-13,PD.N,1.25333
2026-03-13,PG.N,6.96995
2026-03-16,PAYC.N,10.34358
2026-03-16,PI.OQ,1.89713
2026-03-16,PINS.N,1.79465
2026-03-17,PENN.OQ,1.1608
2026-03-17,PFGC.N,4.67733
2026-03-17,PGNY.OQ,1.319
2026-03-17,PLAY.OQ,0.12625
2026-03-18,PATH.N,0.80632
2026-03-18,PAYX.OQ,5.49024
2026-03-19,PECO.OQ,0.70375
2026-03-20,PEG.N,4.37056
2026-03-20,PEP.OQ,8.62767
2026-03-20,PFG.OQ,9.368
2026-03-20,PL.N,-0.06017
2026-03-23,PBH.N,4.54
2026-03-23,PCG.N,1.6448
2026-03-23,PEN.N,5.04672
2026-03-23,PFE.N,2.95919
2026-03-23,PLAB.OQ,2.3
2026-03-24,PBF.N,3.35178
2026-03-24,PGR.N,16.30927
2026-03-24,PHR.N,0.16962
2026-03-24,PII.N,1.64688
2026-03-24,PIPR.N,4.82244
2026-03-24,PKG.N,10.772
2026-03-25,PAYO.OQ,0.25333
2026-03-25,PAYX.OQ,5.49594
2026-03-25,PCRX.OQ,2.67514
2026-03-25,PGY.OQ,1.23667
2026-03-26,PAYX.OQ,5.49712
2026-03-26,PEB.N,-0.534
2026-03-26,PEG.N,4.37225
2026-03-26,PFGC.N,4.68062
2026-03-26,PGEN.OQ,-0.06667
2026-03-26,PGR.N,16.30609
2026-03-26,PH.N,30.95496
2026-03-26,PL.N,-0.0586
2026-03-29,PEG.N,4.37094
2026-03-29,PH.N,30.95816
2026-03-30,PEP.OQ,8.62671
2026-03-30,PG.N,6.96948
2025-11-18,PPTA.OQ,-0.27667
2026-01-20,PSMT.OQ,5.38333
2026-01-27,PRGS.OQ,5.87533
2026-02-02,PLD.N,3.41643
2026-02-05,PLUS.OQ,5.215
2026-02-06,POWI.OQ,1.294
2026-02-12,POST.N,7.37729
2026-02-12,PRCH.OQ,0.065
2026-02-18,PPC.OQ,4.218
2026-02-20,PRDO.OQ,3.05
2026-02-24,PODD.OQ,6.35424
2026-02-25,PUMP.N,-0.1145
2026-02-27,POOL.OQ,11.01971
2026-03-02,PRIM.N,5.93231
2026-03-04,PLMR.OQ,9.585
2026-03-04,PRM.N,1.395
2026-03-05,POWL.OQ,16.476
2026-03-05,PRKS.N,3.8904
2026-03-05,PRMB.N,1.29567
2026-03-06,PMT.N,1.538
2026-03-09,PLPC.OQ,10.03
2026-03-09,PSTG.N,2.30947
2026-03-09,PTCT.OQ,-0.48692
2026-03-10,PRCT.OQ,-1.53571
2026-03-12,PRG.N,4.27763
2026-03-13,PLUG.OQ,-0.31084
2026-03-13,PRGO.N,2.244
2026-03-14,POR.N,3.42491
2026-03-15,PLTR.OQ,1.31368
2026-03-16,PLXS.OQ,7.70157
2026-03-16,PRAX.OQ,-14.86319
2026-03-18,PLNT.N,3.37253
2026-03-18,PRU.N,14.20213
2026-03-18,PTON.OQ,0.14293
2026-03-19,PM.N,8.46053
2026-03-19,PRVA.OQ,0.35292
2026-03-19,PTGX.OQ,3.26585
2026-03-20,PNC.N,18.49335
2026-03-20,PPL.N,1.94757
2026-03-20,PRI.N,23.86186
2026-03-20,PTEN.OQ,-0.33271
2026-03-22,PSA.N,10.0675
2026-03-22,PTC.OQ,7.79926
2026-03-23,PNR.N,5.34411
2026-03-23,PPG.N,7.97078
2026-03-23,PR.N,1.25135
2026-03-24,PNW.N,4.69492
2026-03-24,PSIX.OQ,4.619
2026-03-24,PSN.N,3.27982
2026-03-24,PSX.N,12.84035
2026-03-25,PODD.OQ,6.3565
2026-03-25,PR.N,1.29295
2026-03-25,PRCT.OQ,-1.53769
2026-03-25,PRI.N,23.91088
2026-03-25,PRU.N,14.20782
2026-03-25,PRVA.OQ,0.34908
2026-03-25,PSN.N,3.27164
2026-03-25,PSX.N,13.14735
2026-03-26,POR.N,3.43027
2026-03-26,POWL.OQ,16.455
2026-03-26,PPG.N,7.96209
2026-03-27,PMT.N,1.545
2026-03-27,PNC.N,18.49204
2026-03-27,PR.N,1.33745
2026-03-27,PRMB.N,1.29317
2026-03-27,PTCT.OQ,-0.76385
2026-03-30,PNC.N,18.10726
2025-08-12,RAMP.N,2.198
2025-11-20,RCAT.OQ,-0.38333
2026-02-05,REYN.OQ,1.59343
2026-02-12,QLYS.OQ,7.37619
2026-02-12,RAL.N,2.34642
2026-02-16,QDEL.OQ,2.14543
2026-02-17,RBC.N,12.15857
2026-02-17,REXR.N,1.10833
2026-02-22,QS.OQ,-0.671
2026-02-24,PVLA.OQ,-3.51813
2026-02-24,RBA.N,4.32333
2026-02-25,REZI.N,3.08
2026-03-01,QTWO.N,2.92108
2026-03-02,PWR.N,13.10662
2026-03-02,QRVO.OQ,6.522
2026-03-03,PZZA.OQ,1.52533
2026-03-04,R.N,14.11478
2026-03-04,RCUS.N,-4.01656
2026-03-04,RGA.N,26.29182
2026-03-04,RIG.N,0.16467
2026-03-05,REAL.OQ,0.04
2026-03-06,PVH.N,10.90977
2026-03-06,RDW.N,-0.56
2026-03-07,REG.OQ,2.42556
2026-03-10,QBTS.N,-0.32846
2026-03-10,RDDT.N,4.12304
2026-03-11,RDNT.OQ,0.64143
2026-03-12,PWP.OQ,1.2815
2026-03-12,QUBT.OQ,-0.2325
2026-03-12,RARE.OQ,-4.52341
2026-03-12,RDN.N,4.98425
2026-03-13,PYPL.OQ,5.31147
2026-03-13,REPL.OQ,-3.37333
2026-03-13,RGEN.OQ,1.9629
2026-03-14,RGTI.OQ,-0.18322
2026-03-16,QCOM.OQ,11.13403
2026-03-16,RBLX.N,-1.611
2026-03-17,QSR.N,4.05846
2026-03-17,QXO.N,0.37787
2026-03-17,RH.N,7.08088
2026-03-17,RHI.N,1.4818
2026-03-18,Q.N,3.6915
2026-03-18,RELY.OQ,0.51143
2026-03-19,REGN.OQ,45.89046
2026-03-20,RBRK.N,0.17441
2026-03-22,QGEN.N,2.551
2026-03-22,RGLD.OQ,12.899
2026-03-23,RF.N,2.59939
2026-03-23,RHP.N,3.876
2026-03-24,RCL.N,17.99365
2026-03-25,PWR.N,13.11214
2026-03-25,QCOM.OQ,11.12637
2026-03-25,QGEN.N,2.55272
2026-03-25,REGN.OQ,45.88564
2026-03-25,RGEN.OQ,1.96358
2026-03-25,RH.N,6.95735
2026-03-26,PWR.N,13.10976
2026-03-26,R.N,14.11533
2026-03-27,PWR.N,13.11283
2026-03-27,PYPL.OQ,5.31246
2026-03-27,RARE.OQ,-4.52118
2026-03-30,QSR.N,4.05772
2026-03-30,RBLX.N,-1.603
2026-01-14,RZLV.OQ,-0.262
2026-01-27,RLI.N,2.84157
2026-02-03,ROP.OQ,21.46559
2026-02-07,RJF.N,12.11958
2026-02-09,RVTY.N,5.405
2026-02-13,RMBS.OQ,2.95075
2026-02-17,RPD.OQ,1.56479
2026-02-18,RR.OQ,-0.165
2026-02-19,ROG.N,3.15667
2026-02-24,RITM.N,2.275
2026-02-24,RUSHA.OQ,3.6375
2026-02-26,RNG.N,4.85013
2026-02-26,RYN.N,0.45
2026-02-27,RPRX.OQ,5.06633
2026-03-04,RIGL.OQ,4.12667
2026-03-04,RXRX.OQ,-1.00857
2026-03-05,RTX.N,6.79986
2026-03-06,ROST.OQ,7.36494
2026-03-09,RIOT.OQ,-0.89
2026-03-09,RVLV.N,0.89563
2026-03-10,RNA.OQ,-4.14
2026-03-11,RRR.OQ,2.6764
2026-03-11,RSI.N,0.56071
2026-03-13,RSG.N,7.23836
2026-03-15,RKT.N,0.83
2026-03-15,RMD.N,11.001
2026-03-16,ROOT.OQ,2.0562
2026-03-16,SAIA.OQ,10.569
2026-03-17,RRX.N,10.66409
2026-03-18,RPM.N,5.26847
2026-03-18,RVMD.OQ,-7.72679
2026-03-19,RNST.N,3.574
2026-03-19,ROCK.OQ,4.01
2026-03-19,ROIV.OQ,-1.26571
2026-03-19,ROL.N,1.24918
2026-03-19,S.N,0.33724
2026-03-20,RIVN.OQ,-2.51322
2026-03-20,RKLB.OQ,-0.2623
2026-03-22,RYTM.OQ,-3.1408
2026-03-23,RLAY.OQ,-1.53273
2026-03-23,RNR.N,37.91914
2026-03-23,ROK.N,12.125
2026-03-23,ROKU.OQ,2.06822
2026-03-23,RRC.N,3.816
2026-03-23,RYAN.N,2.27694
2026-03-24,RL.N,16.27467
2026-03-24,ROAD.OQ,2.835
2026-03-24,RS.N,17.98775
2026-03-24,RUN.OQ,0.46655
2026-03-24,RXO.N,-0.00472
2026-03-25,RIOT.OQ,-0.90667
2026-03-25,RRC.N,3.89885
2026-03-25,RTX.N,6.80271
2026-03-25,RVTY.N,5.40469
2026-03-25,RYAN.N,2.27522
2026-03-26,RRC.N,3.90485
2026-03-26,RSI.N,0.55813
2026-03-26,RXO.N,-0.00483
2026-03-26,SAIA.OQ,10.60105
2026-03-27,RRC.N,3.90935
2026-03-27,SAIA.OQ,10.61014
2026-03-29,RKT.N,0.81909
2026-03-29,ROIV.OQ,-1.27167
2026-01-21,SFBS.N,6.35
2026-01-25,SFNC.OQ,2.00271
2026-01-28,SANM.OQ,10.055
2026-02-03,SBCF.OQ,2.52
2026-02-05,SITM.OQ,5.18833
2026-02-08,SKY.N,3.7825
2026-02-09,SLAB.OQ,2.71844
2026-02-10,SBH.N,2.068
2026-02-13,SCI.N,4.20667
2026-02-19,SBRA.OQ,0.72286
2026-02-20,SITE.N,4.31078
2026-02-23,SEIC.OQ,5.67429
2026-02-24,SGHC.N,0.56891295391678
2026-02-26,SEZL.OQ,4.693
2026-02-26,SFM.OQ,5.56293
2026-03-01,SARO.N,1.41111
2026-03-01,SHC.OQ,0.9636
2026-03-01,SHO.N,0.15
2026-03-02,SKT.N,1.0675
2026-03-03,SAM.N,10.01731
2026-03-04,SDRL.N,0.60471
2026-03-04,SIGI.OQ,7.92088
2026-03-04,SKYT.OQ,-0.32667
2026-03-05,SGI.N,3.3009
2026-03-09,SBAC.OQ,7.74009
2026-03-09,SEE.N,3.4445
2026-03-09,SGRY.OQ,0.24546
2026-03-10,SHLS.OQ,0.39611
2026-03-10,SHOO.OQ,2.09289
2026-03-15,SCCO.N,6.7073
2026-03-16,SG.N,-0.79269
2026-03-17,SATS.OQ,-2.675
2026-03-17,SBUX.OQ,2.29194
2026-03-17,SCHW.N,5.85333
2026-03-17,SDGR.OQ,-2.12167
2026-03-17,SEMR.N,0.4
2026-03-17,SHAK.N,1.36039
2026-03-18,SERV.OQ,-2.16571
2026-03-18,SHW.N,11.90756
2026-03-18,SIRI.OQ,3.07009
2026-03-18,SJM.N,9.04333
2026-03-19,SAIL.OQ,0.31796
2026-03-20,SEI.N,1.53756
2026-03-20,SKYW.OQ,11.3906
2026-03-23,SAIC.OQ,9.62
2026-03-23,SF.N,6.41884
2026-03-23,SIG.N,10.3853
2026-03-24,SFD.OQ,2.56057
2026-03-24,SKWD.OQ,4.88267
2026-03-25,SAIL.OQ,0.31929
2026-03-25,SGRY.OQ,0.24
2026-03-26,SCI.N,4.2
2026-03-26,SERV.OQ,-2.06771
2026-03-26,SFD.OQ,2.65014
2026-03-26,SGI.N,3.2863
2026-03-26,SHO.N,0.15
2026-03-26,SHW.N,11.90156
2026-03-26,SIG.N,10.36811
2026-03-28,SEE.N,3.46267
2026-03-30,SJM.N,9.04267
2026-02-02,SNDR.N,0.85175
2026-02-02,SR.N,5.157
2026-02-04,SONO.OQ,0.38667
2026-02-05,SNEX.OQ,5.405
2026-02-06,SLGN.N,3.80464
2026-02-10,SSD.N,8.8825
2026-02-13,SN.N,6.05
2026-02-13,SPHR.N,-2.74143
2026-02-15,SPB.N,5.055
2026-02-16,SPSC.OQ,4.49042
2026-02-17,SLVM.N,3.03667
2026-02-18,SOLS.OQ,2.696
2026-02-23,SPOT.N,15.3231166260119
2026-02-27,SNA.N,20.083
2026-02-27,SOUN.OQ,-0.086
2026-03-02,SMG.N,4.29838
2026-03-02,SPT.OQ,0.91373
2026-03-04,SMMT.OQ,-1.0298
2026-03-06,SNPS.OQ,14.45852
2026-03-06,SPXC.N,7.86564
2026-03-09,SNDX.OQ,-1.66318
2026-03-09,SPNT.N,2.47
2026-03-10,SPG.N,6.49
2026-03-13,SON.N,5.9659
2026-03-16,SLDP.OQ,-0.535
2026-03-16,SMPL.OQ,1.93538
2026-03-16,SOC.N,-0.9762
2026-03-16,SPRY.OQ,-1.5578
2026-03-16,SRRK.OQ,-3.25107
2026-03-17,SMTC.OQ,2.20362
2026-03-17,SRPT.OQ,3.0236
2026-03-18,SLDE.OQ,3.261
2026-03-18,SLNO.OQ,3.89
2026-03-18,SMR.N,-0.76119
2026-03-19,SNDK.OQ,40.40013
2026-03-19,SPGI.N,19.61004
2026-03-19,SSB.N,9.54108
2026-03-20,SNCY.OQ,1.4695
2026-03-20,SNX.N,14.65273
2026-03-20,SRE.N,5.10371
2026-03-22,SMA.N,0.39
2026-03-22,SO.N,4.5675
2026-03-23,SLG.N,-2.6425
2026-03-23,SLM.OQ,2.75
2026-03-23,SM.N,4.50379
2026-03-23,SMCI.OQ,2.24267
2026-03-24,SLB.N,2.81289
2026-03-24,SNOW.N,1.7875
2026-03-24,SOFI.OQ,0.60291
2026-03-24,SOLV.N,6.45573
2026-03-25,SM.N,4.7425
2026-03-25,SMPL.OQ,1.92788
2026-03-25,SPOT.N,15.0299006010171
2026-03-25,SRPT.OQ,3.0971
2026-03-25,SSB.N,9.54525
2026-03-26,SPXC.N,7.86517
2026-03-26,SRPT.OQ,3.0661
2026-03-27,SNDX.OQ,-1.84458
2026-03-27,SO.N,4.56813
2026-03-27,SOFI.OQ,0.60368
2026-03-29,SLM.OQ,2.74909
2025-09-08,STNG.N,6.144
2026-01-22,TE.N,-1.14
2026-02-06,SYNA.OQ,4.43623
2026-02-10,STE.N,10.20033
2026-02-12,TCBI.OQ,7.48693
2026-02-17,STT.N,11.63231
2026-02-17,SXT.N,3.72
2026-02-18,STAG.N,1.0475
2026-02-19,TERN.OQ,-1.07825
2026-02-23,TDC.N,2.616
2026-02-25,SUPN.OQ,1.92333
2026-02-25,SWX.N,4.18288
2026-02-26,STC.N,5.54533
2026-02-27,TDG.N,38.994
2026-02-27,TDS.N,-0.3555
2026-03-02,STEP.OQ,2.1396
2026-03-02,TENB.OQ,1.87246
2026-03-03,TDUP.OQ,-0.11333
2026-03-05,STRA.OQ,6.905
2026-03-05,SYY.N,4.59406
2026-03-06,STWD.N,1.79667
2026-03-10,SXI.N,8.8475
2026-03-11,SSRM.OQ,4.33667
2026-03-11,SYF.N,9.24178
2026-03-11,TEM.OQ,-0.421
2026-03-12,TBBK.OQ,5.915
2026-03-13,TDOC.N,-0.85463
2026-03-15,SWKS.OQ,4.68518
2026-03-15,TER.OQ,6.24424
2026-03-16,STNE.OQ,2.05380615561078
2026-03-16,SYRE.OQ,-2.92192
2026-03-16,TDY.N,23.79908
2026-03-17,SSNC.OQ,6.8411
2026-03-17,TDW.N,3.84
2026-03-18,SUI.N,2.7025
2026-03-19,ST.N,3.63744
2026-03-20,STOK.OQ,-3.34539
2026-03-20,TEAM.OQ,4.75266
2026-03-20,TECH.OQ,1.98344
2026-03-22,STRL.OQ,12.03775
2026-03-22,TALO.N,-1.35538
2026-03-23,STAA.OQ,-0.06429
2026-03-23,SWK.N,5.34035
2026-03-23,SYK.N,14.97332
2026-03-24,STLD.OQ,13.57955
2026-03-24,STZ.N,11.62035
2026-03-24,SW.N,2.54929
2026-03-24,T.N,2.29864
2026-03-24,TAP.N,4.7522
2026-03-24,TARS.OQ,-0.59311
2026-03-25,SW.N,2.54357
2026-03-25,SYK.N,14.97233
2026-03-25,T.N,2.29784
2026-03-25,TALO.N,-1.382
2026-03-25,TARS.OQ,-0.59644
2026-03-25,TDG.N,38.95495
2026-03-25,TECH.OQ,1.983
2026-03-25,TERN.OQ,-1.06746
2026-03-26,SYF.N,9.23961
2026-03-26,SYY.N,4.59465
2026-03-27,STRL.OQ,12.284
2026-03-27,TERN.OQ,-1.06564
2026-03-29,SWK.N,5.33741
2026-03-29,T.N,2.29446
2026-03-30,TAP.N,4.7497
2026-03-30,TER.OQ,6.26306
2026-02-04,TOWN.OQ,3.50875
2026-02-11,TROW.OQ,10.08867
2026-02-13,TNET.N,4.24571
2026-02-13,TRN.N,1.925
2026-02-23,TRIP.OQ,1.48082
2026-02-24,TNK.N,9.02167
2026-02-25,TPL.N,8.26
2026-02-26,TRNO.N,1.415
2026-02-26,TROX.N,-1.03311
2026-02-27,TFC.N,4.486
2026-03-01,TOST.N,0.78472
2026-03-02,TPB.N,3.86
2026-03-02,TPC.N,3.845
2026-03-02,TRS.OQ,1.5715
2026-03-03,TJX.N,5.10633
2026-03-03,TMHC.N,5.20444
2026-03-03,TNL.N,7.33127
2026-03-04,TPH.N,2.05267
2026-03-05,TRMB.OQ,3.52592
2026-03-05,TSCO.OQ,2.18071
2026-03-06,TGLS.N,3.6126
2026-03-09,TEX.N,4.84775
2026-03-09,THC.N,17
2026-03-09,TREE.OQ,5.55
2026-03-10,TOL.N,12.81429
2026-03-11,TREX.N,1.6468
2026-03-12,TRMK.OQ,3.80683
2026-03-13,TGTX.OQ,1.446
2026-03-13,THO.N,4.219
2026-03-13,TPR.N,6.49281
2026-03-16,TGT.N,8.02506
2026-03-16,THG.N,17.11157
2026-03-17,TIGO.OQ,4.1976
2026-03-17,TKR.N,5.85964
2026-03-18,TMUS.OQ,10.3431
2026-03-19,TMDX.OQ,2.4335
2026-03-19,TRUP.OQ,0.49667
2026-03-19,TRVI.OQ,-0.45017
2026-03-20,TLN.OQ,22.11111
2026-03-20,TNGX.OQ,-1.315
2026-03-20,TPG.OQ,2.94708
2026-03-20,TSHA.OQ,-0.41
2026-03-23,TFX.N,6.73688
2026-03-23,TKO.N,5.36119
2026-03-23,TMO.N,24.55746
2026-03-23,TNDM.OQ,-0.74817
2026-03-23,TRV.N,27.2257
2026-03-24,TIC.N,-0.12
2026-03-24,TRGP.N,10.01863
2026-03-24,TRU.N,4.73114
2026-03-25,TMUS.OQ,10.33786
2026-03-26,TKR.N,5.87509
2026-03-26,TSHA.OQ,-0.41
2026-03-27,TFX.N,7.64278
2026-03-27,TMO.N,24.56163
2026-03-27,TNGX.OQ,-1.31636
2026-03-29,TMUS.OQ,10.35068
2026-03-30,TKR.N,5.88873
2026-03-30,TRMB.OQ,3.52508
2026-01-08,UNF.N,7.038
2026-01-29,TTEK.OQ,1.51557
2026-02-02,UGI.N,3.0965
2026-02-02,UPB.OQ,-2.57625
2026-02-06,TT.N,14.80217
2026-02-06,UI.N,16.1
2026-02-13,UBSI.OQ,3.5178
2026-02-17,TYL.N,12.53773
2026-02-20,TXG.OQ,-0.96481
2026-02-20,UPBD.OQ,4.19629
2026-02-22,TXT.N,6.46875
2026-02-23,UHALb.N,0.78
2026-02-24,UCTT.OQ,1.97525
2026-02-26,TTMI.OQ,3.1755
2026-02-26,UFPT.OQ,9.9925
2026-03-02,TTI.N,0.21667
2026-03-02,TWST.OQ,-1.80625
2026-03-03,UMBF.OQ,12.06442
2026-03-04,TTWO.OQ,3.92071
2026-03-04,TWLO.N,5.413
2026-03-05,TTD.OQ,2.0699
2026-03-05,TXN.OQ,6.4503
2026-03-05,UNM.N,8.83554
2026-03-07,UE.N,0.4625
2026-03-09,UNIT.OQ,-1.60683
2026-03-10,UFPI.OQ,5.3302
2026-03-13,UDR.N,0.54222
2026-03-13,UHS.N,23.47031
2026-03-15,UNH.N,17.85293
2026-03-16,TW.OQ,4.01277
2026-03-17,TWO.N,1.17
2026-03-17,TXNM.N,2.97533
2026-03-17,TXRH.OQ,6.28838
2026-03-17,UEC.A,-0.12
2026-03-18,TTC.N,4.55
2026-03-18,UCB.N,2.98786
2026-03-18,UNFI.N,2.574
2026-03-19,ULTA.OQ,28.84563
2026-03-19,UNP.N,12.47938
2026-03-23,TSLA.OQ,2.03706
2026-03-23,U.N,-0.60358
2026-03-23,UAL.OQ,12.05241
2026-03-23,UBER.N,3.37944
2026-03-23,ULCC.OQ,-0.2905
2026-03-24,TSN.N,3.90818
2026-03-24,TVTX.OQ,0.169
2026-03-24,UA.N,0.12056
2026-03-24,UAA.N,0.11996
2026-03-24,UPS.N,7.04114
2026-03-25,TSN.N,3.89546
2026-03-25,TTI.N,0.20667
2026-03-25,TXG.OQ,-0.9678
2026-03-25,TXT.N,6.4625
2026-03-25,ULTA.OQ,28.8314
2026-03-25,UNH.N,17.85257
2026-03-25,UNM.N,8.79254
2026-03-26,TSLA.OQ,2.02114
2026-03-26,TSN.N,3.89908
2026-03-26,U.N,-0.58715
2026-03-26,UAL.OQ,12.02759
2026-03-26,ULCC.OQ,-0.3017
2026-03-26,UNFI.N,2.584
2026-03-26,UNP.N,12.49
2026-03-26,UPB.OQ,-3.18
2026-03-27,TWO.N,1.05
2026-03-27,TXT.N,6.46188
2026-03-27,U.N,-0.57715
2026-03-27,UNH.N,17.85186
2026-03-27,UPB.OQ,-3.09571
2026-03-29,TT.N,14.79957
2026-03-29,UBER.N,3.38506
2026-03-30,TSN.N,3.86742
2026-01-30,USAR.OQ,-2.63667
2026-02-05,UTI.N,0.77667
2026-02-05,VLY.OQ,1.26623
2026-02-09,VIAV.OQ,0.83667
2026-02-12,VERX.OQ,0.72213
2026-02-12,VFC.N,0.83168
2026-02-16,UPWK.OQ,1.443
2026-02-18,VKTX.OQ,-4.38487
2026-02-20,VSAT.OQ,-1.05
2026-02-24,VMI.N,21.947
2026-02-24,VNT.N,3.44558
2026-02-25,VLTO.N,4.19779
2026-02-27,VCEL.OQ,0.4325
2026-02-27,VISN.OQ,0.75
2026-03-02,VRNS.OQ,0.08386
2026-03-02,VRSN.OQ,9.2892
2026-03-03,VNO.N,-0.08
2026-03-04,UPST.OQ,2.241
2026-03-04,URBN.OQ,5.88775
2026-03-04,VAL.N,3.2873
2026-03-04,VCYT.OQ,0.94125
2026-03-05,UUUU.A,-0.1175
2026-03-05,VICR.OQ,2.73667
2026-03-05,VRDN.OQ,-3.81278
2026-03-08,VITL.OQ,1.3041
2026-03-09,URGN.OQ,-1.29429
2026-03-09,UTHR.OQ,28.81058
2026-03-09,VAC.N,7.28456
2026-03-09,VC.OQ,8.66983
2026-03-09,VECO.OQ,1.6518
2026-03-09,VRSK.OQ,7.62363
2026-03-11,VMC.N,9.3062
2026-03-12,VCTR.OQ,6.91167
2026-03-12,VICI.N,2.83188
2026-03-13,UWMC.N,0.43563
2026-03-13,V.N,12.85467
2026-03-13,VERA.OQ,-5.23091
2026-03-13,VOYA.N,9.81375
2026-03-16,VOYG.N,-2.51
2026-03-17,USFD.N,4.78333
2026-03-17,VRRM.OQ,1.35125
2026-03-19,VIRT.N,5.10267
2026-03-19,VRTX.OQ,19.17415
2026-03-20,URI.N,46.20468
2026-03-23,VEEV.N,8.82085
2026-03-23,VNOM.OQ,1.51931
2026-03-24,USB.N,5.04121
2026-03-24,VIK.N,3.34356
2026-03-24,VLO.N,16.168
2026-03-24,VRT.N,6.03584
2026-03-25,USB.N,5.04342
2026-03-25,VITL.OQ,1.26
2026-03-25,VNOM.OQ,1.57346
2026-03-25,VOYA.N,9.79233
2026-03-26,VKTX.OQ,-4.30019
2026-03-26,VMI.N,22.00867
2026-03-26,VRSK.OQ,7.62521
2026-03-26,VRTX.OQ,19.09492
2026-03-27,USB.N,5.043
2026-03-27,VC.OQ,8.6615
2026-03-27,VITL.OQ,1.202
2026-03-30,USFD.N,4.78077
2026-03-30,VNT.N,3.44058
2026-01-19,WAFD.OQ,3.0895
2026-01-25,WDFC.OQ,6.1
2026-02-06,WMS.N,6.15333
2026-02-12,VVV.N,1.6996
2026-02-13,VSTS.N,0.4035
2026-02-17,WPC.N,2.75
2026-02-18,WAB.N,10.39009
2026-02-19,WINA.OQ,12.11
2026-02-26,WK.N,2.7013
2026-02-27,WLDN.OQ,4.58
2026-03-02,VSEC.OQ,4.11643
2026-03-03,WGS.OQ,0.7
2026-03-03,WKC.N,2.18333
2026-03-05,VSH.N,0.51333
2026-03-05,WAY.OQ,1.62741
2026-03-05,WDC.OQ,8.92915
2026-03-06,VSCO.N,3.517
2026-03-06,WLY.N,4.2
2026-03-10,W.N,2.89504
2026-03-10,WBD.OQ,-0.13563
2026-03-10,WELL.N,2.91571
2026-03-10,WH.N,4.80364
2026-03-10,WRB.N,4.56131
2026-03-11,WD.N,3.92
2026-03-12,VVX.N,4.18
2026-03-12,WDAY.OQ,10.46766
2026-03-12,WHR.N,6.05
2026-03-13,WBS.N,6.63913
2026-03-13,WERN.OQ,0.79186
2026-03-13,WM.N,8.20804
2026-03-17,VTR.N,0.72333
2026-03-17,WCC.N,15.79755
2026-03-17,WHD.N,2.7838
2026-03-17,WRBY.N,0.49189
2026-03-18,VYX.N,0.93667
2026-03-18,WAT.N,14.39195
2026-03-18,WEX.N,17.66454
2026-03-18,WFRD.OQ,5.7535
2026-03-18,WMT.OQ,2.91106
2026-03-19,VZ.N,4.92306
2026-03-19,WING.OQ,4.68163
2026-03-20,VST.N,8.76006
2026-03-20,WAL.N,10.08253
2026-03-20,WLK.N,1.11333
2026-03-23,VTRS.OQ,2.43911
2026-03-23,WEC.N,5.59953
2026-03-23,WMB.N,2.2967
2026-03-24,WEN.OQ,0.58382
2026-03-24,WFC.N,7.0
2026-03-24,WGO.N,2.46114
2026-03-25,VZ.N,4.92361
2026-03-25,WGO.N,2.42329
2026-03-25,WING.OQ,4.67422
2026-03-25,WLK.N,1.20333
2026-03-25,WRB.N,4.56359
2026-03-26,VST.N,8.75656
2026-03-26,WAT.N,14.39347
2026-03-26,WEC.N,5.59956
2026-03-26,WGO.N,2.38536
2026-03-27,VST.N,8.77489
2026-03-27,VSTS.N,0.41229
2026-03-27,WAT.N,14.3965
2026-03-27,WERN.OQ,0.7924
2026-03-27,WFC.N,6.9992
2026-03-27,WING.OQ,4.67229
2026-03-29,VZ.N,4.91395
2026-03-30,WEN.OQ,0.58311
2025-09-16,WY.N,0.60917
2026-01-28,WYFI.OQ,-0.23143
2026-01-28,WYFI.OQ,-0.80671
2026-02-09,WWD.OQ,8.71444
2026-02-16,WTS.N,11.70546
2026-02-18,ZWS.N,1.659
2026-02-19,YELP.N,2.05714
2026-02-23,XYL.N,5.50368
2026-02-25,XMTR.OQ,0.721
2026-03-02,WU.N,1.79682
2026-03-02,XP.OQ,2.09443649443069
2026-03-03,WTFC.OQ,12.37062
2026-03-04,YOU.N,1.674
2026-03-05,WULF.OQ,-0.76743
2026-03-05,WWW.N,1.45125
2026-03-06,WSC.OQ,1.0594
2026-03-06,WT.N,1.115
2026-03-06,ZD.OQ,6.87183
2026-03-06,ZS.OQ,4.00747
2026-03-09,XPO.N,4.43687
2026-03-10,WST.N,8.02119
2026-03-10,WVE.OQ,-1.37313
2026-03-11,YETI.N,2.81788
2026-03-11,Z.OQ,2.21625
2026-03-11,ZG.OQ,2.21324
2026-03-12,ZION.OQ,6.21379
2026-03-13,ZETA.N,0.94421
2026-03-15,WSFS.OQ,5.79633
2026-03-16,WSBC.OQ,3.72375
2026-03-16,WYNN.OQ,5.10856
2026-03-16,XENE.OQ,-4.78405
2026-03-16,ZBRA.OQ,17.80006
2026-03-17,XRAY.OQ,1.43193
2026-03-17,YUM.N,6.66356
2026-03-17,ZTS.N,7.00263
2026-03-19,WSO.N,12.64757
2026-03-19,XEL.OQ,4.1144
2026-03-19,XERS.OQ,0.11143
2026-03-19,ZYME.OQ,0.84522
2026-03-20,XYZ.N,3.71597
2026-03-23,WSM.N,9.24952
2026-03-23,WTRG.N,2.26
2026-03-23,WTW.OQ,19.69715
2026-03-23,XOM.N,7.22136
2026-03-23,ZBH.N,8.39362
2026-03-23,ZBIO.OQ,-4.94183
2026-03-23,ZM.OQ,5.87307
2026-03-25,WSM.N,9.2685
2026-03-25,WST.N,8.02927
2026-03-25,WWD.OQ,8.71667
2026-03-25,YUM.N,6.66541
2026-03-25,ZBH.N,8.39536
2026-03-25,ZS.OQ,4.00752
2026-03-26,WSM.N,9.26905
2026-03-26,WSO.N,12.674
2026-03-26,WT.N,1.11667
2026-03-26,WVE.OQ,-1.37713
2026-03-26,WWW.N,1.45489
2026-03-26,XPO.N,4.45426
2026-03-27,WTFC.OQ,12.386
2026-03-27,WYFI.OQ,-0.24429
2026-03-27,XOM.N,7.46936
2026-03-27,XPO.N,4.45644
2026-03-27,XRAY.OQ,1.43294
2026-03-29,ZTS.N,7.00316
2026-03-30,YUM.N,6.66486
