Date,LCOc1,LCOc1,CLc1,CLc1
,Close Price,SETTLE,Close Price,SETTLE
2015-01-02,56.51,56.42,52.81,52.69
2015-01-05,53.15,53.11,49.95,50.04
2015-01-06,50.9,51.1,48.01,47.93
2015-01-07,51.02,51.15,48.77,48.65
2015-01-08,51.05,50.96,48.92,48.79
2015-01-09,49.95,50.11,48.21,48.36
2015-01-12,47.2,47.43,45.71,46.07
2015-01-13,46.79,46.59,46.11,45.89
2015-01-14,48.61,48.69,48.62,48.48
2015-01-15,47.68,47.67,46.21,46.25
2015-01-16,49.9,50.17,48.48,48.69
2015-01-19,48.85,48.84,,
2015-01-20,48.17,47.99,46.13,46.39
2015-01-21,48.75,49.03,47.34,47.78
2015-01-22,49.0,48.52,46.52,46.31
2015-01-23,48.55,48.79,45.29,45.59
2015-01-26,48.11,48.16,45.08,45.15
2015-01-27,49.26,49.6,45.78,46.23
2015-01-28,48.65,48.47,44.38,44.45
2015-01-29,49.05,49.13,44.59,44.53
2015-01-30,52.95,52.99,47.85,48.24
2015-02-02,54.85,54.75,49.83,49.57
2015-02-03,57.0,57.91,51.57,53.05
2015-02-04,54.54,54.16,48.7,48.45
2015-02-05,56.89,56.57,50.92,50.48
2015-02-06,58.16,57.8,52.34,51.69
2015-02-09,57.85,58.34,52.43,52.86
2015-02-10,56.9,56.43,50.96,50.02
2015-02-11,55.05,54.66,49.45,48.84
2015-02-12,57.06,57.05,51.34,51.21
2015-02-13,61.48,61.52,52.65,52.78
2015-02-16,61.5,61.4,,
2015-02-17,62.53,62.53,53.24,53.53
2015-02-18,60.16,60.53,50.48,52.14
2015-02-19,60.11,60.21,51.5,51.16
2015-02-20,60.34,60.22,49.91,50.34
2015-02-23,58.81,58.9,49.38,49.45
2015-02-24,58.61,58.66,49.16,49.28
2015-02-25,61.54,61.63,51.03,50.99
2015-02-26,60.46,60.05,48.92,48.17
2015-02-27,62.33,62.58,49.52,49.76
2015-03-02,59.69,59.54,49.79,49.59
2015-03-03,61.05,61.02,50.65,50.52
2015-03-04,60.55,60.55,51.6,51.53
2015-03-05,60.68,60.48,50.97,50.76
2015-03-06,59.77,59.73,49.78,49.61
2015-03-09,58.61,58.53,50.03,50.0
2015-03-10,56.42,56.39,48.75,48.29
2015-03-11,57.94,57.54,48.42,48.17
2015-03-12,56.99,57.08,46.93,47.05
2015-03-13,54.6,54.67,45.0,44.84
2015-03-16,53.38,53.44,43.79,43.88
2015-03-17,53.3,53.51,42.43,43.46
2015-03-18,56.27,55.91,44.69,44.66
2015-03-19,54.46,54.43,43.85,43.96
2015-03-20,55.22,55.32,45.87,45.72
2015-03-23,55.89,55.92,47.49,47.45
2015-03-24,55.31,55.11,47.73,47.51
2015-03-25,56.38,56.48,48.97,49.21
2015-03-26,58.86,59.19,51.0,51.43
2015-03-27,56.12,56.41,48.43,48.87
2015-03-30,56.44,56.29,48.74,48.68
2015-03-31,55.1,55.11,47.49,47.6
2015-04-01,56.67,57.1,49.55,50.09
2015-04-02,55.13,54.95,49.55,49.14
2015-04-03,,,,49.14
2015-04-06,57.95,58.12,51.99,52.14
2015-04-07,58.62,59.1,53.25,53.98
2015-04-08,56.1,55.55,50.98,50.42
2015-04-09,56.64,56.57,50.75,50.79
2015-04-10,58.04,57.87,51.77,51.64
2015-04-13,57.93,57.93,51.99,51.91
2015-04-14,58.85,58.43,53.44,53.29
2015-04-15,60.35,60.32,55.96,56.39
2015-04-16,63.94,63.98,56.53,56.71
2015-04-17,63.72,63.45,56.14,55.74
2015-04-20,63.48,63.45,56.5,56.38
2015-04-21,61.78,62.08,55.58,55.26
2015-04-22,62.85,62.73,56.22,56.16
2015-04-23,64.75,64.85,57.48,57.74
2015-04-24,65.49,65.28,57.42,57.15
2015-04-27,64.65,64.83,56.65,56.99
2015-04-28,64.57,64.64,56.93,57.06
2015-04-29,65.6,65.84,58.53,58.58
2015-04-30,66.8,66.78,59.77,59.63
2015-05-01,66.51,66.46,59.26,59.15
2015-05-04,66.33,66.45,59.02,58.93
2015-05-05,67.57,67.52,60.68,60.4
2015-05-06,67.45,67.77,60.7,60.93
2015-05-07,65.63,65.54,58.96,58.94
2015-05-08,65.59,65.39,59.47,59.39
2015-05-11,64.77,64.91,59.37,59.25
2015-05-12,67.37,66.86,61.17,60.75
2015-05-13,66.51,66.81,60.03,60.5
2015-05-14,66.58,66.59,59.67,59.88
2015-05-15,66.86,66.81,59.96,59.69
2015-05-18,66.3,66.27,59.55,59.43
2015-05-19,64.45,64.02,57.3,57.26
2015-05-20,64.96,65.03,58.76,58.98
2015-05-21,66.48,66.54,60.69,60.72
2015-05-22,65.57,65.37,59.99,59.72
2015-05-25,65.9,65.52,,
2015-05-26,63.89,63.72,58.35,58.03
2015-05-27,62.25,62.06,57.65,57.51
2015-05-28,62.85,62.58,57.97,57.68
2015-05-29,65.45,65.56,60.23,60.3
2015-06-01,64.98,64.88,60.24,60.2
2015-06-02,65.39,65.49,61.04,61.26
2015-06-03,63.72,63.8,59.61,59.64
2015-06-04,62.1,62.03,57.98,58.0
2015-06-05,63.23,63.31,58.88,59.13
2015-06-08,62.68,62.69,58.26,58.14
2015-06-09,65.11,64.88,60.52,60.14
2015-06-10,65.43,65.7,61.12,61.43
2015-06-11,64.8,65.11,60.56,60.77
2015-06-12,63.78,63.87,59.94,59.96
2015-06-15,62.61,62.61,59.61,59.52
2015-06-16,63.67,63.7,60.02,59.97
2015-06-17,63.7,63.87,59.77,59.92
2015-06-18,64.34,64.26,60.45,60.45
2015-06-19,62.75,63.02,59.37,59.61
2015-06-22,63.25,63.34,60.01,59.68
2015-06-23,64.53,64.45,61.17,61.01
2015-06-24,63.58,63.49,60.22,60.27
2015-06-25,63.43,63.2,59.64,59.7
2015-06-26,63.05,63.26,59.65,59.63
2015-06-29,61.99,62.01,58.27,58.33
2015-06-30,63.14,63.59,59.09,59.47
2015-07-01,62.02,62.01,56.87,56.96
2015-07-02,61.75,62.07,56.5,56.93
2015-07-03,60.55,60.32,,
2015-07-06,56.64,56.54,52.68,52.53
2015-07-07,57.49,56.85,52.95,52.33
2015-07-08,57.23,57.05,51.8,51.65
2015-07-09,58.54,58.61,52.59,52.78
2015-07-10,58.72,58.73,52.81,52.74
2015-07-13,57.84,57.85,52.01,52.2
2015-07-14,58.78,58.51,53.37,53.04
2015-07-15,57.36,57.05,51.61,51.41
2015-07-16,57.5,57.51,50.92,50.91
2015-07-17,57.01,57.1,50.78,50.89
2015-07-20,56.54,56.65,49.94,50.15
2015-07-21,56.98,57.04,50.59,50.36
2015-07-22,56.09,56.13,49.2,49.19
2015-07-23,55.41,55.27,48.85,48.45
2015-07-24,54.56,54.62,47.97,48.14
2015-07-27,52.96,53.47,46.98,47.39
2015-07-28,52.98,53.3,47.77,47.98
2015-07-29,53.55,53.38,48.89,48.79
2015-07-30,53.38,53.31,48.44,48.52
2015-07-31,51.85,52.21,46.77,47.12
2015-08-03,49.59,49.52,45.3,45.17
2015-08-04,50.28,49.99,45.99,45.74
2015-08-05,49.72,49.59,45.11,45.15
2015-08-06,49.59,49.52,44.84,44.66
2015-08-07,48.49,48.61,43.75,43.87
2015-08-10,50.3,50.41,44.83,44.96
2015-08-11,49.31,49.18,43.25,43.08
2015-08-12,49.71,49.66,43.31,43.3
2015-08-13,49.29,49.22,42.2,42.23
2015-08-14,49.0,49.03,42.18,42.5
2015-08-17,48.57,48.74,41.88,41.87
2015-08-18,48.65,48.81,42.37,42.62
2015-08-19,46.88,47.16,40.55,40.8
2015-08-20,46.25,46.62,40.94,41.14
2015-08-21,45.43,45.46,40.29,40.45
2015-08-24,42.45,42.69,38.06,38.24
2015-08-25,43.5,43.21,39.64,39.31
2015-08-26,43.64,43.14,38.88,38.6
2015-08-27,47.4,47.56,42.78,42.56
2015-08-28,49.93,50.05,45.33,45.22
2015-08-31,53.12,54.15,48.16,49.2
2015-09-01,48.64,49.56,44.19,45.41
2015-09-02,50.47,50.5,46.05,46.25
2015-09-03,50.6,50.68,46.69,46.75
2015-09-04,49.29,49.61,45.77,46.05
2015-09-07,47.76,47.63,,
2015-09-08,49.31,49.52,45.73,45.94
2015-09-09,47.44,47.58,44.11,44.15
2015-09-10,48.75,48.89,45.73,45.92
2015-09-11,48.18,48.14,44.78,44.63
2015-09-14,46.48,46.37,44.12,44.0
2015-09-15,46.6,46.63,45.15,44.59
2015-09-16,49.98,49.75,47.13,47.15
2015-09-17,49.35,49.08,46.9,46.9
2015-09-18,47.78,47.47,44.98,44.68
2015-09-21,48.73,48.92,46.48,46.68
2015-09-22,49.2,49.08,46.17,45.83
2015-09-23,47.8,47.75,44.6,44.48
2015-09-24,48.33,48.17,45.1,44.91
2015-09-25,48.34,48.6,45.34,45.7
2015-09-28,47.4,47.34,44.47,44.43
2015-09-29,47.94,48.23,44.89,45.23
2015-09-30,48.44,48.37,45.36,45.09
2015-10-01,48.06,47.69,45.02,44.74
2015-10-02,48.22,48.13,45.66,45.54
2015-10-05,49.22,49.25,46.2,46.26
2015-10-06,52.15,51.92,49.04,48.53
2015-10-07,51.75,51.33,48.13,47.81
2015-10-08,53.3,53.05,49.67,49.43
2015-10-09,52.43,52.65,49.49,49.63
2015-10-12,50.27,49.86,47.44,47.1
2015-10-13,49.22,49.24,46.57,46.66
2015-10-14,49.01,49.15,46.29,46.64
2015-10-15,48.7,48.71,46.86,46.38
2015-10-16,50.5,50.46,47.26,47.26
2015-10-19,48.91,48.61,46.19,45.89
2015-10-20,48.52,48.71,45.84,45.55
2015-10-21,47.89,47.85,45.26,45.2
2015-10-22,48.22,48.08,45.49,45.38
2015-10-23,48.08,47.99,44.73,44.6
2015-10-26,47.46,47.54,43.73,43.98
2015-10-27,47.03,46.81,43.39,43.2
2015-10-28,49.12,49.05,46.18,45.94
2015-10-29,48.61,48.8,45.75,46.06
2015-10-30,49.5,49.56,46.39,46.59
2015-11-02,48.77,48.79,46.08,46.14
2015-11-03,50.25,50.54,47.68,47.9
2015-11-04,48.92,48.58,46.58,46.32
2015-11-05,48.12,47.98,45.39,45.2
2015-11-06,47.66,47.42,44.52,44.29
2015-11-09,47.3,47.19,44.11,43.87
2015-11-10,47.05,47.44,43.63,44.21
2015-11-11,45.81,45.81,43.07,42.93
2015-11-12,44.06,44.06,41.6,41.75
2015-11-13,43.6,43.61,40.73,40.74
2015-11-16,44.86,44.56,42.04,41.74
2015-11-17,43.99,43.57,41.12,40.67
2015-11-18,44.27,44.14,40.67,40.75
2015-11-19,44.26,44.18,40.49,40.54
2015-11-20,44.48,44.66,39.39,40.39
2015-11-23,45.11,44.83,41.99,41.75
2015-11-24,45.91,46.12,42.65,42.87
2015-11-25,46.28,46.17,43.2,43.04
2015-11-26,45.62,45.46,,
2015-11-27,44.87,44.86,41.77,41.71
2015-11-30,44.5,44.61,41.68,41.65
2015-12-01,44.28,44.44,41.65,41.85
2015-12-02,42.68,42.49,40.1,39.94
2015-12-03,44.06,43.84,41.27,41.08
2015-12-04,43.22,43.0,40.14,39.97
2015-12-07,40.66,40.73,37.63,37.65
2015-12-08,40.46,40.26,37.85,37.51
2015-12-09,40.33,40.11,37.21,37.16
2015-12-10,39.55,39.73,36.58,36.76
2015-12-11,37.98,37.93,35.36,35.62
2015-12-14,37.75,37.92,36.27,36.31
2015-12-15,38.05,38.45,36.74,37.35
2015-12-16,37.18,37.19,35.74,35.52
2015-12-17,36.95,37.06,34.83,34.95
2015-12-18,36.55,36.88,34.55,34.73
2015-12-21,36.23,36.35,34.66,34.74
2015-12-22,36.38,36.11,36.47,36.14
2015-12-23,37.79,37.36,37.89,37.5
2015-12-24,37.93,37.89,38.12,38.1
2015-12-28,36.6,36.62,36.69,36.81
2015-12-29,37.39,37.79,37.33,37.87
2015-12-30,36.68,36.46,36.83,36.6
2015-12-31,37.6,37.28,37.07,37.04
2016-01-04,37.33,37.22,36.88,36.76
2016-01-05,36.59,36.42,36.14,35.97
2016-01-06,34.38,34.23,34.06,33.97
2016-01-07,33.77,33.75,33.26,33.27
2016-01-08,33.26,33.55,32.88,33.16
2016-01-11,31.21,31.55,31.13,31.41
2016-01-12,30.72,30.86,30.58,30.44
2016-01-13,30.26,30.31,30.56,30.48
2016-01-14,31.0,31.03,31.21,31.2
2016-01-15,29.11,28.94,29.7,29.42
2016-01-18,28.74,28.55,,
2016-01-19,28.73,28.76,28.28,28.46
2016-01-20,27.79,27.88,26.76,26.55
2016-01-21,29.72,29.25,29.85,29.53
2016-01-22,32.08,32.18,32.25,32.19
2016-01-25,30.09,30.5,29.8,30.34
2016-01-26,31.09,31.8,30.51,31.45
2016-01-27,33.01,33.1,32.16,32.3
2016-01-28,34.55,33.89,33.72,33.22
2016-01-29,34.73,34.74,33.74,33.62
2016-02-01,34.13,34.24,31.32,31.62
2016-02-02,32.57,32.72,29.71,29.88
2016-02-03,35.47,35.04,32.75,32.28
2016-02-04,34.39,34.46,31.69,31.72
2016-02-05,34.13,34.06,31.0,30.89
2016-02-08,33.21,32.88,30.12,29.69
2016-02-09,30.81,30.32,28.35,27.94
2016-02-10,30.97,30.84,27.33,27.45
2016-02-11,31.13,30.06,27.3,26.21
2016-02-12,32.65,33.36,29.02,29.44
2016-02-15,34.01,33.39,,
2016-02-16,32.3,32.18,29.12,29.04
2016-02-17,34.87,34.5,31.43,30.66
2016-02-18,33.99,34.28,30.66,30.77
2016-02-19,33.12,33.01,29.72,29.64
2016-02-22,34.67,34.69,31.43,31.48
2016-02-23,32.9,33.27,31.37,31.87
2016-02-24,34.41,34.41,32.22,32.15
2016-02-25,35.06,35.29,33.08,33.07
2016-02-26,35.13,35.1,32.84,32.78
2016-02-29,35.97,35.97,33.9,33.75
2016-03-01,36.6,36.81,33.89,34.4
2016-03-02,37.06,36.93,34.73,34.66
2016-03-03,37.06,37.07,34.69,34.57
2016-03-04,38.93,38.72,36.33,35.92
2016-03-07,40.83,40.84,37.98,37.9
2016-03-08,39.54,39.65,36.33,36.5
2016-03-09,40.84,41.07,38.18,38.29
2016-03-10,40.16,40.05,38.02,37.84
2016-03-11,40.38,40.39,38.49,38.5
2016-03-14,39.73,39.53,37.37,37.18
2016-03-15,38.95,38.74,36.72,36.34
2016-03-16,40.21,40.33,38.6,38.46
2016-03-17,41.43,41.54,40.34,40.2
2016-03-18,41.46,41.2,39.35,39.44
2016-03-21,41.41,41.54,39.91,39.91
2016-03-22,41.58,41.79,41.22,41.45
2016-03-23,40.54,40.47,39.76,39.79
2016-03-24,40.45,40.44,39.59,39.46
2016-03-28,40.17,40.27,39.3,39.39
2016-03-29,39.27,39.14,38.49,38.28
2016-03-30,39.22,39.26,38.3,38.32
2016-03-31,39.57,39.6,38.11,38.34
2016-04-01,38.75,38.67,36.63,36.79
2016-04-04,37.58,37.69,35.46,35.7
2016-04-05,38.33,37.87,36.56,35.89
2016-04-06,39.75,39.84,37.73,37.75
2016-04-07,39.66,39.43,37.53,37.26
2016-04-08,41.89,41.94,39.66,39.72
2016-04-11,42.81,42.83,40.36,40.36
2016-04-12,44.28,44.69,41.64,42.17
2016-04-13,43.9,44.18,41.55,41.76
2016-04-14,43.78,43.84,41.45,41.5
2016-04-15,42.85,43.1,40.4,40.36
2016-04-18,43.16,42.91,40.05,39.78
2016-04-19,43.8,44.03,40.96,41.08
2016-04-20,45.59,45.8,42.74,42.63
2016-04-21,44.73,44.53,43.43,43.18
2016-04-22,45.16,45.11,43.75,43.73
2016-04-25,44.76,44.48,42.99,42.64
2016-04-26,46.42,45.74,44.66,44.04
2016-04-27,47.3,47.18,45.33,45.33
2016-04-28,48.03,48.14,45.88,46.03
2016-04-29,48.14,48.13,45.99,45.92
2016-05-02,45.91,45.83,44.89,44.78
2016-05-03,45.23,44.97,43.88,43.65
2016-05-04,44.92,44.62,44.05,43.78
2016-05-05,45.22,45.01,44.51,44.32
2016-05-06,45.28,45.37,44.56,44.66
2016-05-09,43.45,43.63,43.24,43.44
2016-05-10,45.44,45.52,44.53,44.66
2016-05-11,47.4,47.6,45.99,46.23
2016-05-12,47.91,48.08,46.39,46.7
2016-05-13,47.85,47.83,46.37,46.21
2016-05-16,49.13,48.97,47.89,47.72
2016-05-17,49.36,49.28,48.59,48.31
2016-05-18,48.54,48.93,47.89,48.19
2016-05-19,48.88,48.81,48.27,48.16
2016-05-20,48.74,48.72,47.67,47.75
2016-05-23,48.39,48.35,48.11,48.08
2016-05-24,49.04,48.61,49.1,48.62
2016-05-25,49.78,49.74,49.74,49.56
2016-05-26,49.33,49.59,49.4,49.48
2016-05-27,49.46,49.32,49.56,49.33
2016-05-30,49.72,49.76,,
2016-05-31,49.67,49.69,48.83,49.1
2016-06-01,49.74,49.72,48.91,49.01
2016-06-02,49.95,50.04,49.06,49.17
2016-06-03,49.84,49.64,48.9,48.62
2016-06-06,50.48,50.55,49.71,49.69
2016-06-07,51.49,51.44,50.43,50.36
2016-06-08,52.7,52.51,51.53,51.23
2016-06-09,51.86,51.95,50.46,50.56
2016-06-10,50.48,50.54,48.88,49.07
2016-06-13,50.0,50.35,48.56,48.88
2016-06-14,49.25,49.83,47.9,48.49
2016-06-15,48.62,48.97,47.49,48.01
2016-06-16,47.03,47.19,45.99,46.21
2016-06-17,49.25,49.17,48.26,47.98
2016-06-20,50.41,50.65,49.2,49.37
2016-06-21,50.95,50.62,48.95,48.85
2016-06-22,49.89,49.88,49.0,49.13
2016-06-23,51.14,50.91,50.13,50.11
2016-06-24,48.41,48.41,47.57,47.64
2016-06-27,47.53,47.16,46.61,46.33
2016-06-28,48.66,48.58,48.11,47.85
2016-06-29,50.15,50.61,49.54,49.88
2016-06-30,49.72,49.68,48.4,48.33
2016-07-01,50.55,50.35,49.28,48.99
2016-07-04,50.04,50.1,,
2016-07-05,48.18,47.96,46.86,46.6
2016-07-06,49.25,48.8,47.89,47.43
2016-07-07,46.45,46.4,45.19,45.14
2016-07-08,46.44,46.76,45.12,45.41
2016-07-11,46.07,46.25,44.55,44.76
2016-07-12,48.19,48.47,46.62,46.8
2016-07-13,46.56,46.26,45.11,44.75
2016-07-14,47.13,47.37,45.5,45.68
2016-07-15,48.09,47.61,46.28,45.95
2016-07-18,47.03,46.96,45.2,45.24
2016-07-19,46.71,46.66,44.57,44.65
2016-07-20,47.13,47.17,44.85,44.94
2016-07-21,46.19,46.2,44.54,44.75
2016-07-22,45.74,45.69,44.26,44.19
2016-07-25,44.68,44.72,43.05,43.13
2016-07-26,44.57,44.87,42.64,42.92
2016-07-27,43.36,43.47,41.91,41.92
2016-07-28,42.6,42.7,41.1,41.14
2016-07-29,42.49,42.46,41.38,41.6
2016-08-01,42.22,42.14,40.08,40.06
2016-08-02,41.97,41.8,39.72,39.51
2016-08-03,43.44,43.1,41.17,40.83
2016-08-04,44.22,44.29,41.81,41.93
2016-08-05,44.42,44.27,41.98,41.8
2016-08-08,45.18,45.39,42.87,43.02
2016-08-09,44.99,44.98,42.75,42.77
2016-08-10,43.84,44.05,41.49,41.71
2016-08-11,45.96,46.04,43.46,43.49
2016-08-12,47.08,46.97,44.69,44.49
2016-08-15,48.1,48.35,45.71,45.74
2016-08-16,48.9,49.23,46.41,46.58
2016-08-17,49.8,49.85,46.94,46.79
2016-08-18,50.9,50.89,48.34,48.22
2016-08-19,50.79,50.88,48.57,48.52
2016-08-22,49.1,49.16,46.81,47.05
2016-08-23,49.58,49.96,47.57,48.1
2016-08-24,49.03,49.05,46.8,46.77
2016-08-25,49.68,49.67,47.38,47.33
2016-08-26,49.57,49.92,47.29,47.64
2016-08-29,49.2,49.26,46.95,46.98
2016-08-30,48.33,48.37,46.26,46.35
2016-08-31,47.04,47.04,44.86,44.7
2016-09-01,45.82,45.45,43.53,43.16
2016-09-02,46.68,46.83,44.2,44.44
2016-09-05,47.4,47.63,,
2016-09-06,47.36,47.26,44.88,44.83
2016-09-07,48.55,47.98,46.14,45.5
2016-09-08,49.69,49.99,47.32,47.62
2016-09-09,47.88,48.01,45.71,45.88
2016-09-12,48.15,48.32,46.06,46.29
2016-09-13,47.19,47.1,44.97,44.9
2016-09-14,45.97,45.85,43.64,43.58
2016-09-15,46.41,46.59,43.7,43.91
2016-09-16,46.05,45.77,43.19,43.03
2016-09-19,45.92,45.95,43.19,43.3
2016-09-20,46.2,45.88,43.85,43.44
2016-09-21,47.05,46.83,45.62,45.34
2016-09-22,47.46,47.65,46.08,46.32
2016-09-23,46.07,45.89,44.59,44.48
2016-09-26,46.94,47.35,45.62,45.93
2016-09-27,46.22,45.97,44.93,44.67
2016-09-28,48.91,48.69,47.16,47.05
2016-09-29,49.06,49.24,47.72,47.83
2016-09-30,49.05,49.06,48.05,48.24
2016-10-03,50.8,50.89,48.65,48.81
2016-10-04,51.31,50.87,49.19,48.69
2016-10-05,51.61,51.86,49.7,49.83
2016-10-06,52.59,52.51,50.56,50.44
2016-10-07,51.69,51.93,49.55,49.81
2016-10-10,52.92,53.14,51.16,51.35
2016-10-11,52.53,52.41,50.86,50.79
2016-10-12,51.66,51.81,50.01,50.18
2016-10-13,51.96,52.03,50.55,50.44
2016-10-14,52.0,51.95,50.32,50.35
2016-10-17,51.68,51.52,50.07,49.94
2016-10-18,52.15,51.68,50.77,50.29
2016-10-19,52.54,52.67,51.43,51.6
2016-10-20,51.39,51.38,50.31,50.43
2016-10-21,51.92,51.78,51.0,50.85
2016-10-24,51.48,51.46,50.49,50.52
2016-10-25,50.26,50.79,49.3,49.96
2016-10-26,49.95,49.98,49.23,49.18
2016-10-27,50.29,50.47,49.6,49.72
2016-10-28,49.6,49.71,48.66,48.7
2016-10-31,48.32,48.3,46.76,46.86
2016-11-01,47.9,48.14,46.33,46.67
2016-11-02,47.08,46.86,45.51,45.34
2016-11-03,46.28,46.35,44.67,44.66
2016-11-04,45.6,45.58,44.13,44.07
2016-11-07,46.33,46.15,44.95,44.89
2016-11-08,45.82,46.04,44.83,44.98
2016-11-09,46.5,46.36,45.34,45.27
2016-11-10,45.66,45.84,44.29,44.66
2016-11-11,44.52,44.75,43.12,43.41
2016-11-14,44.76,44.43,43.72,43.32
2016-11-15,46.91,46.95,45.75,45.81
2016-11-16,46.34,46.63,45.33,45.57
2016-11-17,46.0,46.49,44.93,45.42
2016-11-18,46.89,46.86,45.58,45.69
2016-11-21,49.04,48.9,47.48,47.49
2016-11-22,49.05,49.12,47.9,48.03
2016-11-23,48.88,48.95,47.94,47.96
2016-11-24,48.86,49.0,,
2016-11-25,47.12,47.24,45.96,46.06
2016-11-28,48.09,48.24,46.9,47.08
2016-11-29,46.34,46.38,45.23,45.23
2016-11-30,50.45,50.47,48.98,49.44
2016-12-01,53.7,53.94,50.91,51.06
2016-12-02,54.49,54.46,51.68,51.68
2016-12-05,54.19,54.94,50.95,51.79
2016-12-06,53.89,53.93,50.91,50.93
2016-12-07,53.02,53.0,49.84,49.77
2016-12-08,53.98,53.89,50.96,50.84
2016-12-09,54.36,54.33,51.48,51.5
2016-12-12,55.45,55.69,52.44,52.83
2016-12-13,55.23,55.72,52.46,52.98
2016-12-14,53.72,53.9,50.77,51.04
2016-12-15,54.23,54.02,51.07,50.9
2016-12-16,55.33,55.21,52.03,51.9
2016-12-19,55.07,54.92,52.12,52.12
2016-12-20,55.54,55.35,52.22,52.23
2016-12-21,54.53,54.46,52.51,52.49
2016-12-22,54.9,55.05,52.65,52.95
2016-12-23,55.08,55.16,53.25,53.02
2016-12-27,56.23,56.09,53.89,53.9
2016-12-28,55.93,56.22,53.66,54.06
2016-12-29,56.14,56.14,53.85,53.77
2016-12-30,56.75,56.82,53.89,53.72
2017-01-02,,56.82,,
2017-01-03,55.56,55.47,52.47,52.33
2017-01-04,56.47,56.46,53.35,53.26
2017-01-05,56.9,56.89,53.76,53.76
2017-01-06,56.75,57.1,53.7,53.99
2017-01-09,54.82,54.94,51.79,51.96
2017-01-10,53.63,53.64,50.78,50.82
2017-01-11,55.33,55.1,52.37,52.25
2017-01-12,56.11,56.01,53.03,53.01
2017-01-13,55.59,55.45,52.52,52.37
2017-01-16,55.68,55.86,,
2017-01-17,55.47,55.47,52.53,52.48
2017-01-18,54.25,53.92,51.39,51.08
2017-01-19,54.21,54.16,51.41,51.37
2017-01-20,55.49,55.49,52.33,52.42
2017-01-23,55.37,55.23,52.83,52.75
2017-01-24,55.16,55.44,52.94,53.18
2017-01-25,55.29,55.08,52.94,52.75
2017-01-26,56.18,56.24,53.71,53.78
2017-01-27,55.46,55.52,53.2,53.17
2017-01-30,55.25,55.23,52.57,52.63
2017-01-31,55.68,55.7,52.8,52.81
2017-02-01,56.59,56.8,53.55,53.88
2017-02-02,56.74,56.56,53.64,53.54
2017-02-03,56.72,56.81,53.85,53.83
2017-02-06,55.89,55.72,53.1,53.01
2017-02-07,54.66,55.05,51.7,52.17
2017-02-08,55.16,55.12,52.38,52.34
2017-02-09,55.74,55.63,53.14,53.0
2017-02-10,56.61,56.7,53.85,53.86
2017-02-13,55.66,55.59,52.87,52.93
2017-02-14,55.8,55.97,53.03,53.2
2017-02-15,55.69,55.75,52.98,53.11
2017-02-16,55.81,55.65,53.46,53.36
2017-02-17,55.72,55.81,53.37,53.4
2017-02-20,56.15,56.18,,
2017-02-21,56.67,56.66,54.02,54.06
2017-02-22,56.19,55.84,53.87,53.59
2017-02-23,56.47,56.58,54.36,54.45
2017-02-24,56.04,55.99,54.02,53.99
2017-02-27,55.86,55.93,54.04,54.05
2017-02-28,55.56,55.59,54.0,54.01
2017-03-01,56.28,56.36,53.67,53.83
2017-03-02,55.03,55.08,52.56,52.61
2017-03-03,55.71,55.9,53.2,53.33
2017-03-06,55.94,56.01,53.18,53.2
2017-03-07,55.6,55.92,52.79,53.14
2017-03-08,53.16,53.11,50.2,50.28
2017-03-09,52.38,52.19,49.62,49.28
2017-03-10,51.27,51.37,48.39,48.49
2017-03-13,51.33,51.35,48.47,48.4
2017-03-14,51.84,50.92,48.5,47.72
2017-03-15,52.0,51.81,48.96,48.86
2017-03-16,51.74,51.74,48.77,48.75
2017-03-17,51.67,51.76,48.72,48.78
2017-03-20,51.72,51.62,48.17,48.22
2017-03-21,50.85,50.96,47.5,47.34
2017-03-22,50.68,50.64,48.16,48.04
2017-03-23,50.51,50.56,47.67,47.7
2017-03-24,50.97,50.8,48.14,47.97
2017-03-27,50.79,50.75,47.85,47.73
2017-03-28,51.35,51.33,48.44,48.37
2017-03-29,52.44,52.42,49.6,49.51
2017-03-30,52.93,52.96,50.33,50.35
2017-03-31,52.74,52.83,50.85,50.6
2017-04-03,53.1,53.12,50.25,50.24
2017-04-04,54.26,54.17,51.13,51.03
2017-04-05,54.01,54.36,50.82,51.15
2017-04-06,54.9,54.89,51.74,51.7
2017-04-07,55.26,55.24,52.29,52.24
2017-04-10,56.0,55.98,53.15,53.08
2017-04-11,56.29,56.23,53.4,53.4
2017-04-12,55.62,55.86,52.82,53.11
2017-04-13,55.64,55.89,52.91,53.18
2017-04-17,55.48,55.36,52.75,52.65
2017-04-18,54.82,54.89,52.35,52.41
2017-04-19,53.08,52.93,50.58,50.44
2017-04-20,52.99,52.99,50.26,50.27
2017-04-21,52.05,51.96,49.63,49.62
2017-04-24,51.61,51.6,49.21,49.23
2017-04-25,51.97,52.1,49.36,49.56
2017-04-26,51.5,51.82,49.21,49.62
2017-04-27,51.7,51.44,49.24,48.97
2017-04-28,51.71,51.73,49.19,49.33
2017-05-01,51.46,51.52,48.74,48.84
2017-05-02,51.13,50.46,48.08,47.66
2017-05-03,50.62,50.79,47.55,47.82
2017-05-04,48.35,48.38,45.49,45.52
2017-05-05,49.47,49.1,46.47,46.22
2017-05-08,49.45,49.34,46.5,46.43
2017-05-09,48.99,48.73,46.2,45.88
2017-05-10,50.28,50.22,47.34,47.33
2017-05-11,50.77,50.77,47.82,47.83
2017-05-12,50.91,50.84,47.82,47.84
2017-05-15,51.8,51.82,48.82,48.85
2017-05-16,51.23,51.65,48.23,48.66
2017-05-17,52.09,52.21,48.96,49.07
2017-05-18,52.5,52.51,49.34,49.35
2017-05-19,53.8,53.61,50.53,50.33
2017-05-22,53.74,53.87,50.81,50.73
2017-05-23,54.16,54.15,51.49,51.47
2017-05-24,53.86,53.96,51.3,51.36
2017-05-25,51.33,51.46,48.71,48.9
2017-05-26,52.23,52.15,49.87,49.8
2017-05-29,52.25,52.29,,
2017-05-30,51.8,51.84,49.65,49.66
2017-05-31,50.29,50.31,48.63,48.32
2017-06-01,50.4,50.63,48.03,48.36
2017-06-02,49.95,49.95,47.74,47.66
2017-06-05,49.48,49.47,47.39,47.4
2017-06-06,49.97,50.12,47.98,48.19
2017-06-07,48.2,48.06,45.78,45.72
2017-06-08,47.87,47.86,45.71,45.64
2017-06-09,48.3,48.15,45.9,45.83
2017-06-12,48.27,48.29,46.0,46.08
2017-06-13,48.23,48.72,45.95,46.46
2017-06-14,46.9,47.0,44.68,44.73
2017-06-15,46.79,46.92,44.24,44.46
2017-06-16,47.29,47.37,44.68,44.74
2017-06-19,46.81,46.91,44.1,44.2
2017-06-20,45.84,46.02,43.34,43.23
2017-06-21,44.78,44.82,42.53,42.53
2017-06-22,45.29,45.22,42.78,42.74
2017-06-23,45.61,45.54,43.17,43.01
2017-06-26,45.94,45.83,43.49,43.38
2017-06-27,46.18,46.65,43.72,44.24
2017-06-28,47.44,47.31,44.88,44.74
2017-06-29,47.28,47.42,44.87,44.93
2017-06-30,47.9,47.92,46.33,46.04
2017-07-03,49.6,49.68,47.05,47.07
2017-07-04,49.68,49.61,,
2017-07-05,48.34,47.79,45.61,45.13
2017-07-06,47.99,48.11,45.33,45.52
2017-07-07,46.88,46.71,44.33,44.23
2017-07-10,46.99,46.88,44.55,44.4
2017-07-11,48.1,47.52,45.76,45.04
2017-07-12,47.71,47.74,45.46,45.49
2017-07-13,48.37,48.42,46.1,46.08
2017-07-14,49.09,48.91,46.68,46.54
2017-07-17,48.37,48.42,46.0,46.02
2017-07-18,48.7,48.84,46.25,46.4
2017-07-19,49.57,49.7,47.09,47.12
2017-07-20,49.28,49.3,46.73,46.79
2017-07-21,47.93,48.06,45.6,45.77
2017-07-24,48.71,48.6,46.48,46.34
2017-07-25,50.69,50.2,48.55,47.89
2017-07-26,50.89,50.97,48.72,48.75
2017-07-27,51.6,51.49,49.15,49.04
2017-07-28,52.63,52.52,49.79,49.71
2017-07-31,52.62,52.65,50.17,50.17
2017-08-01,51.47,51.78,48.79,49.16
2017-08-02,52.29,52.36,49.61,49.59
2017-08-03,51.93,52.01,48.93,49.03
2017-08-04,52.46,52.42,49.52,49.58
2017-08-07,52.3,52.37,49.31,49.39
2017-08-08,51.99,52.14,48.96,49.17
2017-08-09,52.82,52.7,49.7,49.56
2017-08-10,51.82,51.9,48.51,48.59
2017-08-11,52.05,52.1,48.79,48.82
2017-08-14,50.62,50.73,47.5,47.59
2017-08-15,51.0,50.8,47.71,47.55
2017-08-16,50.4,50.27,46.77,46.78
2017-08-17,50.8,51.03,46.93,47.09
2017-08-18,52.86,52.72,48.73,48.51
2017-08-21,51.7,51.66,47.4,47.37
2017-08-22,51.67,51.87,47.65,47.64
2017-08-23,52.52,52.57,48.37,48.41
2017-08-24,52.13,52.04,47.62,47.43
2017-08-25,52.35,52.41,47.86,47.87
2017-08-28,52.05,51.89,46.81,46.57
2017-08-29,51.95,52.0,46.32,46.44
2017-08-30,50.82,50.86,45.97,45.96
2017-08-31,52.31,52.38,47.09,47.23
2017-09-01,52.69,52.75,47.35,47.29
2017-09-04,52.2,52.34,,
2017-09-05,53.19,53.38,48.62,48.66
2017-09-06,54.17,54.2,49.15,49.16
2017-09-07,54.5,54.49,49.11,49.09
2017-09-08,53.75,53.78,47.56,47.48
2017-09-11,53.93,53.84,48.1,48.07
2017-09-12,54.28,54.27,48.37,48.23
2017-09-13,55.08,55.16,49.32,49.3
2017-09-14,55.28,55.47,49.72,49.89
2017-09-15,55.48,55.62,49.83,49.89
2017-09-18,55.44,55.48,49.93,49.91
2017-09-19,55.4,55.14,49.86,49.48
2017-09-20,56.18,56.29,50.29,50.41
2017-09-21,56.45,56.43,50.74,50.55
2017-09-22,56.9,56.86,50.66,50.66
2017-09-25,59.12,59.02,52.13,52.22
2017-09-26,58.59,58.44,52.09,51.88
2017-09-27,57.65,57.9,52.03,52.14
2017-09-28,57.54,57.41,51.59,51.56
2017-09-29,57.51,57.54,51.64,51.67
2017-10-02,56.07,56.12,50.57,50.58
2017-10-03,55.72,56.0,50.18,50.42
2017-10-04,55.74,55.8,49.9,49.98
2017-10-05,56.99,57.0,50.75,50.79
2017-10-06,55.68,55.62,49.25,49.29
2017-10-09,55.77,55.79,49.56,49.58
2017-10-10,56.55,56.61,50.94,50.92
2017-10-11,56.67,56.94,51.02,51.3
2017-10-12,56.4,56.25,50.74,50.6
2017-10-13,57.2,57.17,51.42,51.45
2017-10-16,57.92,57.82,51.92,51.87
2017-10-17,58.11,57.88,51.94,51.88
2017-10-18,58.2,58.15,52.03,52.04
2017-10-19,57.33,57.23,51.4,51.29
2017-10-20,57.94,57.75,51.66,51.47
2017-10-23,57.33,57.37,51.86,51.9
2017-10-24,58.53,58.33,52.53,52.47
2017-10-25,58.44,58.44,52.17,52.18
2017-10-26,59.48,59.3,52.82,52.64
2017-10-27,60.5,60.44,54.19,53.9
2017-10-30,60.87,60.9,54.12,54.15
2017-10-31,61.32,61.37,54.64,54.38
2017-11-01,60.44,60.49,54.27,54.3
2017-11-02,60.7,60.62,54.74,54.54
2017-11-03,62.09,62.07,55.7,55.64
2017-11-06,64.11,64.27,57.24,57.35
2017-11-07,63.54,63.69,56.94,57.2
2017-11-08,63.49,63.49,56.82,56.81
2017-11-09,63.81,63.93,57.03,57.17
2017-11-10,63.6,63.52,56.9,56.74
2017-11-13,63.13,63.16,56.73,56.76
2017-11-14,61.52,62.21,55.0,55.7
2017-11-15,61.84,61.87,55.31,55.33
2017-11-16,61.37,61.36,55.26,55.14
2017-11-17,62.72,62.72,56.68,56.55
2017-11-20,62.15,62.22,56.23,56.09
2017-11-21,62.76,62.57,57.1,56.83
2017-11-22,63.29,63.32,58.06,58.02
2017-11-23,63.42,63.55,,
2017-11-24,63.73,63.86,58.97,58.95
2017-11-27,63.76,63.84,57.85,58.11
2017-11-28,63.37,63.61,57.75,57.99
2017-11-29,63.35,63.11,57.39,57.3
2017-11-30,63.57,63.57,57.42,57.4
2017-12-01,63.7,63.73,58.29,58.36
2017-12-04,62.47,62.45,57.44,57.47
2017-12-05,62.68,62.86,57.48,57.62
2017-12-06,61.2,61.22,55.97,55.96
2017-12-07,62.1,62.2,56.62,56.69
2017-12-08,63.39,63.4,57.34,57.36
2017-12-11,64.75,64.69,58.02,57.99
2017-12-12,63.86,63.34,57.45,57.14
2017-12-13,62.78,62.44,56.67,56.6
2017-12-14,63.39,63.31,57.17,57.04
2017-12-15,63.25,63.23,57.36,57.3
2017-12-18,63.39,63.41,57.29,57.16
2017-12-19,63.88,63.8,57.49,57.46
2017-12-20,64.5,64.56,58.03,58.09
2017-12-21,64.64,64.9,58.23,58.36
2017-12-22,65.04,65.25,58.35,58.47
2017-12-26,66.79,67.02,59.8,59.97
2017-12-27,66.37,66.44,59.59,59.64
2017-12-28,66.57,66.72,59.89,59.84
2017-12-29,66.62,66.87,60.1,60.42
2018-01-02,66.55,66.57,60.37,60.37
2018-01-03,67.98,67.84,61.93,61.63
2018-01-04,68.06,68.07,61.89,62.01
2018-01-05,67.79,67.62,61.59,61.44
2018-01-08,67.92,67.78,61.9,61.73
2018-01-09,69.16,68.82,63.48,62.96
2018-01-10,69.1,69.2,63.5,63.57
2018-01-11,69.11,69.26,63.55,63.8
2018-01-12,69.81,69.87,64.4,64.3
2018-01-15,70.22,70.26,,
2018-01-16,69.32,69.15,63.88,63.73
2018-01-17,69.45,69.38,64.09,63.97
2018-01-18,69.14,69.31,63.72,63.95
2018-01-19,68.65,68.61,63.57,63.37
2018-01-22,69.24,69.03,63.66,63.49
2018-01-23,69.84,69.96,64.47,64.47
2018-01-24,70.75,70.53,65.88,65.61
2018-01-25,70.04,70.42,65.23,65.51
2018-01-26,70.29,70.52,66.24,66.14
2018-01-29,69.41,69.46,65.52,65.56
2018-01-30,68.61,69.02,63.99,64.5
2018-01-31,69.06,69.05,64.77,64.73
2018-02-01,69.78,69.65,65.98,65.8
2018-02-02,68.23,68.58,65.06,65.45
2018-02-05,66.91,67.62,63.43,64.15
2018-02-06,67.22,66.86,63.92,63.39
2018-02-07,65.35,65.51,61.73,61.79
2018-02-08,64.31,64.81,60.42,61.15
2018-02-09,62.71,62.79,59.05,59.2
2018-02-12,62.66,62.59,59.38,59.29
2018-02-13,62.61,62.72,58.95,59.19
2018-02-14,64.35,64.36,60.74,60.6
2018-02-15,64.53,64.33,61.42,61.34
2018-02-16,64.9,64.84,61.61,61.68
2018-02-19,65.62,65.67,,
2018-02-20,65.11,65.25,61.77,61.9
2018-02-21,65.08,65.42,61.34,61.68
2018-02-22,66.18,66.39,62.65,62.77
2018-02-23,67.1,67.31,63.57,63.55
2018-02-26,67.53,67.5,64.0,63.91
2018-02-27,66.41,66.63,62.84,63.01
2018-02-28,65.76,65.78,61.55,61.64
2018-03-01,64.2,63.83,61.34,60.99
2018-03-02,64.56,64.37,61.45,61.25
2018-03-05,65.56,65.54,62.61,62.57
2018-03-06,65.53,65.79,62.36,62.6
2018-03-07,64.58,64.34,61.35,61.15
2018-03-08,63.87,63.61,60.33,60.12
2018-03-09,65.49,65.49,62.12,62.04
2018-03-12,64.95,64.95,61.38,61.36
2018-03-13,64.73,64.64,60.85,60.71
2018-03-14,64.9,64.89,60.93,60.96
2018-03-15,65.01,65.12,61.19,61.19
2018-03-16,65.99,66.21,62.25,62.34
2018-03-19,66.1,66.05,62.16,62.06
2018-03-20,67.59,67.42,63.42,63.4
2018-03-21,69.82,69.47,65.49,65.17
2018-03-22,68.84,68.91,64.21,64.3
2018-03-23,70.36,70.45,65.74,65.88
2018-03-26,70.11,70.12,65.49,65.55
2018-03-27,69.54,70.11,64.66,65.25
2018-03-28,69.81,69.53,64.67,64.38
2018-03-29,70.22,70.27,64.91,64.94
2018-04-02,67.57,67.64,62.85,63.01
2018-04-03,68.18,68.12,63.57,63.51
2018-04-04,68.28,68.02,63.56,63.37
2018-04-05,68.5,68.33,63.73,63.54
2018-04-06,66.93,67.11,61.95,62.06
2018-04-09,68.6,68.65,63.29,63.42
2018-04-10,71.04,71.04,65.58,65.51
2018-04-11,71.95,72.06,66.74,66.82
2018-04-12,72.2,72.02,67.16,67.07
2018-04-13,72.62,72.58,67.39,67.39
2018-04-16,71.57,71.42,66.34,66.22
2018-04-17,71.7,71.58,66.67,66.52
2018-04-18,73.79,73.48,68.75,68.47
2018-04-19,73.6,73.78,68.15,68.29
2018-04-20,73.71,74.06,68.26,68.38
2018-04-23,75.02,74.71,68.92,68.64
2018-04-24,73.86,73.86,67.72,67.7
2018-04-25,74.06,74.0,68.01,68.05
2018-04-26,74.75,74.74,68.16,68.19
2018-04-27,74.44,74.64,67.97,68.1
2018-04-30,75.16,75.17,68.57,68.57
2018-05-01,73.38,73.13,67.5,67.25
2018-05-02,73.07,73.36,67.68,67.93
2018-05-03,73.68,73.62,68.5,68.43
2018-05-04,75.0,74.87,69.79,69.72
2018-05-07,75.56,76.17,70.0,70.73
2018-05-08,75.95,74.85,70.04,69.06
2018-05-09,77.38,77.21,71.24,71.14
2018-05-10,77.53,77.47,71.4,71.36
2018-05-11,77.18,77.12,70.51,70.7
2018-05-14,78.52,78.23,71.17,70.96
2018-05-15,78.13,78.43,71.0,71.31
2018-05-16,79.33,79.28,71.54,71.49
2018-05-17,79.57,79.3,71.59,71.49
2018-05-18,78.71,78.51,71.35,71.28
2018-05-21,79.41,79.22,72.57,72.24
2018-05-22,79.45,79.57,72.09,72.13
2018-05-23,79.71,79.8,71.83,71.84
2018-05-24,78.82,78.79,70.67,70.71
2018-05-25,76.33,76.44,67.5,67.88
2018-05-28,75.32,75.3,,
2018-05-29,75.44,75.39,66.87,66.73
2018-05-30,77.48,77.5,68.23,68.21
2018-05-31,77.59,77.59,67.1,67.04
2018-06-01,76.71,76.79,65.71,65.81
2018-06-04,75.37,75.29,64.88,64.75
2018-06-05,74.96,75.38,65.53,65.52
2018-06-06,75.86,75.36,65.01,64.73
2018-06-07,77.44,77.32,65.95,65.95
2018-06-08,76.34,76.46,65.56,65.74
2018-06-11,76.36,76.46,66.07,66.1
2018-06-12,75.43,75.88,66.04,66.36
2018-06-13,76.56,76.74,66.62,66.64
2018-06-14,75.9,75.94,67.0,66.89
2018-06-15,73.0,73.44,64.38,65.06
2018-06-18,75.46,75.34,65.83,65.85
2018-06-19,75.07,75.08,65.06,65.07
2018-06-20,74.3,74.74,65.91,66.22
2018-06-21,73.4,73.05,65.8,65.54
2018-06-22,75.53,75.55,69.28,68.58
2018-06-25,74.75,74.73,68.19,68.08
2018-06-26,76.57,76.31,70.68,70.53
2018-06-27,77.28,77.62,72.3,72.76
2018-06-28,77.76,77.85,73.28,73.45
2018-06-29,79.42,79.44,74.25,74.15
2018-07-02,77.49,77.3,74.06,73.94
2018-07-03,77.88,77.76,74.28,74.14
2018-07-04,78.16,78.24,,
2018-07-05,77.54,77.39,73.12,72.94
2018-07-06,77.29,77.11,73.92,73.8
2018-07-09,78.18,78.07,74.01,73.85
2018-07-10,78.86,78.86,74.21,74.11
2018-07-11,74.17,73.4,70.61,70.38
2018-07-12,74.53,74.45,70.35,70.33
2018-07-13,74.92,75.33,70.58,71.01
2018-07-16,71.87,71.84,68.0,68.06
2018-07-17,71.6,72.16,67.61,68.08
2018-07-18,73.06,72.9,68.98,68.76
2018-07-19,72.62,72.58,69.44,69.46
2018-07-20,73.0,73.07,70.31,70.46
2018-07-23,72.93,73.06,67.8,67.89
2018-07-24,73.75,73.44,68.76,68.52
2018-07-25,74.41,73.93,69.26,69.3
2018-07-26,74.5,74.54,69.54,69.61
2018-07-27,74.39,74.29,69.04,68.69
2018-07-30,74.71,74.97,70.09,70.13
2018-07-31,74.25,74.25,68.43,68.76
2018-08-01,72.62,72.39,67.85,67.66
2018-08-02,73.39,73.45,68.99,68.96
2018-08-03,73.42,73.21,68.68,68.49
2018-08-06,73.67,73.75,68.9,69.01
2018-08-07,74.46,74.65,69.09,69.17
2018-08-08,72.23,72.28,66.78,66.94
2018-08-09,72.03,72.07,66.7,66.81
2018-08-10,72.96,72.81,67.75,67.63
2018-08-13,72.83,72.61,67.41,67.2
2018-08-14,72.16,72.46,66.63,67.04
2018-08-15,70.81,70.76,64.9,65.01
2018-08-16,71.43,71.43,65.45,65.46
2018-08-17,71.86,71.83,65.92,65.91
2018-08-20,72.1,72.21,66.6,66.43
2018-08-21,72.82,72.63,67.32,67.35
2018-08-22,74.92,74.78,68.11,67.86
2018-08-23,74.71,74.73,67.84,67.83
2018-08-24,75.43,75.82,68.52,68.72
2018-08-27,76.25,76.21,68.92,68.87
2018-08-28,75.92,75.95,68.53,68.53
2018-08-29,77.39,77.14,69.7,69.51
2018-08-30,77.52,77.77,70.05,70.25
2018-08-31,77.45,77.42,69.88,69.8
2018-09-03,78.01,78.15,,
2018-09-04,77.86,78.17,69.37,69.87
2018-09-05,77.12,77.27,68.64,68.72
2018-09-06,76.63,76.5,67.89,67.77
2018-09-07,77.1,76.83,67.86,67.75
2018-09-10,77.36,77.37,67.53,67.54
2018-09-11,79.5,79.06,69.91,69.25
2018-09-12,79.75,79.74,70.3,70.37
2018-09-13,78.43,78.18,68.81,68.59
2018-09-14,78.1,78.09,68.98,68.99
2018-09-17,78.0,78.05,68.77,68.91
2018-09-18,78.9,79.03,69.75,69.85
2018-09-19,79.34,79.4,71.44,71.12
2018-09-20,78.71,78.7,70.77,70.8
2018-09-21,78.77,78.8,70.71,70.78
2018-09-24,81.39,81.2,72.27,72.08
2018-09-25,81.5,81.87,72.08,72.28
2018-09-26,81.75,81.34,72.04,71.57
2018-09-27,81.68,81.72,72.19,72.12
2018-09-28,82.69,82.72,73.56,73.25
2018-10-01,84.95,84.98,75.47,75.3
2018-10-02,84.64,84.8,75.04,75.23
2018-10-03,86.1,86.29,76.22,76.41
2018-10-04,84.88,84.58,74.63,74.33
2018-10-05,84.11,84.16,74.29,74.34
2018-10-08,83.76,83.91,74.22,74.29
2018-10-09,84.86,85.0,74.67,74.96
2018-10-10,82.6,83.09,72.63,73.17
2018-10-11,80.36,80.26,70.99,70.97
2018-10-12,80.6,80.43,71.51,71.34
2018-10-15,80.76,80.78,71.72,71.78
2018-10-16,81.56,81.41,72.17,71.92
2018-10-17,80.36,80.05,70.05,69.75
2018-10-18,79.35,79.29,68.65,68.65
2018-10-19,80.02,79.78,69.37,69.12
2018-10-22,79.98,79.83,69.25,69.17
2018-10-23,76.24,76.44,66.09,66.43
2018-10-24,75.68,76.17,66.39,66.82
2018-10-25,76.73,76.89,66.98,67.33
2018-10-26,77.73,77.62,67.62,67.59
2018-10-29,76.86,77.34,66.69,67.04
2018-10-30,76.04,75.91,66.35,66.18
2018-10-31,75.46,75.47,64.86,65.31
2018-11-01,72.75,72.89,63.54,63.69
2018-11-02,72.62,72.83,62.86,63.14
2018-11-05,72.71,73.17,62.69,63.1
2018-11-06,71.65,72.13,61.77,62.21
2018-11-07,72.0,72.07,61.59,61.67
2018-11-08,70.96,70.65,60.77,60.67
2018-11-09,69.88,70.18,59.87,60.19
2018-11-12,68.97,70.12,58.86,59.93
2018-11-13,65.35,65.47,55.28,55.69
2018-11-14,65.86,66.12,56.0,56.25
2018-11-15,66.63,66.62,56.56,56.46
2018-11-16,67.1,66.76,56.83,56.46
2018-11-19,67.01,66.79,57.17,56.76
2018-11-20,62.44,62.53,53.39,53.43
2018-11-21,63.46,63.48,54.64,54.63
2018-11-22,62.52,62.6,,
2018-11-23,59.19,58.8,50.39,50.42
2018-11-26,60.41,60.48,51.6,51.63
2018-11-27,60.88,60.21,52.09,51.56
2018-11-28,58.61,58.76,50.31,50.29
2018-11-29,59.26,59.51,51.26,51.45
2018-11-30,58.68,58.71,50.72,50.93
2018-12-03,61.9,61.69,53.08,52.95
2018-12-04,61.31,62.08,52.61,53.25
2018-12-05,61.61,61.56,52.92,52.89
2018-12-06,60.31,60.06,51.71,51.49
2018-12-07,61.4,61.67,52.13,52.61
2018-12-10,59.81,59.97,50.89,51.0
2018-12-11,60.46,60.2,51.96,51.65
2018-12-12,60.18,60.15,51.2,51.15
2018-12-13,61.71,61.45,52.85,52.58
2018-12-14,60.25,60.28,51.23,51.2
2018-12-17,58.66,59.61,49.16,49.88
2018-12-18,56.08,56.26,45.91,46.24
2018-12-19,56.55,57.24,47.96,47.2
2018-12-20,54.7,54.35,46.22,45.88
2018-12-21,53.5,53.82,45.42,45.59
2018-12-24,50.49,50.47,42.68,42.53
2018-12-26,54.86,54.47,46.61,46.22
2018-12-27,53.0,52.16,45.41,44.61
2018-12-28,52.23,52.2,45.12,45.33
2018-12-31,54.15,53.8,45.81,45.41
2019-01-02,54.68,54.91,46.33,46.54
2019-01-03,55.55,55.95,46.83,47.09
2019-01-04,57.42,57.06,48.31,47.96
2019-01-07,57.57,57.33,48.77,48.52
2019-01-08,58.59,58.72,49.79,49.78
2019-01-09,61.34,61.44,52.16,52.36
2019-01-10,61.18,61.68,52.32,52.59
2019-01-11,60.59,60.48,51.7,51.59
2019-01-14,59.32,58.99,50.78,50.51
2019-01-15,60.53,60.64,51.99,52.11
2019-01-16,61.3,61.32,52.32,52.31
2019-01-17,61.15,61.18,52.21,52.07
2019-01-18,62.58,62.7,53.76,53.8
2019-01-21,62.81,62.74,,
2019-01-22,61.61,61.5,52.77,52.57
2019-01-23,60.99,61.14,52.43,52.62
2019-01-24,61.19,61.09,53.18,53.13
2019-01-25,61.51,61.64,53.55,53.69
2019-01-28,60.09,59.93,52.09,51.99
2019-01-29,61.21,61.32,53.24,53.31
2019-01-30,61.75,61.65,54.22,54.23
2019-01-31,61.9,61.89,54.02,53.79
2019-02-01,62.9,62.75,55.37,55.26
2019-02-04,62.82,62.51,54.84,54.56
2019-02-05,62.11,61.98,53.72,53.66
2019-02-06,62.55,62.69,53.9,54.01
2019-02-07,61.68,61.63,52.61,52.64
2019-02-08,61.97,62.1,52.71,52.72
2019-02-11,61.58,61.51,52.45,52.41
2019-02-12,62.61,62.42,53.34,53.1
2019-02-13,63.6,63.61,53.95,53.9
2019-02-14,64.56,64.57,54.47,54.41
2019-02-15,64.88,66.25,55.79,55.59
2019-02-18,66.5,66.5,,
2019-02-19,66.44,66.45,56.09,56.09
2019-02-20,67.18,67.08,56.9,56.92
2019-02-21,66.94,67.07,56.84,56.96
2019-02-22,66.91,67.12,57.07,57.26
2019-02-25,64.76,64.76,55.43,55.48
2019-02-26,65.64,65.21,55.99,55.5
2019-02-27,66.23,66.39,56.98,56.94
2019-02-28,66.02,66.03,57.25,57.22
2019-03-01,65.0,65.07,55.75,55.8
2019-03-04,65.55,65.67,56.45,56.59
2019-03-05,65.57,65.86,56.28,56.56
2019-03-06,65.93,65.99,56.19,56.22
2019-03-07,66.09,66.3,56.4,56.66
2019-03-08,65.81,65.74,56.04,56.07
2019-03-11,66.63,66.58,56.77,56.79
2019-03-12,66.82,66.67,57.09,56.87
2019-03-13,67.64,67.55,58.34,58.26
2019-03-14,67.18,67.23,58.53,58.61
2019-03-15,67.02,67.16,58.39,58.52
2019-03-18,67.43,67.54,58.97,59.09
2019-03-19,67.71,67.61,59.08,59.03
2019-03-20,68.3,68.5,60.12,59.83
2019-03-21,67.74,67.86,59.87,59.98
2019-03-22,67.08,67.03,58.97,59.04
2019-03-25,67.3,67.21,59.08,58.82
2019-03-26,68.04,67.97,60.04,59.94
2019-03-27,67.83,67.83,59.4,59.41
2019-03-28,68.0,67.82,59.51,59.3
2019-03-29,68.39,68.39,60.18,60.14
2019-04-01,69.16,69.01,61.77,61.59
2019-04-02,69.57,69.37,62.59,62.58
2019-04-03,69.52,69.31,62.49,62.46
2019-04-04,69.31,69.4,62.18,62.1
2019-04-05,70.48,70.34,63.26,63.08
2019-04-08,71.1,71.1,64.46,64.4
2019-04-09,70.83,70.61,64.22,63.98
2019-04-10,71.57,71.73,64.47,64.61
2019-04-11,70.98,70.83,63.71,63.58
2019-04-12,71.55,71.55,63.76,63.89
2019-04-15,71.3,71.18,63.57,63.4
2019-04-16,71.86,71.72,64.33,64.05
2019-04-17,71.64,71.62,63.75,63.76
2019-04-18,72.01,71.97,64.0,64.0
2019-04-22,74.25,74.04,65.66,65.7
2019-04-23,74.36,74.51,66.18,66.3
2019-04-24,74.48,74.57,65.78,65.89
2019-04-25,74.33,74.35,65.11,65.21
2019-04-26,71.57,72.15,62.8,63.3
2019-04-29,71.96,72.04,63.61,63.5
2019-04-30,72.78,72.8,63.47,63.91
2019-05-01,72.05,72.18,63.62,63.6
2019-05-02,70.35,70.75,61.54,61.81
2019-05-03,70.78,70.85,61.86,61.94
2019-05-06,70.98,71.24,62.54,62.25
2019-05-07,69.87,69.88,61.44,61.4
2019-05-08,70.32,70.37,61.99,62.12
2019-05-09,70.32,70.39,61.6,61.7
2019-05-10,70.86,70.62,61.71,61.66
2019-05-13,69.95,70.23,60.84,61.04
2019-05-14,70.99,71.24,61.34,61.78
2019-05-15,71.95,71.77,62.13,62.02
2019-05-16,72.77,72.62,63.14,62.87
2019-05-17,72.17,72.21,62.71,62.76
2019-05-20,72.06,71.97,63.18,63.1
2019-05-21,72.04,72.18,63.02,62.99
2019-05-22,70.91,70.99,61.32,61.42
2019-05-23,68.0,67.76,58.19,57.91
2019-05-24,69.26,68.69,59.02,58.63
2019-05-27,70.01,70.11,,
2019-05-28,70.16,70.11,59.06,59.14
2019-05-29,69.74,69.45,59.06,58.81
2019-05-30,66.65,66.87,56.41,56.59
2019-05-31,64.47,64.49,53.36,53.5
2019-06-03,60.9,61.28,52.85,53.25
2019-06-04,61.4,61.97,52.95,53.48
2019-06-05,60.5,60.63,51.69,51.68
2019-06-06,62.23,61.67,53.18,52.59
2019-06-07,63.24,63.29,54.04,53.99
2019-06-10,62.32,62.29,53.42,53.26
2019-06-11,62.06,62.29,53.05,53.27
2019-06-12,59.78,59.97,51.08,51.14
2019-06-13,61.35,61.31,52.2,52.28
2019-06-14,62.04,62.01,52.51,52.51
2019-06-17,60.93,60.94,51.92,51.93
2019-06-18,62.31,62.14,54.08,53.9
2019-06-19,62.27,61.82,54.14,53.76
2019-06-20,64.7,64.45,56.88,56.65
2019-06-21,65.35,65.2,57.6,57.43
2019-06-24,64.78,64.86,57.75,57.9
2019-06-25,65.84,65.05,58.77,57.83
2019-06-26,66.36,66.49,59.21,59.38
2019-06-27,66.33,66.55,59.28,59.43
2019-06-28,66.51,66.55,58.2,58.47
2019-07-01,65.22,65.06,59.19,59.09
2019-07-02,62.82,62.4,56.32,56.25
2019-07-03,63.86,63.82,57.4,57.34
2019-07-04,63.18,63.3,,
2019-07-05,64.44,64.23,57.73,57.51
2019-07-08,63.89,64.11,57.57,57.66
2019-07-09,64.54,64.16,58.34,57.83
2019-07-10,66.72,67.01,60.27,60.43
2019-07-11,66.81,66.52,60.43,60.2
2019-07-12,67.0,66.72,60.39,60.21
2019-07-15,66.19,66.48,59.31,59.58
2019-07-16,64.4,64.35,57.48,57.62
2019-07-17,63.6,63.66,56.58,56.78
2019-07-18,62.59,61.93,55.63,55.3
2019-07-19,62.65,62.47,55.74,55.63
2019-07-22,63.3,63.26,56.09,56.22
2019-07-23,64.21,63.83,57.17,56.77
2019-07-24,63.13,63.18,55.9,55.88
2019-07-25,63.08,63.39,55.91,56.02
2019-07-26,63.39,63.46,56.16,56.2
2019-07-29,63.82,63.71,57.05,56.87
2019-07-30,64.99,64.72,58.34,58.05
2019-07-31,65.18,65.17,57.89,58.58
2019-08-01,61.05,60.5,54.49,53.95
2019-08-02,61.17,61.89,55.19,55.66
2019-08-05,60.05,59.81,55.01,54.69
2019-08-06,58.63,58.94,53.46,53.63
2019-08-07,57.44,56.23,52.31,51.09
2019-08-08,57.75,57.38,52.92,52.54
2019-08-09,58.42,58.53,54.27,54.5
2019-08-12,58.37,58.57,54.78,54.93
2019-08-13,60.91,61.3,56.73,57.1
2019-08-14,58.99,59.48,54.95,55.23
2019-08-15,58.4,58.23,54.7,54.47
2019-08-16,58.64,58.64,54.94,54.87
2019-08-19,59.74,59.74,56.17,56.21
2019-08-20,60.05,60.03,56.18,56.34
2019-08-21,60.38,60.3,55.85,55.68
2019-08-22,60.05,59.92,55.39,55.35
2019-08-23,58.94,59.34,53.97,54.17
2019-08-26,58.87,58.7,53.8,53.64
2019-08-27,60.05,59.51,55.69,54.93
2019-08-28,60.43,60.49,55.9,55.78
2019-08-29,61.0,61.08,56.61,56.71
2019-08-30,60.43,60.43,55.16,55.1
2019-09-02,58.61,58.66,,
2019-09-03,58.27,58.26,53.93,53.94
2019-09-04,60.43,60.7,55.98,56.26
2019-09-05,60.8,60.95,56.17,56.3
2019-09-06,61.78,61.54,56.73,56.52
2019-09-09,62.71,62.59,58.05,57.85
2019-09-10,62.71,62.38,57.87,57.4
2019-09-11,61.02,60.81,55.97,55.75
2019-09-12,60.49,60.38,55.12,55.09
2019-09-13,60.25,60.22,54.82,54.85
2019-09-16,68.02,69.02,61.88,62.9
2019-09-17,64.16,64.55,58.81,59.34
2019-09-18,63.55,63.6,58.25,58.11
2019-09-19,64.8,64.4,58.68,58.13
2019-09-20,64.77,64.28,58.09,58.09
2019-09-23,64.38,64.77,58.49,58.64
2019-09-24,62.36,63.1,56.8,57.29
2019-09-25,62.52,62.39,56.66,56.49
2019-09-26,62.6,62.74,56.54,56.41
2019-09-27,61.91,61.91,56.18,55.91
2019-09-30,60.75,60.78,54.24,54.07
2019-10-01,59.2,58.89,53.98,53.62
2019-10-02,57.52,57.69,52.47,52.64
2019-10-03,57.61,57.71,52.31,52.45
2019-10-04,58.43,58.37,53.01,52.81
2019-10-07,58.44,58.35,52.8,52.75
2019-10-08,58.12,58.24,52.57,52.63
2019-10-09,58.32,58.32,52.65,52.59
2019-10-10,59.53,59.1,53.86,53.55
2019-10-11,60.68,60.51,54.91,54.7
2019-10-14,59.16,59.35,53.48,53.59
2019-10-15,58.9,58.74,52.91,52.81
2019-10-16,59.06,59.42,52.97,53.36
2019-10-17,59.85,59.91,54.1,53.93
2019-10-18,59.3,59.42,53.7,53.78
2019-10-21,59.08,58.96,53.46,53.31
2019-10-22,59.6,59.7,54.21,54.16
2019-10-23,61.12,61.17,55.88,55.97
2019-10-24,61.42,61.67,56.07,56.23
2019-10-25,62.03,62.02,56.63,56.66
2019-10-28,61.57,61.57,55.74,55.81
2019-10-29,61.6,61.59,55.5,55.54
2019-10-30,60.63,60.61,54.9,55.06
2019-10-31,60.21,60.23,54.14,54.18
2019-11-01,61.55,61.69,56.23,56.2
2019-11-04,62.11,62.13,56.52,56.54
2019-11-05,62.97,62.96,57.27,57.23
2019-11-06,61.79,61.74,56.39,56.35
2019-11-07,62.38,62.29,57.07,57.15
2019-11-08,62.61,62.51,57.44,57.24
2019-11-11,62.3,62.18,56.9,56.86
2019-11-12,62.0,62.06,56.78,56.8
2019-11-13,62.63,62.37,57.38,57.12
2019-11-14,62.41,62.28,56.9,56.77
2019-11-15,63.45,63.3,57.93,57.72
2019-11-18,62.29,62.44,56.88,57.05
2019-11-19,60.81,60.91,55.15,55.21
2019-11-20,62.44,62.4,56.91,57.11
2019-11-21,63.73,63.97,58.33,58.58
2019-11-22,63.5,63.39,57.93,57.77
2019-11-25,63.6,63.65,57.91,58.01
2019-11-26,64.08,64.27,58.32,58.41
2019-11-27,64.13,64.06,58.14,58.11
2019-11-28,63.92,63.87,,
2019-11-29,,62.43,55.42,55.17
2019-12-02,60.89,60.92,55.99,55.96
2019-12-03,61.16,60.82,56.32,56.1
2019-12-04,63.03,63.0,58.35,58.43
2019-12-05,63.28,63.39,58.33,58.43
2019-12-06,64.27,64.39,59.07,59.2
2019-12-09,64.04,64.25,58.91,59.02
2019-12-10,64.18,64.34,59.09,59.24
2019-12-11,63.95,63.72,58.8,58.76
2019-12-12,64.48,64.2,59.22,59.18
2019-12-13,64.99,65.22,59.78,60.07
2019-12-16,65.29,65.34,60.22,60.21
2019-12-17,65.79,66.1,60.54,60.94
2019-12-18,66.15,66.17,60.89,60.93
2019-12-19,66.56,66.54,61.3,61.22
2019-12-20,66.1,66.14,60.36,60.44
2019-12-23,66.59,66.39,60.64,60.52
2019-12-24,67.21,67.2,61.14,61.11
2019-12-26,67.95,67.92,61.75,61.68
2019-12-27,68.2,68.16,61.72,61.72
2019-12-30,68.4,68.44,61.66,61.68
2019-12-31,66.03,66.0,61.21,61.06
2020-01-02,66.34,66.25,61.18,61.18
2020-01-03,68.7,68.6,63.04,63.05
2020-01-06,68.55,68.91,62.83,63.27
2020-01-07,68.51,68.27,62.69,62.7
2020-01-08,65.77,65.44,59.98,59.61
2020-01-09,65.32,65.37,59.59,59.56
2020-01-10,65.1,64.98,59.12,59.04
2020-01-13,64.23,64.2,58.09,58.08
2020-01-14,64.46,64.49,58.14,58.23
2020-01-15,64.27,64.0,58.1,57.81
2020-01-16,64.67,64.62,58.59,58.52
2020-01-17,65.35,64.85,58.81,58.54
2020-01-20,65.22,65.2,,
2020-01-21,64.49,64.59,58.25,58.34
2020-01-22,62.66,63.21,56.08,56.74
2020-01-23,62.07,62.04,55.7,55.59
2020-01-24,60.56,60.69,54.2,54.19
2020-01-27,58.91,59.32,52.83,53.14
2020-01-28,60.03,59.51,53.98,53.48
2020-01-29,59.6,59.81,53.08,53.33
2020-01-30,59.18,58.29,52.95,52.14
2020-01-31,58.19,58.16,51.63,51.56
2020-02-03,54.2,54.45,49.91,50.11
2020-02-04,53.83,53.96,49.45,49.61
2020-02-05,55.58,55.28,51.17,50.75
2020-02-06,55.12,54.93,51.09,50.95
2020-02-07,54.5,54.47,50.34,50.32
2020-02-10,53.4,53.27,49.65,49.57
2020-02-11,54.25,54.01,49.95,49.94
2020-02-12,56.36,55.79,51.69,51.17
2020-02-13,56.46,56.34,51.52,51.42
2020-02-14,57.24,57.32,52.25,52.05
2020-02-17,57.54,57.67,,
2020-02-18,57.68,57.75,52.12,52.05
2020-02-19,59.34,59.12,53.56,53.29
2020-02-20,59.13,59.31,53.77,53.78
2020-02-21,58.36,58.5,53.46,53.38
2020-02-24,56.21,56.3,51.34,51.43
2020-02-25,54.87,54.95,50.1,49.9
2020-02-26,53.38,53.43,48.65,48.73
2020-02-27,51.36,52.18,46.34,47.09
2020-02-28,50.5,50.52,45.26,44.76
2020-03-02,53.06,51.9,47.52,46.75
2020-03-03,51.6,51.86,47.1,47.18
2020-03-04,51.51,51.13,47.2,46.78
2020-03-05,50.18,49.99,46.01,45.9
2020-03-06,45.5,45.27,41.57,41.28
2020-03-09,33.42,34.36,30.24,31.13
2020-03-10,37.78,37.22,34.85,34.36
2020-03-11,35.84,35.79,33.12,32.98
2020-03-12,32.76,33.22,30.99,31.5
2020-03-13,34.97,33.85,32.93,31.73
2020-03-16,29.84,30.05,28.69,28.7
2020-03-17,28.85,28.73,26.82,26.95
2020-03-18,26.42,24.88,22.39,20.37
2020-03-19,28.1,28.47,25.08,25.22
2020-03-20,27.21,26.98,19.84,22.43
2020-03-23,27.52,27.03,23.78,23.36
2020-03-24,27.71,27.15,24.33,24.01
2020-03-25,27.51,27.39,24.31,24.49
2020-03-26,26.87,26.34,23.18,22.6
2020-03-27,25.1,24.93,21.84,21.51
2020-03-30,22.71,22.76,20.28,20.09
2020-03-31,22.71,22.74,20.1,20.48
2020-04-01,25.6,24.74,21.2,20.31
2020-04-02,29.69,29.94,24.75,25.32
2020-04-03,34.65,34.11,29.0,28.34
2020-04-06,33.27,33.05,26.3,26.08
2020-04-07,32.4,31.87,24.26,23.63
2020-04-08,33.64,32.84,26.14,25.09
2020-04-09,32.03,31.48,23.19,22.76
2020-04-13,31.86,31.74,22.42,22.41
2020-04-14,30.09,29.6,20.82,20.11
2020-04-15,28.0,27.69,20.15,19.87
2020-04-16,28.5,27.82,19.75,19.87
2020-04-17,28.25,28.08,18.12,18.27
2020-04-20,26.13,25.57,-13.1,-37.63
2020-04-21,19.5,19.33,9.06,10.01
2020-04-22,20.88,20.37,14.23,13.78
2020-04-23,21.63,21.33,16.87,16.5
2020-04-24,21.8,21.44,17.18,16.94
2020-04-27,20.0,19.99,12.93,12.78
2020-04-28,20.98,20.46,13.27,12.34
2020-04-29,22.69,22.54,15.35,15.06
2020-04-30,25.39,25.27,19.09,18.84
2020-05-01,26.6,26.44,19.69,19.78
2020-05-04,27.97,27.2,21.18,20.39
2020-05-05,31.98,30.97,25.28,24.56
2020-05-06,29.84,29.72,24.09,23.99
2020-05-07,29.37,29.46,23.39,23.55
2020-05-08,30.86,30.97,24.63,24.74
2020-05-11,30.18,29.63,24.5,24.14
2020-05-12,29.47,29.98,25.34,25.78
2020-05-13,29.5,29.19,25.52,25.29
2020-05-14,31.45,31.13,27.71,27.56
2020-05-15,32.74,32.5,29.65,29.43
2020-05-18,35.57,34.81,32.74,31.82
2020-05-19,34.55,34.65,32.36,32.5
2020-05-20,35.84,35.75,33.52,33.49
2020-05-21,35.95,36.06,33.91,33.92
2020-05-22,35.12,35.13,33.56,33.25
2020-05-25,35.58,35.53,,
2020-05-26,36.03,36.17,34.17,34.35
2020-05-27,34.27,34.74,32.22,32.81
2020-05-28,35.4,35.29,33.66,33.71
2020-05-29,35.31,35.33,35.32,35.49
2020-06-01,38.61,38.32,35.56,35.44
2020-06-02,39.58,39.57,36.87,36.81
2020-06-03,39.45,39.79,36.75,37.29
2020-06-04,39.89,39.99,37.33,37.41
2020-06-05,42.07,42.3,38.97,39.55
2020-06-08,40.8,40.8,38.18,38.19
2020-06-09,40.87,41.18,38.39,38.94
2020-06-10,41.36,41.73,39.06,39.6
2020-06-11,38.33,38.55,36.17,36.34
2020-06-12,39.04,38.73,36.56,36.26
2020-06-15,39.89,39.72,37.07,37.12
2020-06-16,40.74,40.96,37.93,38.38
2020-06-17,40.54,40.71,37.7,37.96
2020-06-18,41.43,41.51,38.84,38.84
2020-06-19,41.92,42.19,39.43,39.75
2020-06-22,43.02,43.08,40.6,40.46
2020-06-23,42.4,42.63,40.02,40.37
2020-06-24,40.32,40.31,38.07,38.01
2020-06-25,41.4,41.05,39.04,38.72
2020-06-26,40.67,41.02,38.16,38.49
2020-06-29,41.68,41.71,39.63,39.7
2020-06-30,41.14,41.15,39.82,39.27
2020-07-01,42.09,42.03,39.71,39.82
2020-07-02,42.92,43.14,40.29,40.65
2020-07-03,42.78,42.8,,
2020-07-06,43.12,43.1,40.59,40.63
2020-07-07,43.01,43.08,40.49,40.62
2020-07-08,43.37,43.29,40.88,40.9
2020-07-09,42.35,42.35,39.59,39.62
2020-07-10,43.17,43.24,40.62,40.55
2020-07-13,42.21,42.72,39.6,40.1
2020-07-14,43.1,42.9,40.44,40.29
2020-07-15,43.64,43.79,40.99,41.2
2020-07-16,43.4,43.37,40.73,40.75
2020-07-17,43.1,43.14,40.57,40.59
2020-07-20,43.18,43.28,40.69,40.81
2020-07-21,43.96,44.32,41.76,41.96
2020-07-22,44.28,44.29,41.89,41.9
2020-07-23,43.34,43.31,41.06,41.07
2020-07-24,43.42,43.34,41.34,41.29
2020-07-27,43.46,43.41,41.65,41.6
2020-07-28,43.27,43.22,41.08,41.04
2020-07-29,43.75,43.75,41.32,41.27
2020-07-30,43.38,42.94,40.33,39.92
2020-07-31,43.32,43.3,40.43,40.27
2020-08-03,43.88,44.15,40.77,41.01
2020-08-04,44.36,44.43,41.53,41.7
2020-08-05,45.33,45.17,42.2,42.19
2020-08-06,45.12,45.09,41.97,41.95
2020-08-07,44.69,44.4,41.6,41.22
2020-08-10,44.96,44.99,41.99,41.94
2020-08-11,44.54,44.5,41.61,41.61
2020-08-12,45.32,45.43,42.56,42.67
2020-08-13,45.12,44.96,42.34,42.24
2020-08-14,44.95,44.8,42.23,42.01
2020-08-17,45.31,45.37,42.81,42.89
2020-08-18,45.01,45.46,42.55,42.89
2020-08-19,45.21,45.37,42.79,42.93
2020-08-20,44.85,44.9,42.62,42.58
2020-08-21,44.26,44.35,42.25,42.34
2020-08-24,45.05,45.13,42.39,42.62
2020-08-25,46.05,45.86,43.4,43.35
2020-08-26,45.79,45.64,43.41,43.39
2020-08-27,45.13,45.09,43.02,43.04
2020-08-28,45.08,45.05,42.93,42.97
2020-08-31,45.57,45.28,42.82,42.61
2020-09-01,45.77,45.58,43.0,42.76
2020-09-02,44.39,44.43,41.58,41.51
2020-09-03,44.0,44.07,41.28,41.37
2020-09-04,42.35,42.66,39.51,39.77
2020-09-07,42.05,42.01,,
2020-09-08,39.78,39.78,36.84,36.76
2020-09-09,40.62,40.79,37.78,38.05
2020-09-10,39.72,40.06,37.0,37.3
2020-09-11,39.92,39.83,37.39,37.33
2020-09-14,39.69,39.61,37.26,37.26
2020-09-15,40.68,40.53,38.39,38.28
2020-09-16,42.33,42.22,40.18,40.16
2020-09-17,43.26,43.3,40.97,40.97
2020-09-18,43.04,43.15,40.98,41.11
2020-09-21,41.69,41.44,39.59,39.31
2020-09-22,41.8,41.72,39.55,39.6
2020-09-23,41.51,41.77,39.59,39.93
2020-09-24,41.77,41.94,40.19,40.31
2020-09-25,41.79,41.92,40.04,40.25
2020-09-28,42.5,42.43,40.57,40.6
2020-09-29,40.79,41.03,39.11,39.29
2020-09-30,40.95,40.95,39.86,40.22
2020-10-01,40.71,40.93,38.58,38.72
2020-10-02,38.9,39.27,37.01,37.05
2020-10-05,41.53,41.29,39.35,39.22
2020-10-06,41.86,42.65,39.83,40.67
2020-10-07,42.15,41.99,40.04,39.95
2020-10-08,43.45,43.34,41.27,41.19
2020-10-09,42.82,42.85,40.52,40.6
2020-10-12,41.81,41.72,39.49,39.43
2020-10-13,42.47,42.45,40.18,40.2
2020-10-14,43.44,43.32,41.11,41.04
2020-10-15,43.0,43.16,40.92,40.96
2020-10-16,42.85,42.93,40.78,40.88
2020-10-19,42.46,42.62,40.71,40.83
2020-10-20,42.8,43.16,41.51,41.46
2020-10-21,41.71,41.73,40.0,40.03
2020-10-22,42.44,42.46,40.61,40.64
2020-10-23,41.59,41.77,39.78,39.85
2020-10-26,40.46,40.46,38.6,38.56
2020-10-27,40.72,41.2,38.93,39.57
2020-10-28,39.0,39.12,37.38,37.39
2020-10-29,37.62,37.65,36.11,36.17
2020-10-30,37.45,37.46,35.72,35.79
2020-11-02,39.24,38.97,37.09,36.81
2020-11-03,40.16,39.71,38.15,37.66
2020-11-04,41.2,41.23,39.14,39.15
2020-11-05,40.8,40.93,38.51,38.79
2020-11-06,39.6,39.45,37.49,37.14
2020-11-09,42.02,42.4,39.84,40.29
2020-11-10,44.05,43.61,41.8,41.36
2020-11-11,43.77,43.8,41.42,41.45
2020-11-12,43.27,43.53,40.92,41.12
2020-11-13,42.63,42.78,40.12,40.13
2020-11-16,43.89,43.82,41.47,41.34
2020-11-17,43.78,43.75,41.4,41.43
2020-11-18,44.13,44.34,41.62,41.82
2020-11-19,44.17,44.2,41.76,41.74
2020-11-20,45.24,44.96,42.17,42.15
2020-11-23,45.83,46.06,42.84,43.06
2020-11-24,47.91,47.86,44.81,44.91
2020-11-25,48.9,48.61,45.86,45.71
2020-11-26,47.73,47.8,,
2020-11-27,48.27,48.18,45.52,45.53
2020-11-30,47.59,47.59,45.06,45.34
2020-12-01,47.25,47.42,44.4,44.55
2020-12-02,47.97,48.25,44.96,45.28
2020-12-03,48.82,48.71,45.64,45.64
2020-12-04,49.03,49.25,46.09,46.26
2020-12-07,48.66,48.79,45.63,45.76
2020-12-08,48.85,48.84,45.6,45.6
2020-12-09,48.98,48.86,45.71,45.52
2020-12-10,50.43,50.25,46.97,46.78
2020-12-11,50.07,49.97,46.56,46.57
2020-12-14,50.36,50.29,47.04,46.99
2020-12-15,50.69,50.76,47.59,47.62
2020-12-16,51.16,51.08,47.88,47.82
2020-12-17,51.5,51.5,48.4,48.36
2020-12-18,52.37,52.26,49.08,49.1
2020-12-21,50.8,50.91,47.79,47.74
2020-12-22,49.84,50.08,46.8,47.02
2020-12-23,51.12,51.2,48.06,48.12
2020-12-24,51.3,51.29,48.3,48.23
2020-12-28,50.95,50.86,47.69,47.62
2020-12-29,51.15,51.09,48.08,48.0
2020-12-30,51.39,51.34,48.3,48.4
2020-12-31,51.72,51.8,48.42,48.52
2021-01-04,50.67,51.09,47.35,47.62
2021-01-05,53.57,53.6,49.8,49.93
2021-01-06,54.15,54.3,50.52,50.63
2021-01-07,54.52,54.38,50.92,50.83
2021-01-08,56.36,55.99,52.73,52.24
2021-01-11,55.62,55.66,52.18,52.25
2021-01-12,56.78,56.58,53.29,53.21
2021-01-13,55.91,56.06,52.86,52.91
2021-01-14,56.46,56.42,53.72,53.57
2021-01-15,55.0,55.1,52.04,52.36
2021-01-18,54.79,54.75,,
2021-01-19,55.93,55.9,53.02,52.98
2021-01-20,55.69,56.08,53.28,53.24
2021-01-21,56.17,56.1,53.03,53.13
2021-01-22,55.21,55.41,51.98,52.27
2021-01-25,55.91,55.88,52.87,52.77
2021-01-26,56.08,55.91,52.75,52.61
2021-01-27,55.58,55.81,52.63,52.85
2021-01-28,55.43,55.53,52.09,52.34
2021-01-29,55.89,55.88,52.14,52.2
2021-02-01,56.21,56.35,53.54,53.55
2021-02-02,57.82,57.46,55.03,54.76
2021-02-03,58.67,58.46,55.95,55.69
2021-02-04,59.11,58.84,56.46,56.23
2021-02-05,59.62,59.34,57.07,56.85
2021-02-08,60.66,60.56,58.1,57.97
2021-02-09,61.29,61.09,58.38,58.36
2021-02-10,61.1,61.47,58.39,58.68
2021-02-11,60.86,61.14,57.91,58.24
2021-02-12,62.71,62.43,59.73,59.47
2021-02-15,63.33,63.3,,
2021-02-16,63.56,63.35,60.15,60.05
2021-02-17,64.89,64.34,61.72,61.14
2021-02-18,63.53,63.93,60.27,60.52
2021-02-19,62.84,62.91,59.01,59.24
2021-02-22,65.8,65.24,61.69,61.49
2021-02-23,65.09,65.37,61.2,61.67
2021-02-24,67.31,67.04,63.45,63.22
2021-02-25,67.08,66.88,63.47,63.53
2021-02-26,65.97,66.13,61.66,61.5
2021-03-01,63.31,63.69,60.2,60.64
2021-03-02,62.62,62.7,59.47,59.75
2021-03-03,63.99,64.07,61.06,61.28
2021-03-04,67.26,66.74,64.03,63.83
2021-03-05,69.69,69.36,66.28,66.09
2021-03-08,68.12,68.24,64.68,65.05
2021-03-09,67.3,67.52,63.82,64.01
2021-03-10,68.18,67.9,64.69,64.44
2021-03-11,69.62,69.63,65.91,66.02
2021-03-12,69.23,69.22,65.56,65.61
2021-03-15,68.79,68.88,65.28,65.39
2021-03-16,68.47,68.39,64.94,64.8
2021-03-17,67.74,68.0,64.44,64.6
2021-03-18,62.87,63.28,59.53,60.0
2021-03-19,64.46,64.53,61.44,61.42
2021-03-22,64.29,64.62,61.47,61.55
2021-03-23,60.38,60.79,57.4,57.76
2021-03-24,64.22,64.41,60.86,61.18
2021-03-25,61.84,61.95,58.34,58.56
2021-03-26,64.33,64.57,60.72,60.97
2021-03-29,65.2,64.98,61.61,61.56
2021-03-30,63.96,64.14,60.39,60.55
2021-03-31,63.57,63.54,59.43,59.16
2021-04-01,64.65,64.86,61.24,61.45
2021-04-05,62.3,62.15,58.79,58.65
2021-04-06,62.65,62.74,59.2,59.33
2021-04-07,62.9,63.16,59.56,59.77
2021-04-08,63.37,63.2,59.79,59.6
2021-04-09,63.05,62.95,59.34,59.32
2021-04-12,63.2,63.28,59.63,59.7
2021-04-13,63.96,63.67,60.45,60.18
2021-04-14,66.28,66.58,62.75,63.15
2021-04-15,66.84,66.94,63.32,63.46
2021-04-16,66.72,66.77,63.07,63.13
2021-04-19,67.16,67.05,63.48,63.38
2021-04-20,66.31,66.57,62.61,62.44
2021-04-21,65.08,65.32,61.09,61.35
2021-04-22,65.75,65.4,61.66,61.43
2021-04-23,66.12,66.11,62.04,62.14
2021-04-26,65.79,65.65,61.97,61.91
2021-04-27,66.6,66.42,63.01,62.94
2021-04-28,67.02,67.27,63.65,63.86
2021-04-29,68.53,68.56,64.87,65.01
2021-04-30,67.26,67.25,63.49,63.58
2021-05-03,67.66,67.56,64.5,64.49
2021-05-04,69.49,68.88,66.15,65.69
2021-05-05,68.55,68.96,65.31,65.63
2021-05-06,68.28,68.09,64.86,64.71
2021-05-07,68.27,68.28,64.82,64.9
2021-05-10,68.22,68.32,64.88,64.92
2021-05-11,68.65,68.55,65.45,65.28
2021-05-12,69.0,69.32,65.72,66.08
2021-05-13,67.05,67.05,63.79,63.82
2021-05-14,68.83,68.71,65.51,65.37
2021-05-17,69.6,69.46,66.38,66.27
2021-05-18,68.59,68.71,65.29,65.49
2021-05-19,66.69,66.66,63.38,63.36
2021-05-20,65.05,65.11,61.95,62.05
2021-05-21,66.73,66.44,63.88,63.58
2021-05-24,68.45,68.46,66.03,66.05
2021-05-25,68.63,68.65,65.99,66.07
2021-05-26,68.81,68.87,66.16,66.21
2021-05-27,69.47,69.46,66.86,66.85
2021-05-28,69.65,69.63,66.63,66.32
2021-05-31,69.46,69.32,,
2021-06-01,70.63,70.25,67.99,67.72
2021-06-02,71.2,71.35,68.75,68.83
2021-06-03,71.39,71.31,68.93,68.81
2021-06-04,71.82,71.89,69.37,69.62
2021-06-07,71.5,71.49,69.22,69.23
2021-06-08,72.05,72.22,70.03,70.05
2021-06-09,72.02,72.22,69.75,69.96
2021-06-10,72.4,72.52,70.09,70.29
2021-06-11,72.62,72.69,70.78,70.91
2021-06-14,73.07,72.86,71.19,70.88
2021-06-15,74.27,73.99,72.48,72.12
2021-06-16,73.87,74.39,71.66,72.15
2021-06-17,72.99,73.08,71.06,71.04
2021-06-18,73.22,73.51,71.5,71.64
2021-06-21,74.84,74.9,73.51,73.66
2021-06-22,74.74,74.81,73.08,73.06
2021-06-23,75.41,75.19,73.28,73.08
2021-06-24,75.6,75.56,73.33,73.3
2021-06-25,76.01,76.18,74.0,74.05
2021-06-28,74.62,74.68,72.77,72.91
2021-06-29,75.13,74.76,73.44,72.98
2021-06-30,75.13,75.13,73.46,73.47
2021-07-01,75.61,75.84,74.96,75.23
2021-07-02,75.97,76.17,75.19,75.16
2021-07-05,77.1,77.16,,
2021-07-06,74.93,74.53,73.81,73.37
2021-07-07,73.34,73.43,72.13,72.2
2021-07-08,74.35,74.12,73.23,72.94
2021-07-09,75.58,75.55,74.63,74.56
2021-07-12,75.2,75.16,74.18,74.1
2021-07-13,76.35,76.49,75.21,75.25
2021-07-14,74.54,74.76,72.93,73.13
2021-07-15,73.29,73.47,71.49,71.65
2021-07-16,73.3,73.59,71.45,71.81
2021-07-19,68.75,68.62,66.61,66.42
2021-07-20,68.63,69.35,67.32,67.42
2021-07-21,72.25,72.23,70.22,70.3
2021-07-22,73.67,73.79,71.71,71.91
2021-07-23,74.19,74.1,72.17,72.07
2021-07-26,74.82,74.5,72.19,71.91
2021-07-27,74.71,74.48,71.89,71.65
2021-07-28,74.79,74.74,72.37,72.39
2021-07-29,75.93,76.05,73.41,73.62
2021-07-30,76.33,76.33,73.81,73.95
2021-08-02,73.24,72.89,71.49,71.26
2021-08-03,72.28,72.41,70.23,70.56
2021-08-04,70.31,70.38,68.02,68.15
2021-08-05,71.18,71.29,69.1,69.09
2021-08-06,70.49,70.7,67.83,68.28
2021-08-09,69.2,69.04,66.85,66.48
2021-08-10,70.86,70.63,68.5,68.29
2021-08-11,71.62,71.44,69.36,69.25
2021-08-12,71.15,71.31,68.91,69.09
2021-08-13,70.25,70.59,68.03,68.44
2021-08-16,69.57,69.51,67.47,67.29
2021-08-17,69.11,69.03,66.58,66.59
2021-08-18,67.5,68.23,64.45,65.46
2021-08-19,66.56,66.45,63.86,63.69
2021-08-20,65.0,65.18,62.25,62.32
2021-08-23,68.78,68.75,65.54,65.64
2021-08-24,71.2,71.05,67.64,67.54
2021-08-25,71.93,72.25,67.99,68.36
2021-08-26,71.44,71.07,67.78,67.42
2021-08-27,72.75,72.7,68.67,68.74
2021-08-30,73.28,73.41,69.12,69.21
2021-08-31,72.96,72.99,68.51,68.5
2021-09-01,71.31,71.59,68.22,68.59
2021-09-02,72.84,73.03,69.79,69.99
2021-09-03,72.48,72.61,69.1,69.29
2021-09-06,72.1,72.22,,
2021-09-07,71.53,71.69,68.38,68.35
2021-09-08,72.66,72.6,69.39,69.3
2021-09-09,71.37,71.45,67.92,68.14
2021-09-10,72.95,72.92,69.71,69.72
2021-09-13,73.67,73.51,70.65,70.45
2021-09-14,73.91,73.6,70.77,70.46
2021-09-15,75.5,75.46,72.64,72.61
2021-09-16,75.67,75.67,72.57,72.61
2021-09-17,75.49,75.34,71.96,71.97
2021-09-20,74.25,73.92,70.48,70.29
2021-09-21,74.68,74.36,70.51,70.56
2021-09-22,75.85,76.19,72.0,72.23
2021-09-23,77.26,77.25,73.24,73.3
2021-09-24,78.07,78.09,73.95,73.98
2021-09-27,79.42,79.53,75.42,75.45
2021-09-28,78.22,79.09,74.33,75.29
2021-09-29,78.5,78.64,74.76,74.83
2021-09-30,78.51,78.52,75.12,75.03
2021-10-01,79.24,79.28,75.74,75.88
2021-10-04,81.27,81.26,77.6,77.62
2021-10-05,82.56,82.56,79.42,78.93
2021-10-06,80.83,81.08,76.94,77.43
2021-10-07,82.48,81.95,78.85,78.3
2021-10-08,82.58,82.39,79.59,79.35
2021-10-11,83.69,83.65,80.49,80.52
2021-10-12,83.38,83.42,80.56,80.64
2021-10-13,83.37,83.18,80.61,80.44
2021-10-14,84.07,84.0,81.43,81.31
2021-10-15,84.92,84.86,82.66,82.28
2021-10-18,84.15,84.33,82.29,82.44
2021-10-19,85.15,85.08,83.01,82.96
2021-10-20,85.89,85.82,84.25,83.87
2021-10-21,84.75,84.61,82.62,82.5
2021-10-22,85.77,85.53,83.98,83.76
2021-10-25,85.99,85.99,83.71,83.76
2021-10-26,86.1,86.4,84.44,84.65
2021-10-27,84.2,84.58,82.07,82.66
2021-10-28,84.52,84.32,83.06,82.81
2021-10-29,84.38,84.38,83.22,83.57
2021-11-01,84.55,84.71,83.84,84.05
2021-11-02,84.09,84.72,82.96,83.91
2021-11-03,81.38,81.99,80.11,80.86
2021-11-04,80.95,80.54,79.33,78.81
2021-11-05,82.55,82.74,81.17,81.27
2021-11-08,83.68,83.43,82.21,81.93
2021-11-09,85.2,84.78,84.57,84.15
2021-11-10,82.72,82.64,81.3,81.34
2021-11-11,82.64,82.87,81.18,81.59
2021-11-12,81.95,82.17,80.69,80.79
2021-11-15,82.17,82.05,80.95,80.88
2021-11-16,82.27,82.43,80.58,80.76
2021-11-17,80.21,80.28,78.23,78.36
2021-11-18,81.05,81.24,78.87,79.01
2021-11-19,78.66,78.89,76.11,76.1
2021-11-22,79.5,79.7,76.49,76.75
2021-11-23,82.18,82.31,78.5,78.5
2021-11-24,82.2,82.25,78.32,78.39
2021-11-25,82.25,82.22,,
2021-11-26,72.89,72.72,68.17,68.15
2021-11-29,73.52,73.44,70.06,69.95
2021-11-30,70.57,70.57,67.0,66.18
2021-12-01,68.94,68.87,65.71,65.57
2021-12-02,70.47,69.67,67.37,66.5
2021-12-03,70.14,69.88,66.22,66.26
2021-12-06,73.6,73.08,70.03,69.49
2021-12-07,75.33,75.44,71.73,72.05
2021-12-08,75.93,75.82,72.65,72.36
2021-12-09,74.01,74.42,70.61,70.94
2021-12-10,75.27,75.15,71.96,71.67
2021-12-13,74.32,74.39,71.13,71.29
2021-12-14,73.27,73.7,70.29,70.73
2021-12-15,74.42,73.88,71.45,70.87
2021-12-16,74.62,75.02,71.98,72.38
2021-12-17,72.87,73.52,70.29,70.86
2021-12-20,72.08,71.52,68.66,68.23
2021-12-21,74.01,73.98,71.27,71.12
2021-12-22,75.65,75.29,73.03,72.76
2021-12-23,76.68,76.85,73.76,73.79
2021-12-24,75.86,76.14,,
2021-12-27,79.01,78.6,75.94,75.57
2021-12-28,79.1,78.94,76.05,75.98
2021-12-29,79.29,79.23,76.59,76.56
2021-12-30,79.3,79.32,76.46,76.99
2021-12-31,77.94,77.78,75.45,75.21
2022-01-03,78.91,78.98,75.99,76.08
2022-01-04,80.16,80.0,77.21,76.99
2022-01-05,80.24,80.8,77.19,77.85
2022-01-06,81.98,81.99,79.65,79.46
2022-01-07,81.93,81.75,78.94,78.9
2022-01-10,81.0,80.87,78.43,78.23
2022-01-11,83.75,83.72,81.33,81.22
2022-01-12,84.84,84.67,82.76,82.64
2022-01-13,84.11,84.47,81.7,82.12
2022-01-14,86.47,86.06,84.27,83.82
2022-01-17,86.53,86.48,,
2022-01-18,88.57,87.51,86.56,85.43
2022-01-19,87.72,88.44,86.17,86.96
2022-01-20,87.48,88.38,86.29,86.9
2022-01-21,87.9,87.89,84.83,85.14
2022-01-24,87.17,86.27,84.08,83.31
2022-01-25,88.08,88.2,85.17,85.6
2022-01-26,89.75,89.96,87.15,87.35
2022-01-27,90.08,89.34,87.29,86.61
2022-01-28,90.54,90.03,87.29,86.82
2022-01-31,91.29,91.21,88.15,88.15
2022-02-01,89.29,89.16,88.36,88.2
2022-02-02,89.34,89.47,88.02,88.26
2022-02-03,91.07,91.11,90.17,90.27
2022-02-04,92.52,93.27,91.92,92.31
2022-02-07,92.95,92.69,91.63,91.32
2022-02-08,91.32,90.78,89.78,89.36
2022-02-09,91.8,91.55,90.03,89.66
2022-02-10,91.45,91.41,90.04,89.88
2022-02-11,95.1,94.44,93.9,93.1
2022-02-14,95.85,96.48,94.78,95.46
2022-02-15,93.5,93.28,92.1,92.07
2022-02-16,92.1,94.81,90.62,93.66
2022-02-17,92.94,92.97,91.68,91.76
2022-02-18,93.61,93.54,91.66,91.07
2022-02-21,97.35,95.39,,
2022-02-22,96.5,96.84,92.27,92.35
2022-02-23,97.54,96.84,92.24,92.1
2022-02-24,99.41,99.08,93.0,92.81
2022-02-25,98.57,97.93,91.94,91.59
2022-02-28,101.1,100.99,95.82,95.72
2022-03-01,107.65,104.97,106.34,103.41
2022-03-02,114.54,112.93,111.4,110.6
2022-03-03,110.44,110.46,108.05,107.67
2022-03-04,118.05,118.11,115.0,115.68
2022-03-07,124.37,123.21,120.32,119.4
2022-03-08,129.47,127.98,124.77,123.7
2022-03-09,112.51,111.14,109.53,108.7
2022-03-10,109.18,109.33,105.85,106.02
2022-03-11,112.12,112.67,109.09,109.33
2022-03-14,106.0,106.9,102.04,103.01
2022-03-15,98.75,99.91,95.18,96.44
2022-03-16,98.04,98.02,95.36,95.04
2022-03-17,107.01,106.64,103.62,102.98
2022-03-18,108.2,107.93,105.1,104.7
2022-03-21,116.4,115.62,112.6,112.12
2022-03-22,114.58,115.48,111.3,111.76
2022-03-23,121.52,121.6,114.35,114.93
2022-03-24,118.2,119.03,111.27,112.34
2022-03-25,119.98,120.65,112.6,113.9
2022-03-28,109.35,112.48,103.49,105.96
2022-03-29,111.42,110.23,105.16,104.24
2022-03-30,112.76,113.45,107.46,107.82
2022-03-31,107.29,107.91,101.2,100.28
2022-04-01,104.75,104.39,99.42,99.27
2022-04-04,107.98,107.53,103.65,103.28
2022-04-05,105.68,106.64,101.38,101.96
2022-04-06,101.65,101.07,96.97,96.23
2022-04-07,101.41,100.58,97.13,96.03
2022-04-08,102.4,102.78,97.9,98.26
2022-04-11,99.35,98.48,95.18,94.29
2022-04-12,104.93,104.64,100.98,100.6
2022-04-13,108.88,108.78,104.15,104.25
2022-04-14,111.66,111.7,106.54,106.95
2022-04-18,112.84,113.16,107.59,108.21
2022-04-19,107.6,107.25,102.63,102.56
2022-04-20,107.23,106.8,102.56,102.75
2022-04-21,108.83,108.33,104.03,103.79
2022-04-22,106.2,106.65,101.75,102.07
2022-04-25,102.63,102.32,98.62,98.54
2022-04-26,105.66,104.99,101.71,101.7
2022-04-27,105.15,105.32,102.09,102.02
2022-04-28,107.42,107.59,105.2,105.36
2022-04-29,109.4,109.34,104.11,104.69
2022-05-02,107.64,107.58,105.09,105.17
2022-05-03,105.94,104.97,103.53,102.41
2022-05-04,110.22,110.14,107.55,107.81
2022-05-05,111.06,110.9,108.61,108.26
2022-05-06,113.22,112.39,110.61,109.77
2022-05-09,105.25,105.94,102.35,103.09
2022-05-10,101.6,102.46,99.43,99.76
2022-05-11,107.51,107.51,105.59,105.71
2022-05-12,107.92,107.45,106.63,106.13
2022-05-13,111.22,111.55,110.16,110.49
2022-05-16,114.03,114.24,113.89,114.2
2022-05-17,112.83,111.93,113.66,112.4
2022-05-18,109.25,109.11,109.23,109.59
2022-05-19,111.5,112.04,111.65,112.21
2022-05-20,112.91,112.55,112.7,113.23
2022-05-23,113.47,113.42,110.59,110.29
2022-05-24,113.84,113.56,110.26,109.77
2022-05-25,114.5,114.03,110.74,110.33
2022-05-26,117.61,117.4,114.26,114.09
2022-05-27,118.8,119.43,115.07,115.07
2022-05-30,121.72,121.67,,
2022-05-31,122.84,122.84,115.26,114.67
2022-06-01,115.9,116.29,114.79,115.26
2022-06-02,118.29,117.61,117.55,116.87
2022-06-03,121.08,119.72,120.26,118.87
2022-06-06,119.99,119.51,119.4,118.5
2022-06-07,121.0,120.57,119.77,119.41
2022-06-08,123.94,123.58,122.41,122.11
2022-06-09,122.93,123.07,121.4,121.51
2022-06-10,121.93,122.01,120.47,120.67
2022-06-13,122.36,122.27,121.09,120.93
2022-06-14,121.09,121.17,119.07,118.93
2022-06-15,118.98,118.51,115.83,115.31
2022-06-16,119.03,119.81,117.06,117.59
2022-06-17,113.61,113.12,110.48,109.56
2022-06-20,114.21,114.13,,
2022-06-21,114.89,114.65,110.58,110.65
2022-06-22,110.03,111.74,104.3,106.19
2022-06-23,109.83,110.05,104.03,104.27
2022-06-24,113.19,113.12,107.06,107.62
2022-06-27,115.55,115.09,109.81,109.57
2022-06-28,118.15,117.98,111.84,111.76
2022-06-29,115.78,116.26,109.63,109.78
2022-06-30,114.88,114.81,106.01,105.76
2022-07-01,111.48,111.63,108.46,108.43
2022-07-04,113.83,113.5,,
2022-07-05,104.8,102.77,99.55,99.5
2022-07-06,99.8,100.69,98.13,98.53
2022-07-07,104.1,104.65,102.16,102.73
2022-07-08,107.15,107.02,104.8,104.79
2022-07-11,106.41,107.1,103.46,104.09
2022-07-12,99.22,99.49,95.64,95.84
2022-07-13,99.85,99.57,96.4,96.3
2022-07-14,99.71,99.1,96.47,95.78
2022-07-15,101.13,101.16,97.57,97.59
2022-07-18,105.69,106.27,102.09,102.6
2022-07-19,107.27,107.35,103.85,104.22
2022-07-20,106.61,106.92,102.61,102.26
2022-07-21,103.89,103.86,96.58,96.35
2022-07-22,103.61,103.2,95.09,94.7
2022-07-25,104.89,105.15,96.45,96.7
2022-07-26,104.7,104.4,95.54,94.98
2022-07-27,107.48,106.62,98.12,97.26
2022-07-28,107.84,107.14,97.3,96.42
2022-07-29,109.98,110.01,98.3,98.62
2022-08-01,99.93,100.03,94.07,93.89
2022-08-02,99.92,100.54,93.85,94.42
2022-08-03,97.1,96.78,90.92,90.66
2022-08-04,93.6,94.12,87.8,88.54
2022-08-05,94.66,94.92,88.53,89.01
2022-08-08,96.52,96.65,90.49,90.76
2022-08-09,96.53,96.31,90.54,90.5
2022-08-10,97.06,97.4,91.57,91.93
2022-08-11,99.42,99.6,93.99,94.34
2022-08-12,98.01,98.15,91.88,92.09
2022-08-15,93.47,95.1,87.85,89.41
2022-08-16,92.76,92.34,87.13,86.53
2022-08-17,93.05,93.65,87.29,88.11
2022-08-18,96.58,96.59,90.38,90.5
2022-08-19,96.09,96.72,89.91,90.77
2022-08-22,96.69,96.48,90.67,90.23
2022-08-23,100.15,100.22,93.77,93.74
2022-08-24,101.73,101.22,95.37,94.89
2022-08-25,99.83,99.34,93.02,92.52
2022-08-26,100.6,100.99,92.97,93.06
2022-08-29,105.11,105.09,96.94,97.01
2022-08-30,100.06,99.31,92.27,91.64
2022-08-31,96.5,96.49,88.85,89.55
2022-09-01,92.17,92.36,86.37,86.61
2022-09-02,93.28,93.02,87.25,86.87
2022-09-05,95.23,95.74,,
2022-09-06,92.85,92.83,86.96,86.88
2022-09-07,87.71,88.0,81.66,81.94
2022-09-08,88.61,89.15,82.73,83.54
2022-09-09,92.42,92.84,86.1,86.79
2022-09-12,94.26,94.0,88.04,87.78
2022-09-13,93.55,93.17,87.64,87.31
2022-09-14,94.64,94.1,88.98,88.48
2022-09-15,90.8,90.84,85.11,85.1
2022-09-16,91.57,91.35,85.4,85.11
2022-09-19,91.73,92.0,85.33,85.73
2022-09-20,90.87,90.62,84.19,84.45
2022-09-21,90.0,89.83,83.05,82.94
2022-09-22,90.33,90.46,83.5,83.49
2022-09-23,86.65,86.15,79.43,78.74
2022-09-26,83.94,84.06,76.34,76.71
2022-09-27,85.69,86.27,77.96,78.5
2022-09-28,89.27,89.32,81.88,82.15
2022-09-29,88.86,88.49,81.61,81.23
2022-09-30,87.9,87.96,79.74,79.49
2022-10-03,88.7,88.86,83.34,83.63
2022-10-04,91.76,91.8,86.37,86.52
2022-10-05,93.79,93.37,88.03,87.76
2022-10-06,94.92,94.42,88.96,88.45
2022-10-07,98.45,97.92,93.2,92.64
2022-10-10,96.07,96.19,90.82,91.13
2022-10-11,93.8,94.29,88.59,89.35
2022-10-12,92.41,92.45,87.1,87.27
2022-10-13,94.69,94.57,89.23,89.11
2022-10-14,91.46,91.63,85.55,85.61
2022-10-17,91.98,91.62,85.67,85.46
2022-10-18,90.64,90.03,83.69,82.82
2022-10-19,92.57,92.41,85.87,85.55
2022-10-20,92.73,92.38,85.71,85.98
2022-10-21,93.6,93.5,85.14,85.05
2022-10-24,93.45,93.26,84.89,84.58
2022-10-25,93.06,93.52,84.94,85.32
2022-10-26,96.04,95.69,88.26,87.91
2022-10-27,96.71,96.96,88.6,89.08
2022-10-28,96.31,95.77,88.38,87.9
2022-10-31,94.85,94.83,86.21,86.53
2022-11-01,94.77,94.65,88.57,88.37
2022-11-02,95.52,96.16,89.35,90.0
2022-11-03,94.55,94.67,87.95,88.17
2022-11-04,98.75,98.57,92.6,92.61
2022-11-07,97.93,97.92,91.87,91.79
2022-11-08,95.05,95.36,88.67,88.91
2022-11-09,92.47,92.65,85.64,85.83
2022-11-10,93.34,93.67,86.21,86.47
2022-11-11,95.76,95.99,88.86,88.96
2022-11-14,92.5,93.14,85.21,85.87
2022-11-15,93.77,93.86,86.82,86.92
2022-11-16,92.61,92.86,85.32,85.59
2022-11-17,90.02,89.78,82.06,81.64
2022-11-18,87.74,87.62,80.11,80.08
2022-11-21,87.79,87.45,79.74,79.73
2022-11-22,88.35,88.36,81.1,80.95
2022-11-23,84.65,85.41,77.45,77.94
2022-11-24,85.12,85.34,,
2022-11-25,83.91,83.63,76.55,76.28
2022-11-28,82.58,83.19,76.54,77.24
2022-11-29,83.7,83.03,78.91,78.2
2022-11-30,85.36,85.43,80.49,80.55
2022-12-01,87.26,86.88,81.41,81.22
2022-12-02,85.42,85.57,80.34,79.98
2022-12-05,83.0,82.68,77.37,76.93
2022-12-06,79.72,79.35,74.45,74.25
2022-12-07,77.39,77.17,72.4,72.01
2022-12-08,76.51,76.15,71.79,71.46
2022-12-09,76.82,76.1,71.59,71.02
2022-12-12,78.02,77.99,73.3,73.17
2022-12-13,80.39,80.68,75.25,75.39
2022-12-14,82.8,82.7,77.42,77.28
2022-12-15,81.45,81.21,76.37,76.11
2022-12-16,79.26,79.04,74.5,74.29
2022-12-19,80.1,79.8,75.67,75.19
2022-12-20,79.68,79.99,76.02,76.09
2022-12-21,82.28,82.2,78.42,78.29
2022-12-22,81.69,80.98,78.24,77.49
2022-12-23,83.97,83.92,79.35,79.56
2022-12-27,84.83,84.33,79.87,79.53
2022-12-28,83.11,83.26,78.86,78.96
2022-12-29,82.27,82.26,78.71,78.4
2022-12-30,85.99,85.91,80.51,80.26
2023-01-03,82.46,82.1,77.21,76.93
2023-01-04,78.1,77.84,73.22,72.84
2023-01-05,78.88,78.69,73.93,73.67
2023-01-06,78.6,78.57,73.73,73.77
2023-01-09,79.8,79.65,74.87,74.63
2023-01-10,79.62,80.1,74.71,75.12
2023-01-11,82.91,82.67,77.71,77.41
2023-01-12,83.82,84.03,78.26,78.39
2023-01-13,85.43,85.28,80.07,79.86
2023-01-16,84.12,84.46,,
2023-01-17,86.7,85.92,81.04,80.18
2023-01-18,84.64,84.98,79.14,79.48
2023-01-19,86.38,86.16,80.58,80.33
2023-01-20,87.66,87.63,81.4,81.31
2023-01-23,88.15,88.19,81.62,81.62
2023-01-24,86.42,86.13,80.26,80.13
2023-01-25,86.18,86.12,80.44,80.15
2023-01-26,87.72,87.47,81.1,81.01
2023-01-27,86.33,86.66,79.38,79.68
2023-01-30,85.59,84.9,77.81,77.9
2023-01-31,84.47,84.49,79.03,78.87
2023-02-01,83.06,82.84,76.7,76.41
2023-02-02,82.1,82.17,76.0,75.88
2023-02-03,79.82,79.94,73.23,73.39
2023-02-06,81.4,80.99,74.46,74.11
2023-02-07,84.09,83.69,77.59,77.14
2023-02-08,85.02,85.09,78.48,78.47
2023-02-09,84.08,84.5,77.66,78.06
2023-02-10,86.52,86.39,79.76,79.72
2023-02-13,85.78,86.61,79.16,80.14
2023-02-14,85.25,85.58,78.84,79.06
2023-02-15,85.28,85.38,78.5,78.59
2023-02-16,84.82,85.14,78.07,78.49
2023-02-17,83.15,83.0,76.33,76.34
2023-02-20,83.81,84.07,,
2023-02-21,82.73,83.05,76.05,76.16
2023-02-22,80.47,80.6,73.85,73.95
2023-02-23,82.43,82.21,75.65,75.39
2023-02-24,83.23,83.16,76.45,76.32
2023-02-27,82.44,82.45,75.76,75.68
2023-02-28,83.87,83.89,76.84,77.05
2023-03-01,84.43,84.31,77.72,77.69
2023-03-02,84.35,84.75,77.88,78.16
2023-03-03,86.0,85.83,79.85,79.68
2023-03-06,86.25,86.18,80.49,80.46
2023-03-07,83.08,83.29,77.21,77.58
2023-03-08,82.52,82.66,76.48,76.66
2023-03-09,81.56,81.59,75.6,75.72
2023-03-10,82.64,82.78,76.68,76.68
2023-03-13,80.74,80.77,74.69,74.8
2023-03-14,77.61,77.45,71.48,71.33
2023-03-15,74.27,73.69,68.23,67.61
2023-03-16,74.71,74.7,68.24,68.35
2023-03-17,72.47,72.97,66.34,66.74
2023-03-20,73.77,73.79,67.61,67.64
2023-03-21,75.07,75.32,69.5,69.33
2023-03-22,75.79,76.69,69.92,70.9
2023-03-23,75.59,75.91,69.47,69.96
2023-03-24,75.0,74.99,69.2,69.26
2023-03-27,78.15,78.12,72.89,72.81
2023-03-28,78.91,78.65,73.58,73.2
2023-03-29,78.28,78.28,72.81,72.97
2023-03-30,79.22,79.27,74.37,74.37
2023-03-31,79.74,79.77,75.7,75.67
2023-04-03,84.78,84.93,80.45,80.42
2023-04-04,85.26,84.94,81.05,80.71
2023-04-05,84.88,84.99,80.35,80.61
2023-04-06,84.94,85.12,80.46,80.7
2023-04-10,84.31,84.18,79.91,79.74
2023-04-11,85.62,85.61,81.46,81.53
2023-04-12,87.23,87.33,83.26,83.26
2023-04-13,86.31,86.09,82.43,82.16
2023-04-14,86.63,86.31,82.68,82.52
2023-04-17,84.83,84.76,80.95,80.83
2023-04-18,84.87,84.77,80.85,80.86
2023-04-19,82.88,83.12,78.96,79.16
2023-04-20,80.86,81.1,77.29,77.29
2023-04-21,81.75,81.66,77.95,77.87
2023-04-24,82.54,82.73,78.68,78.76
2023-04-25,80.76,80.77,77.13,77.07
2023-04-26,77.77,77.69,74.34,74.3
2023-04-27,78.28,78.37,74.82,74.76
2023-04-28,79.51,79.54,76.63,76.78
2023-05-01,79.4,79.31,75.75,75.66
2023-05-02,75.23,75.32,71.54,71.66
2023-05-03,71.93,72.33,68.14,68.6
2023-05-04,72.54,72.5,68.59,68.56
2023-05-05,75.37,75.3,71.32,71.34
2023-05-08,76.61,77.01,72.8,73.16
2023-05-09,77.28,77.44,73.53,73.71
2023-05-10,76.59,76.41,72.79,72.56
2023-05-11,75.43,74.98,71.42,70.87
2023-05-12,74.17,74.17,70.09,70.04
2023-05-15,75.56,75.23,71.3,71.11
2023-05-16,74.75,74.91,70.53,70.86
2023-05-17,76.78,76.96,72.67,72.83
2023-05-18,75.95,75.86,71.92,71.86
2023-05-19,75.59,75.58,71.67,71.55
2023-05-22,75.94,75.99,71.81,71.99
2023-05-23,77.5,76.84,73.78,72.91
2023-05-24,78.34,78.36,74.22,74.34
2023-05-25,76.23,76.26,71.81,71.83
2023-05-26,77.12,76.95,72.87,72.67
2023-05-29,77.03,77.07,,
2023-05-30,73.69,73.54,69.54,69.46
2023-05-31,72.71,72.66,67.57,68.09
2023-06-01,74.32,74.28,70.15,70.1
2023-06-02,76.4,76.13,71.87,71.74
2023-06-05,76.6,76.71,71.91,72.15
2023-06-06,76.12,76.29,71.45,71.74
2023-06-07,76.8,76.95,72.46,72.53
2023-06-08,75.52,75.96,70.95,71.29
2023-06-09,75.04,74.79,70.35,70.17
2023-06-12,72.11,71.84,67.34,67.12
2023-06-13,74.19,74.29,69.28,69.42
2023-06-14,73.61,73.2,68.68,68.27
2023-06-15,75.63,75.67,70.57,70.62
2023-06-16,76.26,76.61,71.44,71.78
2023-06-19,76.13,76.09,,
2023-06-20,75.42,75.9,70.94,70.5
2023-06-21,77.03,77.12,72.37,72.53
2023-06-22,74.23,74.14,69.53,69.51
2023-06-23,74.44,73.85,69.5,69.16
2023-06-26,74.39,74.18,69.53,69.37
2023-06-27,72.69,72.26,68.03,67.7
2023-06-28,73.57,74.03,69.15,69.56
2023-06-29,74.31,74.34,69.78,69.86
2023-06-30,74.91,74.9,70.45,70.64
2023-07-03,74.96,74.65,70.12,69.79
2023-07-04,76.12,76.25,,
2023-07-05,76.53,76.65,71.83,71.79
2023-07-06,76.51,76.52,71.91,71.8
2023-07-07,78.17,78.47,73.67,73.86
2023-07-10,77.79,77.69,73.21,72.99
2023-07-11,79.35,79.4,74.81,74.83
2023-07-12,80.2,80.11,75.86,75.75
2023-07-13,81.54,81.36,77.21,76.89
2023-07-14,79.63,79.87,75.27,75.42
2023-07-17,78.56,78.5,74.12,74.15
2023-07-18,79.82,79.63,75.81,75.75
2023-07-19,79.54,79.46,75.4,75.35
2023-07-20,79.62,79.64,75.63,75.63
2023-07-21,80.89,81.07,76.83,77.07
2023-07-24,82.75,82.74,78.92,78.74
2023-07-25,83.2,83.64,79.32,79.63
2023-07-26,82.95,82.92,78.92,78.78
2023-07-27,83.86,84.24,79.82,80.09
2023-07-28,84.75,84.99,80.67,80.58
2023-07-31,85.56,85.56,81.76,81.8
2023-08-01,85.68,84.91,82.17,81.37
2023-08-02,83.38,83.2,79.75,79.49
2023-08-03,85.25,85.14,81.73,81.55
2023-08-04,86.15,86.24,82.64,82.82
2023-08-07,85.91,85.34,82.47,81.94
2023-08-08,86.18,86.17,82.84,82.92
2023-08-09,87.51,87.55,84.22,84.4
2023-08-10,86.33,86.4,82.87,82.82
2023-08-11,86.73,86.81,83.04,83.19
2023-08-14,86.23,86.21,82.47,82.51
2023-08-15,85.08,84.89,81.08,80.99
2023-08-16,83.37,83.45,79.26,79.38
2023-08-17,83.9,84.12,80.06,80.39
2023-08-18,84.83,84.8,81.4,81.25
2023-08-21,84.59,84.46,80.9,80.72
2023-08-22,83.89,84.03,80.25,80.35
2023-08-23,83.07,83.21,78.56,78.89
2023-08-24,83.23,83.36,78.88,79.05
2023-08-25,84.85,84.48,80.05,79.83
2023-08-28,84.42,84.42,79.97,80.1
2023-08-29,85.53,85.49,81.32,81.16
2023-08-30,85.97,85.86,81.71,81.63
2023-08-31,86.83,86.86,83.58,83.63
2023-09-01,88.99,88.55,86.05,85.55
2023-09-04,89.0,89.0,,
2023-09-05,90.05,90.04,86.74,86.69
2023-09-06,90.63,90.6,87.58,87.54
2023-09-07,89.76,89.92,86.77,86.87
2023-09-08,90.44,90.65,87.23,87.51
2023-09-11,90.61,90.64,87.31,87.29
2023-09-12,91.96,92.06,88.78,88.84
2023-09-13,92.19,91.88,88.85,88.52
2023-09-14,94.14,93.7,90.69,90.16
2023-09-15,94.27,93.93,91.2,90.77
2023-09-18,94.57,94.43,92.25,91.48
2023-09-19,94.4,94.34,91.59,91.2
2023-09-20,93.2,93.53,90.27,90.28
2023-09-21,93.24,93.3,89.58,89.63
2023-09-22,93.83,93.27,90.33,90.03
2023-09-25,93.41,93.29,89.88,89.68
2023-09-26,94.07,93.96,90.54,90.39
2023-09-27,96.71,96.55,93.71,93.68
2023-09-28,95.14,95.38,91.81,91.71
2023-09-29,95.34,95.31,90.77,90.79
2023-10-02,90.48,90.71,88.62,88.82
2023-10-03,91.1,90.92,89.45,89.23
2023-10-04,86.09,85.81,84.44,84.22
2023-10-05,84.18,84.07,82.56,82.31
2023-10-06,84.43,84.58,82.81,82.79
2023-10-09,88.25,88.15,86.38,86.38
2023-10-10,87.72,87.65,85.96,85.97
2023-10-11,85.54,85.82,83.29,83.49
2023-10-12,86.26,86.0,83.5,82.91
2023-10-13,90.8,90.89,87.72,87.69
2023-10-16,90.16,89.65,87.05,86.66
2023-10-17,90.91,89.9,87.71,86.66
2023-10-18,91.41,91.5,88.16,88.32
2023-10-19,93.05,92.38,90.37,89.37
2023-10-20,92.51,92.16,89.02,88.75
2023-10-23,90.5,89.83,86.11,85.49
2023-10-24,88.08,88.07,83.69,83.74
2023-10-25,90.13,90.13,85.29,85.39
2023-10-26,88.16,87.93,83.5,83.21
2023-10-27,90.44,90.48,85.16,85.54
2023-10-30,87.91,87.45,82.59,82.31
2023-10-31,87.42,87.41,81.35,81.02
2023-11-01,84.9,84.63,80.9,80.44
2023-11-02,86.96,86.85,82.48,82.46
2023-11-03,85.23,84.89,80.89,80.51
2023-11-06,85.21,85.18,80.92,80.82
2023-11-07,81.41,81.61,77.13,77.37
2023-11-08,79.71,79.54,75.59,75.33
2023-11-09,79.87,80.01,75.58,75.74
2023-11-10,81.7,81.43,77.35,77.17
2023-11-13,82.7,82.52,78.51,78.26
2023-11-14,82.37,82.47,78.21,78.26
2023-11-15,81.07,81.18,76.58,76.66
2023-11-16,77.45,77.42,72.9,72.9
2023-11-17,80.62,80.61,75.84,75.89
2023-11-20,82.03,82.32,77.5,77.6
2023-11-21,82.39,82.45,77.81,77.77
2023-11-22,81.66,81.96,76.82,77.1
2023-11-23,81.28,81.42,,
2023-11-24,80.23,80.58,75.18,75.54
2023-11-27,80.08,79.98,75.02,74.86
2023-11-28,81.66,81.68,76.58,76.41
2023-11-29,82.9,83.1,77.72,77.86
2023-11-30,82.85,82.83,75.61,75.96
2023-12-01,79.56,78.88,74.38,74.07
2023-12-04,78.2,78.03,73.29,73.04
2023-12-05,77.0,77.2,72.06,72.32
2023-12-06,74.28,74.3,69.25,69.38
2023-12-07,74.56,74.05,69.64,69.34
2023-12-08,75.65,75.84,71.26,71.23
2023-12-11,76.11,76.03,71.4,71.32
2023-12-12,73.32,73.24,68.76,68.61
2023-12-13,74.62,74.26,69.87,69.47
2023-12-14,76.6,76.61,71.65,71.58
2023-12-15,76.95,76.55,71.79,71.43
2023-12-18,78.04,77.95,72.56,72.47
2023-12-19,79.27,79.23,73.58,73.44
2023-12-20,79.15,79.7,73.82,74.22
2023-12-21,79.34,79.39,73.93,73.89
2023-12-22,79.19,79.07,73.49,73.56
2023-12-26,81.01,81.07,75.43,75.57
2023-12-27,79.34,79.65,73.82,74.11
2023-12-28,78.38,78.39,72.04,71.77
2023-12-29,77.08,77.04,71.33,71.65
2024-01-02,76.04,75.89,70.5,70.38
2024-01-03,78.44,78.25,73.02,72.7
2024-01-04,77.74,77.59,72.4,72.19
2024-01-05,78.9,78.76,73.95,73.81
2024-01-08,76.27,76.12,70.92,70.77
2024-01-09,77.49,77.59,72.23,72.24
2024-01-10,76.78,76.8,71.32,71.37
2024-01-11,78.48,77.41,72.85,72.02
2024-01-12,78.32,78.29,72.76,72.68
2024-01-15,78.64,78.15,,
2024-01-16,77.9,78.29,71.91,72.4
2024-01-17,78.11,77.88,72.84,72.56
2024-01-18,78.96,79.1,74.01,74.08
2024-01-19,78.63,78.56,73.71,73.41
2024-01-22,79.89,80.06,75.01,75.19
2024-01-23,79.73,79.55,74.51,74.37
2024-01-24,80.23,80.04,75.36,75.09
2024-01-25,82.36,82.43,77.1,77.36
2024-01-26,83.69,83.55,78.23,78.01
2024-01-29,82.46,82.4,76.98,76.78
2024-01-30,82.75,82.87,77.79,77.82
2024-01-31,81.71,81.71,75.85,75.85
2024-02-01,78.82,78.7,73.92,73.82
2024-02-02,77.67,77.33,72.41,72.28
2024-02-05,77.93,77.99,72.8,72.78
2024-02-06,78.77,78.59,73.45,73.31
2024-02-07,79.43,79.21,74.08,73.86
2024-02-08,81.75,81.63,76.46,76.22
2024-02-09,81.86,82.19,76.6,76.84
2024-02-12,82.08,82.0,76.94,76.92
2024-02-13,82.66,82.77,77.77,77.87
2024-02-14,81.44,81.6,76.56,76.64
2024-02-15,82.85,82.86,78.07,78.03
2024-02-16,83.58,83.47,79.22,79.19
2024-02-19,83.35,83.56,,
2024-02-20,82.56,82.34,78.27,78.18
2024-02-21,83.16,83.03,78.06,77.91
2024-02-22,83.42,83.67,78.34,78.61
2024-02-23,81.58,81.62,76.57,76.49
2024-02-26,82.58,82.53,77.6,77.58
2024-02-27,83.13,83.65,78.52,78.87
2024-02-28,83.4,83.68,78.29,78.54
2024-02-29,83.62,83.62,78.3,78.26
2024-03-01,83.46,83.55,79.81,79.97
2024-03-04,82.84,82.8,78.76,78.74
2024-03-05,82.08,82.04,78.14,78.15
2024-03-06,82.91,82.96,79.12,79.13
2024-03-07,83.36,82.96,79.46,78.93
2024-03-08,82.05,82.08,77.85,78.01
2024-03-11,82.45,82.21,78.14,77.93
2024-03-12,82.36,81.92,78.03,77.56
2024-03-13,83.95,84.03,79.6,79.72
2024-03-14,85.13,85.42,81.08,81.26
2024-03-15,85.35,85.34,81.0,81.04
2024-03-18,86.89,86.89,82.79,82.72
2024-03-19,87.23,87.38,83.2,83.47
2024-03-20,86.15,85.95,81.84,81.68
2024-03-21,85.58,85.78,80.82,81.07
2024-03-22,85.56,85.43,80.82,80.63
2024-03-25,86.68,86.75,82.0,81.95
2024-03-26,85.86,86.25,81.29,81.62
2024-03-27,86.34,86.09,81.71,81.35
2024-03-28,87.5,87.48,83.11,83.17
2024-04-01,87.81,87.42,83.99,83.71
2024-04-02,89.27,88.92,85.44,85.15
2024-04-03,89.56,89.35,85.65,85.43
2024-04-04,91.09,90.65,86.86,86.59
2024-04-05,90.86,91.17,86.73,86.91
2024-04-08,90.62,90.38,86.57,86.43
2024-04-09,89.59,89.42,85.34,85.23
2024-04-10,90.65,90.48,86.25,86.21
2024-04-11,90.2,89.74,85.59,85.02
2024-04-12,90.15,90.45,85.45,85.66
2024-04-15,90.41,90.1,85.65,85.41
2024-04-16,90.09,90.02,85.31,85.36
2024-04-17,87.42,87.29,82.86,82.69
2024-04-18,86.9,87.11,82.51,82.73
2024-04-19,87.39,87.29,83.24,83.14
2024-04-22,87.15,87.0,83.02,82.85
2024-04-23,88.45,88.42,83.4,83.36
2024-04-24,88.08,88.02,82.84,82.81
2024-04-25,89.3,89.01,83.77,83.57
2024-04-26,89.33,89.5,83.66,83.85
2024-04-29,88.52,88.4,82.73,82.63
2024-04-30,87.87,87.86,81.55,81.93
2024-05-01,83.58,83.44,79.13,79.0
2024-05-02,83.7,83.67,79.06,78.95
2024-05-03,82.78,82.96,77.99,78.11
2024-05-06,83.63,83.33,78.69,78.48
2024-05-07,82.98,83.16,78.37,78.38
2024-05-08,83.77,83.58,79.22,78.99
2024-05-09,84.1,83.88,79.57,79.26
2024-05-10,82.78,82.79,78.2,78.26
2024-05-13,83.45,83.36,79.2,79.12
2024-05-14,82.79,82.38,78.45,78.02
2024-05-15,82.9,82.75,78.87,78.63
2024-05-16,83.44,83.27,79.36,79.23
2024-05-17,84.0,83.98,80.0,80.06
2024-05-20,83.71,83.71,79.65,79.8
2024-05-21,82.53,82.88,79.06,79.26
2024-05-22,81.74,81.9,77.25,77.57
2024-05-23,81.51,81.36,76.98,76.87
2024-05-24,82.09,82.12,77.8,77.72
2024-05-27,83.04,83.1,,
2024-05-28,84.6,84.22,80.28,79.83
2024-05-29,83.53,83.6,79.28,79.23
2024-05-30,81.93,81.86,77.87,77.91
2024-05-31,81.63,81.62,77.18,76.99
2024-06-03,78.15,78.36,74.0,74.22
2024-06-04,77.13,77.52,72.92,73.25
2024-06-05,78.66,78.41,74.29,74.07
2024-06-06,80.02,79.87,75.67,75.55
2024-06-07,79.47,79.62,75.38,75.53
2024-06-10,81.96,81.63,78.23,77.74
2024-06-11,82.23,81.92,78.18,77.9
2024-06-12,82.52,82.6,78.32,78.5
2024-06-13,82.19,82.75,77.93,78.62
2024-06-14,82.67,82.62,78.49,78.45
2024-06-17,84.41,84.25,80.62,80.33
2024-06-18,85.35,85.33,81.55,81.57
2024-06-19,85.27,85.07,,
2024-06-20,85.71,85.71,82.34,82.17
2024-06-21,85.02,85.24,80.59,80.73
2024-06-24,86.12,86.01,81.75,81.63
2024-06-25,84.93,85.01,80.78,80.83
2024-06-26,85.25,85.25,80.88,80.9
2024-06-27,86.33,86.39,81.81,81.74
2024-06-28,86.4,86.41,81.46,81.54
2024-07-01,86.64,86.6,83.38,83.38
2024-07-02,86.6,86.24,83.17,82.81
2024-07-03,87.07,87.34,83.6,83.88
2024-07-04,87.55,87.43,,
2024-07-05,86.86,86.54,83.44,83.16
2024-07-08,85.69,85.75,82.22,82.33
2024-07-09,85.04,84.66,81.81,81.41
2024-07-10,85.45,85.08,82.41,82.1
2024-07-11,85.61,85.4,82.84,82.62
2024-07-12,85.27,85.03,82.18,82.21
2024-07-15,84.88,84.85,81.96,81.91
2024-07-16,83.85,83.73,80.82,80.76
2024-07-17,85.19,85.08,83.1,82.85
2024-07-18,84.86,85.11,82.4,82.82
2024-07-19,82.56,82.63,80.25,80.13
2024-07-22,82.26,82.4,79.95,79.78
2024-07-23,81.58,81.01,77.47,76.96
2024-07-24,81.5,81.71,77.5,77.59
2024-07-25,82.4,82.37,78.35,78.28
2024-07-26,80.55,81.13,76.44,77.16
2024-07-29,79.84,79.78,75.94,75.81
2024-07-30,79.11,78.63,75.28,74.73
2024-07-31,80.72,80.72,78.64,77.91
2024-08-01,80.04,79.52,76.93,76.31
2024-08-02,77.56,76.81,74.14,73.52
2024-08-05,77.25,76.3,73.92,72.94
2024-08-06,76.11,76.48,72.96,73.2
2024-08-07,78.55,78.33,75.47,75.23
2024-08-08,78.94,79.16,76.09,76.19
2024-08-09,79.46,79.66,76.98,76.84
2024-08-12,82.04,82.3,79.66,80.06
2024-08-13,80.97,80.69,78.66,78.35
2024-08-14,80.03,79.76,77.22,76.98
2024-08-15,80.97,81.04,78.09,78.16
2024-08-16,79.58,79.68,76.6,76.65
2024-08-19,77.73,77.66,74.44,74.37
2024-08-20,77.16,77.2,73.82,74.04
2024-08-21,76.07,76.05,71.94,71.93
2024-08-22,77.11,77.22,72.98,73.01
2024-08-23,79.02,79.02,74.96,74.83
2024-08-26,81.3,81.43,77.16,77.42
2024-08-27,79.85,79.55,75.76,75.53
2024-08-28,78.46,78.65,74.38,74.52
2024-08-29,79.96,79.94,76.02,75.91
2024-08-30,78.82,78.8,73.65,73.55
2024-09-02,77.28,77.52,,
2024-09-03,73.72,73.75,70.22,70.34
2024-09-04,72.78,72.7,69.25,69.2
2024-09-05,72.86,72.69,69.32,69.15
2024-09-06,71.47,71.06,68.16,67.67
2024-09-09,71.91,71.84,68.8,68.71
2024-09-10,69.71,69.19,66.31,65.75
2024-09-11,70.72,70.61,67.38,67.31
2024-09-12,72.23,71.97,69.18,68.97
2024-09-13,72.18,71.61,69.24,68.65
2024-09-16,73.0,72.75,70.5,70.09
2024-09-17,73.78,73.7,71.13,71.19
2024-09-18,72.8,73.65,70.16,70.91
2024-09-19,74.9,74.88,72.07,71.95
2024-09-20,74.72,74.49,71.77,71.92
2024-09-23,74.33,73.9,70.73,70.37
2024-09-24,75.13,75.17,71.54,71.56
2024-09-25,73.67,73.46,69.84,69.69
2024-09-26,71.42,71.6,67.46,67.67
2024-09-27,72.45,71.98,68.64,68.18
2024-09-30,71.76,71.77,68.29,68.17
2024-10-01,74.47,73.56,70.76,69.83
2024-10-02,74.66,73.9,71.01,70.1
2024-10-03,77.88,77.62,73.71,73.71
2024-10-04,78.14,78.05,74.45,74.38
2024-10-07,81.14,80.93,77.29,77.14
2024-10-08,77.44,77.18,73.9,73.57
2024-10-09,76.76,76.58,73.36,73.24
2024-10-10,79.3,79.4,75.59,75.85
2024-10-11,78.79,79.04,75.49,75.56
2024-10-14,75.19,77.46,71.86,73.83
2024-10-15,74.65,74.25,71.04,70.58
2024-10-16,74.45,74.22,70.71,70.39
2024-10-17,74.46,74.45,70.76,70.67
2024-10-18,73.17,73.06,69.34,69.22
2024-10-21,74.07,74.29,70.3,70.56
2024-10-22,75.64,76.04,72.24,72.09
2024-10-23,75.16,74.96,71.05,70.77
2024-10-24,74.54,74.38,70.33,70.19
2024-10-25,75.9,76.05,71.69,71.78
2024-10-28,72.07,71.42,68.01,67.38
2024-10-29,71.42,71.12,67.49,67.21
2024-10-30,73.03,72.55,69.07,68.61
2024-10-31,73.17,73.16,70.53,69.26
2024-11-01,72.94,73.1,69.33,69.49
2024-11-04,75.2,75.08,71.69,71.47
2024-11-05,75.54,75.53,72.0,71.99
2024-11-06,75.16,74.92,71.9,71.69
2024-11-07,75.57,75.63,72.19,72.36
2024-11-08,73.9,73.87,70.43,70.38
2024-11-11,71.9,71.83,68.15,68.04
2024-11-12,71.79,71.89,67.97,68.12
2024-11-13,72.03,72.28,68.04,68.43
2024-11-14,72.41,72.56,68.62,68.7
2024-11-15,71.05,71.04,66.95,67.02
2024-11-18,73.14,73.3,69.1,69.16
2024-11-19,73.3,73.31,69.5,69.39
2024-11-20,73.1,72.81,68.95,68.87
2024-11-21,74.37,74.23,70.13,70.1
2024-11-22,75.28,75.17,71.18,71.24
2024-11-25,73.1,73.01,69.08,68.94
2024-11-26,72.92,72.81,68.96,68.77
2024-11-27,72.96,72.83,68.77,68.72
2024-11-28,73.17,73.28,,
2024-11-29,72.94,72.94,68.15,68.0
2024-12-02,71.93,71.83,68.17,68.1
2024-12-03,73.69,73.62,69.97,69.94
2024-12-04,72.5,72.31,68.73,68.54
2024-12-05,72.17,72.09,68.45,68.3
2024-12-06,71.05,71.12,67.17,67.2
2024-12-09,71.9,72.14,68.16,68.37
2024-12-10,72.06,72.19,68.47,68.59
2024-12-11,73.64,73.52,70.38,70.29
2024-12-12,73.41,73.41,70.01,70.02
2024-12-13,74.35,74.49,71.09,71.29
2024-12-16,73.91,73.91,70.65,70.71
2024-12-17,73.32,73.19,70.26,70.08
2024-12-18,72.99,73.39,70.0,70.58
2024-12-19,72.67,72.88,69.85,69.91
2024-12-20,72.98,72.94,69.58,69.46
2024-12-23,72.96,72.63,69.55,69.24
2024-12-24,73.65,73.58,70.17,70.1
2024-12-26,73.29,73.26,69.64,69.62
2024-12-27,74.0,74.17,70.26,70.6
2024-12-30,74.39,74.39,71.13,70.99
2024-12-31,74.83,74.64,71.87,71.72
2025-01-02,75.95,75.93,73.12,73.13
2025-01-03,76.69,76.51,74.07,73.96
2025-01-06,76.26,76.3,73.43,73.56
2025-01-07,77.25,77.05,74.42,74.25
2025-01-08,76.22,76.16,73.32,73.32
2025-01-09,77.2,76.92,74.29,73.92
2025-01-10,79.79,79.76,76.57,76.57
2025-01-13,80.9,81.01,78.78,78.82
2025-01-14,80.32,79.92,78.09,77.5
2025-01-15,82.49,82.03,80.51,80.04
2025-01-16,81.36,81.29,78.77,78.68
2025-01-17,80.73,80.79,78.04,77.88
2025-01-20,79.79,80.15,,
2025-01-21,79.35,79.29,76.09,75.89
2025-01-22,78.97,79.0,75.41,75.44
2025-01-23,77.86,78.29,74.28,74.62
2025-01-24,78.43,78.5,74.6,74.66
2025-01-27,77.11,77.08,73.1,73.17
2025-01-28,77.63,77.49,73.98,73.77
2025-01-29,76.94,76.58,73.01,72.62
2025-01-30,77.05,76.87,73.25,72.73
2025-01-31,76.77,76.76,73.81,72.53
2025-02-03,75.5,75.96,72.33,73.16
2025-02-04,76.05,76.2,72.75,72.7
2025-02-05,74.69,74.61,71.14,71.03
2025-02-06,74.27,74.29,70.52,70.61
2025-02-07,74.69,74.66,71.06,71.0
2025-02-10,76.13,75.87,72.47,72.32
2025-02-11,76.82,77.0,73.19,73.32
2025-02-12,74.94,75.18,71.21,71.37
2025-02-13,75.32,75.02,71.51,71.29
2025-02-14,74.64,74.74,70.57,70.74
2025-02-17,75.32,75.22,,
2025-02-18,75.77,75.84,71.83,71.85
2025-02-19,76.13,76.04,72.18,72.25
2025-02-20,76.62,76.48,72.53,72.57
2025-02-21,74.25,74.43,70.25,70.4
2025-02-24,74.92,74.78,70.91,70.7
2025-02-25,73.09,73.02,69.12,68.93
2025-02-26,72.81,72.53,68.82,68.62
2025-02-27,73.88,74.04,70.13,70.35
2025-02-28,73.16,73.18,69.95,69.76
2025-03-03,71.49,71.62,68.47,68.37
2025-03-04,71.13,71.04,68.04,68.26
2025-03-05,69.36,69.3,66.39,66.31
2025-03-06,69.42,69.46,66.27,66.36
2025-03-07,70.45,70.36,67.05,67.04
2025-03-10,69.14,69.28,65.92,66.03
2025-03-11,69.92,69.56,66.62,66.25
2025-03-12,70.91,70.95,67.69,67.68
2025-03-13,70.15,69.88,66.76,66.55
2025-03-14,70.65,70.58,67.19,67.18
2025-03-17,70.93,71.07,67.48,67.58
2025-03-18,70.42,70.56,66.7,66.9
2025-03-19,70.86,70.78,67.19,67.16
2025-03-20,72.26,72.0,68.3,68.26
2025-03-21,72.11,72.16,68.29,68.28
2025-03-24,73.03,73.0,69.16,69.11
2025-03-25,73.17,73.02,69.2,69.0
2025-03-26,74.0,73.79,69.94,69.65
2025-03-27,74.05,74.03,69.91,69.92
2025-03-28,73.38,73.63,69.04,69.36
2025-03-31,74.74,74.74,71.4,71.48
2025-04-01,74.51,74.49,71.14,71.2
2025-04-02,73.37,74.95,70.73,71.71
2025-04-03,69.81,70.14,66.63,66.95
2025-04-04,66.06,65.58,62.32,61.99
2025-04-07,64.36,64.21,60.96,60.7
2025-04-08,61.62,62.82,58.23,59.58
2025-04-09,65.72,65.48,62.71,62.35
2025-04-10,63.4,63.33,60.23,60.07
2025-04-11,64.59,64.76,61.48,61.5
2025-04-14,64.82,64.88,61.56,61.53
2025-04-15,64.85,64.67,61.53,61.33
2025-04-16,66.06,65.85,62.6,62.47
2025-04-17,67.85,67.96,64.45,64.68
2025-04-21,66.47,66.26,63.38,63.08
2025-04-22,67.82,67.44,64.2,64.31
2025-04-23,66.14,66.12,62.28,62.27
2025-04-24,66.5,66.55,62.77,62.79
2025-04-25,66.91,66.87,63.17,63.02
2025-04-28,65.65,65.86,61.89,62.05
2025-04-29,64.05,64.25,60.14,60.42
2025-04-30,63.12,63.12,58.22,58.21
2025-05-01,61.87,62.13,58.98,59.24
2025-05-02,61.45,61.29,58.38,58.29
2025-05-05,60.25,60.23,57.23,57.13
2025-05-06,62.04,62.15,59.0,59.09
2025-05-07,60.95,61.12,57.95,58.07
2025-05-08,63.12,62.84,60.28,59.91
2025-05-09,63.88,63.91,61.06,61.02
2025-05-12,64.99,64.96,61.96,61.95
2025-05-13,66.6,66.63,63.63,63.67
2025-05-14,65.85,66.09,62.89,63.15
2025-05-15,64.62,64.53,61.69,61.62
2025-05-16,65.33,65.41,62.49,62.49
2025-05-19,65.48,65.54,62.71,62.69
2025-05-20,65.6,65.38,62.62,62.56
2025-05-21,64.58,64.91,61.34,61.57
2025-05-22,64.03,64.44,60.81,61.2
2025-05-23,65.03,64.78,61.76,61.53
2025-05-26,64.81,64.74,,
2025-05-27,64.29,64.09,61.07,60.89
2025-05-28,64.98,64.9,61.86,61.84
2025-05-29,64.13,64.15,60.92,60.94
2025-05-30,63.9,63.9,60.79,60.79
2025-06-02,65.12,64.63,63.04,62.52
2025-06-03,65.61,65.63,63.34,63.41
2025-06-04,64.91,64.86,62.74,62.85
2025-06-05,65.29,65.34,63.25,63.37
2025-06-06,66.65,66.47,64.77,64.58
2025-06-09,67.13,67.04,65.38,65.29
2025-06-10,66.6,66.87,64.74,64.98
2025-06-11,70.78,69.77,68.3,68.15
2025-06-12,70.34,69.36,68.86,68.04
2025-06-13,75.18,74.23,73.18,72.98
2025-06-16,72.5,73.23,71.48,71.77
2025-06-17,77.19,76.45,75.49,74.84
2025-06-18,76.08,76.7,74.87,75.14
2025-06-19,78.74,78.85,,
2025-06-20,77.32,77.01,75.0,74.93
2025-06-23,70.65,71.48,67.23,68.51
2025-06-24,67.82,67.14,65.01,64.37
2025-06-25,67.61,67.68,64.94,64.92
2025-06-26,67.82,67.73,65.22,65.24
2025-06-27,67.31,67.77,65.07,65.52
2025-06-30,67.63,67.61,64.97,65.11
2025-07-01,67.28,67.11,65.53,65.45
2025-07-02,69.15,69.11,67.53,67.45
2025-07-03,68.85,68.8,67.18,67.0
2025-07-04,68.51,68.3,,
2025-07-07,69.6,69.58,67.92,67.93
2025-07-08,70.03,70.15,68.18,68.33
2025-07-09,70.18,70.19,68.29,68.38
2025-07-10,68.88,68.64,66.87,66.57
2025-07-11,70.63,70.36,68.75,68.45
2025-07-14,69.14,69.21,66.83,66.98
2025-07-15,68.86,68.71,66.75,66.52
2025-07-16,68.71,68.52,66.64,66.38
2025-07-17,69.65,69.52,67.62,67.54
2025-07-18,69.23,69.28,67.3,67.34
2025-07-21,69.09,69.21,67.07,67.2
2025-07-22,68.67,68.59,66.36,66.21
2025-07-23,68.67,68.51,65.42,65.25
2025-07-24,69.36,69.18,66.16,66.03
2025-07-25,68.39,68.44,65.07,65.16
2025-07-28,70.4,70.04,66.98,66.71
2025-07-29,72.76,72.51,69.25,69.21
2025-07-30,73.47,73.24,70.3,70.0
2025-07-31,72.55,72.53,69.36,69.26
2025-08-01,69.52,69.67,67.26,67.33
2025-08-04,68.68,68.76,66.24,66.29
2025-08-05,67.68,67.64,65.17,65.16
2025-08-06,66.96,66.89,64.27,64.35
2025-08-07,66.41,66.43,63.82,63.88
2025-08-08,66.32,66.59,63.35,63.88
2025-08-11,66.71,66.63,64.0,63.96
2025-08-12,66.11,66.12,63.08,63.17
2025-08-13,65.74,65.63,62.74,62.65
2025-08-14,66.89,66.84,63.93,63.96
2025-08-15,66.13,65.85,63.14,62.8
2025-08-18,66.46,66.6,63.28,63.42
2025-08-19,65.95,65.79,62.51,62.35
2025-08-20,67.04,66.84,63.14,63.21
2025-08-21,67.67,67.67,63.48,63.52
2025-08-22,67.79,67.73,63.77,63.66
2025-08-25,68.74,68.8,64.74,64.8
2025-08-26,67.25,67.22,63.31,63.25
2025-08-27,67.8,68.05,63.86,64.15
2025-08-28,68.27,68.62,64.32,64.6
2025-08-29,68.12,68.12,64.01,64.01
2025-09-01,68.16,68.15,,
2025-09-02,69.07,69.14,65.62,65.59
2025-09-03,67.39,67.6,63.77,63.97
2025-09-04,66.88,66.99,63.34,63.48
2025-09-05,65.67,65.5,61.97,61.87
2025-09-08,66.24,66.02,62.46,62.26
2025-09-09,66.53,66.39,62.77,62.63
2025-09-10,67.6,67.49,63.75,63.67
2025-09-11,66.31,66.37,62.24,62.37
2025-09-12,66.88,66.99,62.6,62.69
2025-09-15,67.47,67.44,63.28,63.3
2025-09-16,68.49,68.47,64.55,64.52
2025-09-17,67.91,67.95,63.97,64.05
2025-09-18,67.52,67.44,63.64,63.57
2025-09-19,66.66,66.68,62.72,62.68
2025-09-22,66.56,66.57,62.64,62.64
2025-09-23,67.79,67.63,63.65,63.41
2025-09-24,69.07,69.31,64.81,64.99
2025-09-25,69.64,69.42,65.22,64.98
2025-09-26,69.75,70.13,65.19,65.72
2025-09-29,67.65,67.97,63.18,63.45
2025-09-30,67.06,67.02,62.43,62.37
2025-10-01,65.42,65.35,61.8,61.78
2025-10-02,64.32,64.11,60.68,60.48
2025-10-03,64.36,64.53,60.69,60.88
2025-10-06,65.52,65.47,61.72,61.69
2025-10-07,65.73,65.45,62.04,61.73
2025-10-08,66.08,66.25,62.3,62.55
2025-10-09,65.23,65.22,61.52,61.51
2025-10-10,62.09,62.73,58.24,58.9
2025-10-13,63.39,63.32,59.56,59.49
2025-10-14,62.28,62.39,58.59,58.7
2025-10-15,62.47,61.91,58.75,58.27
2025-10-16,61.02,61.06,57.42,57.46
2025-10-17,61.34,61.29,57.64,57.54
2025-10-20,60.94,61.01,57.4,57.52
2025-10-21,61.66,61.32,57.86,57.82
2025-10-22,64.35,62.59,59.38,58.5
2025-10-23,65.96,65.99,61.75,61.79
2025-10-24,65.69,65.94,61.44,61.5
2025-10-27,65.75,65.62,61.55,61.31
2025-10-28,64.46,64.4,60.18,60.15
2025-10-29,64.9,64.92,60.36,60.48
2025-10-30,64.72,65.0,60.29,60.57
2025-10-31,65.07,65.07,60.88,60.98
2025-11-03,64.84,64.89,61.02,61.05
2025-11-04,64.35,64.44,60.43,60.56
2025-11-05,63.55,63.52,59.64,59.6
2025-11-06,63.57,63.38,59.53,59.43
2025-11-07,63.7,63.63,59.84,59.75
2025-11-10,63.94,64.06,60.05,60.13
2025-11-11,65.09,65.16,61.04,61.04
2025-11-12,62.68,62.71,58.48,58.49
2025-11-13,63.11,63.01,58.6,58.69
2025-11-14,64.29,64.39,59.95,60.09
2025-11-17,64.03,64.2,59.72,59.91
2025-11-18,64.82,64.89,60.67,60.74
2025-11-19,63.66,63.51,59.58,59.44
2025-11-20,63.19,63.38,59.27,59.14
2025-11-21,62.51,62.56,57.98,58.06
2025-11-24,63.37,63.37,58.89,58.84
2025-11-25,62.64,62.48,58.11,57.95
2025-11-26,63.07,63.13,58.55,58.65
2025-11-27,63.39,63.34,,
2025-11-28,63.19,63.2,58.48,58.55
2025-12-01,63.33,63.17,59.51,59.32
2025-12-02,62.39,62.45,58.59,58.64
2025-12-03,62.75,62.67,59.11,58.95
2025-12-04,63.37,63.26,59.7,59.67
2025-12-05,63.86,63.75,60.14,60.08
2025-12-08,62.53,62.49,58.85,58.88
2025-12-09,62.12,61.94,58.39,58.25
2025-12-10,62.52,62.21,58.96,58.46
2025-12-11,61.55,61.28,57.92,57.6
2025-12-12,61.22,61.12,57.53,57.44
2025-12-15,60.36,60.56,56.68,56.82
2025-12-16,58.84,58.92,55.17,55.27
2025-12-17,60.66,59.68,56.9,55.94
2025-12-18,59.71,59.82,56.02,56.15
2025-12-19,60.55,60.47,56.65,56.66
2025-12-22,62.05,62.07,57.95,58.01
2025-12-23,62.45,62.38,58.47,58.38
2025-12-24,62.28,62.24,58.4,58.35
2025-12-26,60.8,60.64,56.93,56.74
2025-12-29,61.75,61.94,57.83,58.08
2025-12-30,61.88,61.92,57.95,57.95
2025-12-31,60.91,60.85,57.41,57.42
2026-01-02,60.8,60.75,57.33,57.32
2026-01-05,61.77,61.76,58.35,58.32
2026-01-06,60.51,60.7,56.97,57.13
2026-01-07,60.39,59.96,56.4,55.99
2026-01-08,62.7,61.99,58.4,57.76
2026-01-09,63.02,63.34,58.78,59.12
2026-01-12,64.3,63.87,59.84,59.5
2026-01-13,65.46,65.47,61.1,61.15
2026-01-14,65.39,66.52,61.05,62.02
2026-01-15,63.87,63.76,59.28,59.19
2026-01-16,64.2,64.13,59.3,59.44
2026-01-19,64.18,63.94,,
2026-01-20,64.0,64.92,60.53,60.34
2026-01-21,65.32,65.24,60.67,60.62
2026-01-22,64.4,64.06,59.67,59.36
2026-01-23,66.29,65.88,61.28,61.07
2026-01-26,65.69,65.59,60.83,60.63
2026-01-27,67.7,67.57,62.57,62.39
2026-01-28,68.74,68.4,63.5,63.21
2026-01-29,70.86,70.71,65.51,65.42
2026-01-30,70.7,70.69,65.74,65.21
2026-02-02,66.31,66.3,62.33,62.14
2026-02-03,67.82,67.33,63.9,63.21
2026-02-04,68.95,69.46,64.47,65.14
2026-02-05,67.32,67.55,63.12,63.29
2026-02-06,68.1,68.05,63.5,63.55
2026-02-09,69.14,69.04,64.42,64.36
2026-02-10,69.08,68.8,64.2,63.96
2026-02-11,69.63,69.4,64.89,64.63
2026-02-12,67.55,67.52,62.91,62.84
2026-02-13,67.73,67.75,62.81,62.89
2026-02-16,68.58,68.65,,
2026-02-17,67.36,67.42,62.3,62.33
2026-02-18,70.32,70.35,65.08,65.19
2026-02-19,71.94,71.66,66.78,66.43
2026-02-20,71.68,71.76,66.49,66.39
2026-02-23,71.5,71.49,66.29,66.31
2026-02-24,71.21,70.77,66.08,65.63
2026-02-25,70.97,70.85,65.57,65.42
2026-02-26,70.91,70.75,65.47,65.21
2026-02-27,72.52,72.48,67.29,67.02
2026-03-02,78.07,77.74,71.03,71.23
2026-03-03,81.96,81.4,74.8,74.56
2026-03-04,82.58,81.4,76.11,74.66
2026-03-05,84.31,85.41,78.87,81.01
2026-03-06,93.32,92.69,91.27,90.9
2026-03-09,89.79,98.96,85.08,94.77
2026-03-10,91.4,87.8,86.39,83.45
2026-03-11,93.63,91.98,88.41,87.25
2026-03-12,101.75,100.46,96.39,95.73
2026-03-13,103.89,103.14,99.31,98.71
2026-03-16,101.02,100.21,94.22,93.5
2026-03-17,103.5,103.42,96.02,96.21
2026-03-18,109.65,107.38,99.82,96.32
